CustomerID,Age,Gender,Location,Tenure,ContractType,CustomerSince,MonthlyUsageHours,NumTransactions,LoginsPerMonth,CallMinutes,DataUsageGB,MonthlyCharges,TotalCharges,Revenue,DiscountsReceived,SupportCallsCount,ComplaintsCount,SatisfactionScore,ServiceOutagesReported,CLV,Churn
CUST-1000,56,Female,Rural,13,One-Year,2025-08-02,132.3,5,20,404.7,7.9,83.59,1131.69,1131.69,15.29,1,0,5,0,2006.16,0
CUST-1001,69,Male,Urban,72,Month-to-Month,2020-09-04,106.1,7,14,416.0,84.4,108.86,8000.22,8000.22,5.72,1,0,3,1,1567.58,0
CUST-1002,46,Male,Urban,41,Month-to-Month,2023-04-04,113.7,5,24,309.8,2.0,58.77,2309.32,2309.32,40.61,0,0,4,0,1128.38,0
CUST-1003,32,Female,Rural,3,Month-to-Month,2026-06-02,54.4,5,9,356.9,2.3,116.82,339.06,339.06,35.5,4,0,4,1,2242.94,1
CUST-1004,60,Male,Suburban,2,Month-to-Month,2026-07-03,108.6,2,13,622.3,132.7,53.94,108.99,108.99,10.72,2,0,4,1,1035.65,0
CUST-1005,25,Female,Suburban,7,Month-to-Month,2026-02-01,112.1,6,13,679.1,56.4,79.22,577.19,577.19,85.22,2,0,4,1,1521.02,0
CUST-1006,38,Female,Suburban,43,One-Year,2023-02-02,65.5,2,13,420.4,11.6,90.65,3737.2,3737.2,15.49,2,2,3,0,1044.29,0
CUST-1007,56,Male,Urban,7,Month-to-Month,2026-02-01,108.4,1,22,253.8,59.8,125.94,875.7,875.7,59.1,0,1,4,1,2176.24,1
CUST-1008,36,Male,Urban,24,Month-to-Month,2024-09-02,80.9,6,19,269.1,30.0,129.76,3020.82,3020.82,4.84,1,2,3,1,1494.84,1
CUST-1009,40,Female,Suburban,4,One-Year,2026-05-03,66.5,7,17,223.1,20.4,56.17,217.5,217.5,11.83,0,1,4,0,970.62,0
CUST-1010,28,Female,Urban,72,Month-to-Month,2020-09-04,79.1,3,20,611.5,108.4,68.98,5080.83,5080.83,33.36,4,0,4,1,1324.42,0
CUST-1011,28,Female,Urban,14,One-Year,2025-07-03,90.0,7,20,480.8,42.2,73.68,1065.2,1065.2,9.69,0,1,4,0,1273.19,0
CUST-1012,41,Female,Suburban,72,Month-to-Month,2020-09-04,75.9,4,17,415.0,22.6,77.56,5819.5,5819.5,109.72,1,0,3,0,1116.86,1
CUST-1013,70,Male,Suburban,72,Month-to-Month,2020-09-04,61.2,5,16,609.8,187.0,150.62,11044.17,11044.17,28.07,2,0,3,0,2168.93,1
CUST-1014,53,Female,Urban,1,Two-Year,2026-08-02,96.8,7,23,523.9,11.7,27.63,26.43,26.43,46.02,1,1,3,1,358.08,0
CUST-1015,57,Female,Suburban,21,One-Year,2024-12-02,101.8,4,20,20.0,10.0,105.26,2178.87,2178.87,28.85,0,1,3,0,1364.17,0
CUST-1016,41,Female,Suburban,1,Month-to-Month,2026-08-02,89.4,5,13,320.3,6.7,51.3,51.0,51.0,18.28,3,1,3,2,664.85,1
CUST-1017,20,Male,Suburban,72,Month-to-Month,2020-09-04,36.5,9,23,442.3,8.6,127.77,8993.27,8993.27,60.44,1,0,5,1,3066.48,0
CUST-1018,39,Female,Urban,24,Two-Year,2024-09-02,67.5,7,23,769.0,18.9,64.34,1550.32,1550.32,0.8,4,0,3,0,926.5,0
CUST-1019,70,Female,Urban,3,Month-to-Month,2026-06-02,59.7,3,23,746.5,77.9,98.51,287.63,287.63,19.48,0,0,4,0,1891.39,0
CUST-1020,19,Male,Urban,4,Month-to-Month,2026-05-03,136.9,5,19,53.6,72.4,73.7,306.58,306.58,74.54,5,1,1,0,318.38,1
CUST-1021,41,Male,Urban,16,One-Year,2025-05-03,88.5,6,16,221.2,93.7,87.96,1357.19,1357.19,3.11,2,1,3,1,1139.96,0
CUST-1022,61,Female,Urban,72,One-Year,2020-09-04,76.6,6,17,476.1,55.7,93.41,6675.79,6675.79,8.14,0,0,4,1,1793.47,0
CUST-1023,47,Male,Urban,39,One-Year,2023-06-04,68.2,2,17,563.4,44.1,117.58,4413.59,4413.59,113.21,0,0,4,0,2257.54,0
CUST-1024,55,Male,Urban,67,One-Year,2021-02-03,81.3,5,12,331.5,36.8,44.4,2932.63,2932.63,111.77,0,0,4,0,852.48,0
CUST-1025,19,Male,Rural,15,One-Year,2025-06-02,107.5,4,17,543.2,135.0,85.75,1284.29,1284.29,16.99,3,1,2,0,740.88,1
CUST-1026,38,Female,Urban,2,One-Year,2026-07-03,30.1,12,10,330.5,27.4,102.66,206.43,206.43,48.84,2,1,2,0,886.98,1
CUST-1027,50,Female,Suburban,72,One-Year,2020-09-04,91.9,5,15,343.4,144.4,114.37,8095.88,8095.88,34.4,3,0,3,1,1646.93,0
CUST-1028,29,Female,Suburban,1,Month-to-Month,2026-08-02,69.9,7,18,249.3,21.0,117.94,121.59,121.59,23.77,3,0,4,0,2264.45,1
CUST-1029,39,Male,Urban,72,Month-to-Month,2020-09-04,97.9,4,21,203.8,11.1,128.91,9295.83,9295.83,58.86,0,1,4,1,2227.56,0
CUST-1030,61,Female,Rural,16,One-Year,2025-05-03,109.0,5,21,359.0,19.1,38.69,649.52,649.52,36.83,0,0,4,0,742.85,0
CUST-1031,42,Female,Suburban,1,Two-Year,2026-08-02,64.1,2,23,653.4,44.9,113.83,109.54,109.54,3.34,1,1,3,0,1475.24,0
CUST-1032,66,Female,Urban,39,Month-to-Month,2023-06-04,43.9,6,28,536.6,169.1,83.03,3135.7,3135.7,64.06,2,0,4,1,1594.18,0
CUST-1033,44,Female,Suburban,72,Month-to-Month,2020-09-04,75.9,2,26,498.7,12.7,82.26,6101.46,6101.46,11.23,1,1,4,0,1421.45,0
CUST-1034,59,Male,Urban,72,Two-Year,2020-09-04,123.6,7,14,398.8,56.4,105.65,7648.08,7648.08,35.08,0,0,4,2,2028.48,0
CUST-1035,45,Female,Suburban,6,One-Year,2026-03-03,110.1,7,17,526.1,16.0,44.71,264.5,264.5,52.28,1,1,3,2,579.44,0
CUST-1036,33,Male,Urban,7,Month-to-Month,2026-02-01,73.7,3,15,364.7,73.6,75.9,526.54,526.54,79.78,1,0,4,0,1457.28,0
CUST-1037,32,Female,Suburban,28,One-Year,2024-05-03,66.0,6,12,305.7,40.7,143.35,4039.4,4039.4,90.78,2,2,3,0,1651.39,1
CUST-1038,64,Male,Urban,34,Two-Year,2023-11-03,68.2,6,19,545.6,86.0,53.57,1745.93,1745.93,91.03,2,1,2,2,462.84,1
CUST-1039,68,Male,Suburban,45,One-Year,2022-12-03,46.1,2,21,347.8,126.0,53.49,2470.87,2470.87,37.47,1,0,4,2,1027.01,0
CUST-1040,61,Male,Urban,7,One-Year,2026-02-01,108.5,3,25,257.8,26.5,125.21,872.01,872.01,34.25,1,0,4,0,2404.03,0
CUST-1041,69,Female,Suburban,72,Month-to-Month,2020-09-04,114.0,1,17,527.7,180.9,101.66,7255.48,7255.48,0.52,2,2,3,0,1171.12,1
CUST-1042,20,Male,Suburban,34,Two-Year,2023-11-03,73.4,8,12,205.6,41.1,108.76,3798.86,3798.86,3.09,2,0,3,1,1566.14,0
CUST-1043,54,Female,Urban,62,Month-to-Month,2021-07-05,70.0,3,13,520.0,179.3,87.06,5435.07,5435.07,17.45,2,2,3,0,1002.93,0
CUST-1044,68,Male,Suburban,26,Two-Year,2024-07-03,64.1,9,11,523.1,17.0,50.38,1343.17,1343.17,55.1,1,0,4,0,967.3,0
CUST-1045,24,Male,Urban,18,Month-to-Month,2025-03-03,71.5,5,26,218.4,147.8,71.6,1344.04,1344.04,31.38,3,1,3,0,927.94,1
CUST-1046,38,Female,Rural,72,Month-to-Month,2020-09-04,62.9,9,14,230.6,26.4,51.45,3869.56,3869.56,9.39,3,0,4,0,987.84,0
CUST-1047,26,Male,Urban,29,Month-to-Month,2024-04-03,80.3,12,12,684.9,90.3,66.95,1927.82,1927.82,4.59,4,1,2,0,578.45,1
CUST-1048,56,Male,Suburban,67,Month-to-Month,2021-02-03,108.6,11,22,562.0,224.1,84.06,5389.57,5389.57,22.1,1,1,3,0,1089.42,0
CUST-1049,35,Female,Suburban,72,One-Year,2020-09-04,105.5,7,20,537.5,158.1,142.29,9745.43,9745.43,85.44,2,0,4,0,2731.97,0
CUST-1050,21,Male,Urban,37,Two-Year,2023-08-04,59.8,5,15,488.9,40.5,92.4,3488.96,3488.96,1.91,0,1,3,0,1197.5,0
CUST-1051,42,Male,Urban,27,One-Year,2024-06-03,89.6,8,15,578.6,27.5,63.22,1635.51,1635.51,21.74,1,3,2,2,424.84,1
CUST-1052,31,Male,Urban,1,Two-Year,2026-08-02,104.4,7,15,578.6,61.6,73.93,73.12,73.12,2.13,2,0,4,0,1419.46,0
CUST-1053,67,Female,Suburban,2,Month-to-Month,2026-07-03,56.8,5,21,305.1,79.5,147.08,298.93,298.93,10.07,2,0,4,0,2823.94,1
CUST-1054,26,Female,Urban,8,One-Year,2026-01-01,89.2,7,25,415.8,50.5,53.72,451.18,451.18,107.62,0,2,3,2,618.85,0
CUST-1055,43,Female,Urban,7,Two-Year,2026-02-01,121.4,4,19,371.1,122.7,145.38,989.48,989.48,3.87,0,0,4,0,2791.3,0
CUST-1056,70,Female,Suburban,10,One-Year,2025-11-01,77.7,6,24,553.2,3.9,110.32,1049.11,1049.11,1.83,4,0,2,1,1059.07,1
CUST-1057,19,Male,Urban,12,Month-to-Month,2025-09-02,24.5,5,13,480.4,59.5,104.47,1196.13,1196.13,3.19,2,1,3,2,1353.93,1
CUST-1058,37,Male,Suburban,15,One-Year,2025-06-02,9.5,3,23,677.7,48.4,104.03,1517.27,1517.27,41.18,2,0,4,0,1997.38,0
CUST-1059,45,Female,Urban,18,One-Year,2025-03-03,94.3,11,26,500.2,2.6,74.03,1398.24,1398.24,0.43,2,0,3,0,1066.03,0
CUST-1060,64,Male,Urban,4,Month-to-Month,2026-05-03,88.2,6,15,456.6,2.0,75.77,290.26,290.26,17.51,1,2,3,1,872.87,1
CUST-1061,24,Male,Suburban,2,One-Year,2026-07-03,90.6,11,17,596.9,60.6,125.63,257.52,257.52,107.27,1,1,3,0,1628.16,1
CUST-1062,61,Male,Urban,37,Two-Year,2023-08-04,99.7,5,19,598.6,8.2,119.47,4265.65,4265.65,2.5,3,0,2,0,1146.91,0
CUST-1063,25,Male,Urban,26,Month-to-Month,2024-07-03,40.6,5,17,670.1,95.1,104.95,2647.87,2647.87,94.12,1,1,4,1,1813.54,0
CUST-1064,64,Female,Rural,20,One-Year,2025-01-01,60.8,6,16,486.8,193.8,142.45,2731.03,2731.03,4.38,4,0,3,0,2051.28,1
CUST-1065,52,Male,Urban,34,One-Year,2023-11-03,97.7,6,19,819.8,12.7,120.06,3971.05,3971.05,4.79,2,2,3,1,1383.09,1
CUST-1066,31,Female,Rural,58,One-Year,2021-11-03,107.1,11,22,616.5,104.2,78.82,4395.79,4395.79,32.5,1,0,4,0,1513.34,0
CUST-1067,34,Male,Rural,19,Month-to-Month,2025-02-01,77.3,7,15,827.2,58.2,105.41,1906.14,1906.14,9.79,2,1,3,0,1366.11,1
CUST-1068,53,Female,Urban,34,Two-Year,2023-11-03,42.0,7,27,465.4,38.6,80.91,2833.1,2833.1,0.11,1,1,3,1,1048.59,0
CUST-1069,67,Male,Urban,72,Month-to-Month,2020-09-04,95.2,11,22,858.4,68.3,46.53,3246.47,3246.47,48.45,1,1,3,0,603.03,0
CUST-1070,57,Male,Suburban,61,Month-to-Month,2021-08-04,86.5,10,19,578.7,105.4,115.38,6769.75,6769.75,16.22,3,1,2,0,996.88,1
CUST-1071,21,Female,Urban,19,Two-Year,2025-02-01,53.3,7,17,265.5,229.3,126.96,2357.29,2357.29,83.56,0,0,4,0,2437.63,0
CUST-1072,19,Female,Urban,34,One-Year,2023-11-03,25.5,3,25,278.6,70.2,47.33,1650.06,1650.06,11.4,1,1,3,0,613.4,0
CUST-1073,23,Male,Suburban,7,Two-Year,2026-02-01,102.1,4,19,396.6,89.3,46.54,316.81,316.81,38.73,1,0,4,2,893.57,0
CUST-1074,71,Male,Urban,27,Month-to-Month,2024-06-03,66.5,7,18,394.5,60.8,62.83,1703.52,1703.52,13.83,5,0,3,0,904.75,1
CUST-1075,59,Male,Rural,72,Month-to-Month,2020-09-04,90.6,10,16,511.2,54.1,128.96,9022.38,9022.38,5.62,3,0,4,0,2476.03,0
CUST-1076,21,Male,Urban,24,Two-Year,2024-09-02,89.5,5,11,766.5,4.4,32.98,782.58,782.58,128.88,3,0,3,0,474.91,0
CUST-1077,71,Male,Urban,72,Month-to-Month,2020-09-04,50.6,5,23,508.3,11.0,79.59,5742.71,5742.71,31.05,1,0,4,1,1528.13,0
CUST-1078,46,Male,Urban,18,One-Year,2025-03-03,97.5,10,11,268.8,31.0,50.24,927.64,927.64,64.08,2,0,3,3,723.46,0
CUST-1079,35,Male,Rural,72,One-Year,2020-09-04,59.2,6,19,528.9,68.1,64.38,4534.17,4534.17,10.08,2,0,5,0,1545.12,0
CUST-1080,43,Male,Suburban,29,One-Year,2024-04-03,40.1,6,10,377.6,5.1,114.31,3297.25,3297.25,17.48,2,0,3,0,1646.06,0
CUST-1081,61,Female,Suburban,2,Month-to-Month,2026-07-03,36.3,12,14,386.9,51.1,130.48,264.69,264.69,22.68,4,2,2,0,1002.09,1
CUST-1082,51,Female,Urban,30,One-Year,2024-03-03,84.9,4,18,416.5,2.0,92.03,2698.85,2698.85,34.76,1,4,1,0,265.05,0
CUST-1083,27,Female,Urban,11,Two-Year,2025-10-02,132.8,6,14,383.9,94.4,138.44,1480.21,1480.21,17.58,3,0,3,2,1993.54,1
CUST-1084,53,Male,Urban,2,Month-to-Month,2026-07-03,86.2,7,15,216.8,71.5,134.26,270.37,270.37,9.95,1,1,4,0,2320.01,1
CUST-1085,31,Male,Urban,57,Month-to-Month,2021-12-04,138.5,6,20,467.2,47.8,57.64,3434.11,3434.11,7.37,0,0,4,0,1106.69,0
CUST-1086,48,Female,Suburban,11,Month-to-Month,2025-10-02,128.5,7,14,763.3,55.0,107.43,1230.19,1230.19,32.01,1,1,3,1,1392.29,1
CUST-1087,65,Male,Suburban,53,Month-to-Month,2022-04-04,100.5,4,18,594.1,175.5,140.83,7538.9,7538.9,9.96,7,0,2,0,1351.97,1
CUST-1088,32,Male,Urban,12,Two-Year,2025-09-02,132.2,6,17,235.9,154.2,112.65,1341.26,1341.26,17.68,2,1,2,0,973.3,1
CUST-1089,25,Female,Rural,8,Two-Year,2026-01-01,128.8,3,17,20.0,102.3,133.01,1071.08,1071.08,1.24,1,2,3,1,1532.28,1
CUST-1090,31,Female,Urban,72,Two-Year,2020-09-04,120.4,4,18,509.4,26.6,101.31,7514.61,7514.61,10.37,1,5,1,1,243.14,1
CUST-1091,40,Female,Rural,15,One-Year,2025-06-02,28.5,3,13,554.1,7.4,58.82,846.38,846.38,23.09,1,1,3,0,762.31,0
CUST-1092,57,Male,Urban,31,One-Year,2024-02-02,77.9,5,15,553.6,25.2,107.62,3430.03,3430.03,55.65,0,0,4,1,2066.3,0
CUST-1093,38,Male,Urban,31,Month-to-Month,2024-02-02,64.2,4,21,470.3,90.6,106.21,3344.54,3344.54,16.34,2,3,1,0,356.87,1
CUST-1094,33,Female,Urban,27,One-Year,2024-06-03,120.1,5,18,263.6,61.4,106.08,2798.01,2798.01,12.24,2,0,3,2,1527.55,1
CUST-1095,62,Male,Urban,72,One-Year,2020-09-04,75.8,4,18,749.3,79.5,47.88,3576.99,3576.99,25.4,4,1,2,1,413.68,1
CUST-1096,35,Female,Suburban,37,Two-Year,2023-08-04,137.6,6,18,427.4,7.2,40.54,1436.97,1436.97,1.79,3,0,3,2,583.78,0
CUST-1097,64,Female,Urban,17,Two-Year,2025-04-03,88.0,7,23,356.5,11.2,120.37,2131.96,2131.96,15.29,3,0,3,1,1733.33,0
CUST-1098,70,Female,Urban,66,Two-Year,2021-03-05,84.2,8,27,538.9,71.0,85.24,5562.79,5562.79,5.09,1,2,3,1,981.96,0
CUST-1099,41,Male,Suburban,7,Two-Year,2026-02-01,73.6,5,13,359.2,30.2,54.29,391.82,391.82,10.23,3,3,2,2,364.83,1
CUST-1100,43,Male,Suburban,26,Two-Year,2024-07-03,79.5,7,20,246.1,29.9,40.15,1007.83,1007.83,17.34,1,1,3,1,520.34,0
CUST-1101,42,Female,Suburban,72,Month-to-Month,2020-09-04,93.1,7,19,362.3,32.4,60.1,4356.42,4356.42,2.09,1,0,4,0,1153.92,0
CUST-1102,62,Female,Urban,33,Two-Year,2023-12-03,83.0,8,15,493.6,103.3,74.44,2341.91,2341.91,55.85,5,0,2,0,714.62,0
CUST-1103,58,Female,Suburban,56,One-Year,2022-01-03,71.1,10,11,685.6,78.1,149.75,8200.44,8200.44,11.24,2,0,3,1,2156.4,0
CUST-1104,46,Male,Suburban,35,Month-to-Month,2023-10-03,72.8,4,17,125.2,7.3,122.06,4412.93,4412.93,9.28,2,1,4,0,2109.2,1
CUST-1105,32,Male,Urban,61,Month-to-Month,2021-08-04,139.6,5,19,526.3,27.4,38.14,2315.92,2315.92,14.73,1,1,3,0,494.29,0
CUST-1106,62,Female,Urban,72,One-Year,2020-09-04,144.9,4,11,601.4,72.8,122.0,8924.11,8924.11,16.05,4,4,1,0,351.36,1
CUST-1107,18,Female,Urban,11,Month-to-Month,2025-10-02,70.9,3,18,523.3,242.8,126.27,1431.64,1431.64,58.63,1,1,3,1,1636.46,1
CUST-1108,42,Female,Urban,7,Month-to-Month,2026-02-01,110.5,4,20,564.3,158.2,75.0,526.59,526.59,11.73,5,0,3,0,1080.0,1
CUST-1109,24,Male,Urban,22,One-Year,2024-11-02,60.2,6,17,704.4,18.5,113.64,2521.54,2521.54,21.6,2,0,3,2,1636.42,1
CUST-1110,26,Female,Urban,40,Two-Year,2023-05-04,75.2,6,20,619.6,4.4,29.14,1196.64,1196.64,24.13,0,1,4,1,503.54,0
CUST-1111,41,Female,Suburban,9,One-Year,2025-12-02,52.4,5,13,378.5,55.4,117.43,1016.76,1016.76,12.77,2,0,3,0,1690.99,0
CUST-1112,18,Female,Suburban,1,Month-to-Month,2026-08-02,115.6,6,20,622.2,33.9,133.04,127.34,127.34,53.53,1,0,3,0,1915.78,1
CUST-1113,61,Male,Rural,14,Month-to-Month,2025-07-03,99.5,8,21,479.2,13.2,128.48,1820.65,1820.65,34.23,1,0,3,1,1850.11,1
CUST-1114,25,Male,Suburban,72,Month-to-Month,2020-09-04,105.3,9,25,591.1,68.5,124.1,9359.68,9359.68,44.68,3,1,2,0,1072.22,1
CUST-1115,41,Female,Urban,39,Month-to-Month,2023-06-04,111.6,6,15,225.1,11.4,134.2,5309.56,5309.56,1.96,3,0,2,0,1288.32,1
CUST-1116,28,Male,Rural,17,Month-to-Month,2025-04-03,58.9,6,16,418.6,28.1,110.57,1918.24,1918.24,59.92,1,0,4,1,2122.94,0
CUST-1117,68,Male,Rural,8,Two-Year,2026-01-01,75.3,7,16,558.6,102.9,119.4,970.34,970.34,9.62,2,0,4,1,2292.48,1
CUST-1118,34,Female,Urban,15,One-Year,2025-06-02,98.4,2,14,427.2,74.9,39.25,594.97,594.97,3.37,1,0,4,0,753.6,0
CUST-1119,25,Male,Suburban,7,Month-to-Month,2026-02-01,74.6,7,16,545.9,60.7,54.14,367.52,367.52,37.87,0,1,4,0,935.54,0
CUST-1120,52,Female,Rural,4,Month-to-Month,2026-05-03,87.1,7,22,691.7,173.6,140.91,582.82,582.82,8.61,0,1,4,0,2434.92,0
CUST-1121,52,Male,Urban,72,Month-to-Month,2020-09-04,61.0,5,18,400.9,8.7,141.02,10231.03,10231.03,18.26,1,0,3,0,2030.69,0
CUST-1122,50,Female,Rural,72,Month-to-Month,2020-09-04,124.9,3,18,609.3,76.3,119.24,8995.97,8995.97,43.07,0,1,4,1,2060.47,0
CUST-1123,22,Female,Urban,6,Month-to-Month,2026-03-03,113.2,6,17,264.9,8.1,92.9,533.38,533.38,3.79,2,1,2,1,802.66,0
CUST-1124,59,Male,Urban,2,Two-Year,2026-07-03,122.1,8,15,586.7,9.5,47.52,93.12,93.12,4.78,2,0,3,0,684.29,0
CUST-1125,56,Male,Urban,14,Month-to-Month,2025-07-03,104.8,8,26,156.2,45.9,140.89,1893.44,1893.44,38.27,2,0,3,0,2028.82,1
CUST-1126,58,Male,Suburban,21,Month-to-Month,2024-12-02,52.2,8,18,485.4,2.0,100.02,2175.86,2175.86,20.9,2,1,3,0,1296.26,1
CUST-1127,45,Male,Suburban,8,Month-to-Month,2026-01-01,70.6,3,22,479.7,45.2,88.02,726.54,726.54,8.75,3,1,3,1,1140.74,1
CUST-1128,24,Female,Rural,12,One-Year,2025-09-02,63.9,3,21,759.8,2.0,124.36,1533.07,1533.07,25.38,2,0,3,0,1790.78,0
CUST-1129,26,Female,Urban,8,Month-to-Month,2026-01-01,77.3,3,17,362.6,60.0,143.62,1169.48,1169.48,33.74,1,0,3,0,2068.13,1
CUST-1130,25,Male,Urban,49,Month-to-Month,2022-08-04,116.7,4,15,90.8,24.3,71.33,3357.67,3357.67,18.18,2,4,2,0,410.86,1
CUST-1131,29,Male,Suburban,41,Month-to-Month,2023-04-04,40.8,4,20,544.5,5.7,85.16,3458.72,3458.72,6.65,2,1,3,0,1103.67,1
CUST-1132,51,Male,Suburban,34,One-Year,2023-11-03,67.5,7,18,267.8,98.7,53.04,1840.24,1840.24,36.5,0,0,5,0,1272.96,0
CUST-1133,50,Female,Urban,17,Month-to-Month,2025-04-03,73.2,12,19,460.9,32.1,140.2,2350.23,2350.23,4.52,2,0,3,1,2018.88,1
CUST-1134,65,Male,Urban,72,Month-to-Month,2020-09-04,45.6,4,23,331.2,38.2,44.6,3281.15,3281.15,37.1,3,1,3,2,578.02,0
CUST-1135,40,Female,Suburban,72,Month-to-Month,2020-09-04,91.1,7,19,412.9,30.5,136.41,9610.74,9610.74,11.06,1,1,3,2,1767.87,1
CUST-1136,41,Female,Suburban,7,Month-to-Month,2026-02-01,74.7,2,20,63.6,5.7,47.82,336.2,336.2,0.05,1,1,4,1,826.33,1
CUST-1137,54,Female,Urban,9,Month-to-Month,2025-12-02,118.4,12,17,138.6,40.0,135.52,1201.94,1201.94,21.94,3,1,2,0,1170.89,1
CUST-1138,52,Male,Urban,25,Month-to-Month,2024-08-02,76.7,6,10,518.7,71.2,87.69,2284.65,2284.65,12.99,4,0,2,0,841.82,1
CUST-1139,61,Female,Rural,4,Month-to-Month,2026-05-03,98.8,5,20,423.9,151.9,115.87,460.81,460.81,9.12,0,0,4,1,2224.7,1
CUST-1140,57,Male,Suburban,19,Month-to-Month,2025-02-01,88.4,9,17,243.9,93.8,43.17,802.73,802.73,24.15,0,2,3,1,497.32,0
CUST-1141,39,Male,Urban,29,Month-to-Month,2024-04-03,10.6,9,13,350.6,5.4,71.16,1972.22,1972.22,14.36,1,0,4,0,1366.27,0
CUST-1142,44,Female,Urban,25,Month-to-Month,2024-08-02,41.9,8,19,538.3,11.8,83.51,2013.73,2013.73,12.24,3,0,3,0,1202.54,1
CUST-1143,52,Female,Suburban,14,Month-to-Month,2025-07-03,96.5,3,20,400.0,3.0,26.53,373.83,373.83,50.33,3,1,3,1,343.83,1
CUST-1144,18,Male,Urban,26,Two-Year,2024-07-03,95.1,7,19,528.2,8.3,102.24,2711.71,2711.71,3.03,2,2,3,0,1177.8,1
CUST-1145,52,Male,Urban,72,One-Year,2020-09-04,82.9,7,7,292.4,42.6,127.86,9624.21,9624.21,17.75,2,1,3,0,1657.07,0
CUST-1146,54,Male,Urban,8,One-Year,2026-01-01,124.9,3,17,548.8,16.1,30.27,244.5,244.5,9.92,4,0,2,0,290.59,1
CUST-1147,64,Male,Urban,35,Two-Year,2023-10-03,100.3,11,19,407.0,67.9,91.82,3271.79,3271.79,11.76,0,1,4,0,1586.65,0
CUST-1148,31,Male,Suburban,2,Two-Year,2026-07-03,132.1,9,21,518.7,2.1,29.2,59.1,59.1,20.41,2,1,3,1,378.43,0
CUST-1149,20,Male,Urban,3,One-Year,2026-06-02,11.2,5,14,502.5,126.5,144.41,450.67,450.67,89.59,3,0,3,1,2079.5,1
CUST-1150,18,Male,Suburban,27,One-Year,2024-06-03,137.0,6,17,377.3,73.6,54.53,1443.22,1443.22,37.68,0,3,2,1,366.44,0
CUST-1151,22,Female,Urban,4,Month-to-Month,2026-05-03,66.8,5,30,386.1,226.0,65.62,265.19,265.19,7.51,1,3,1,2,220.48,1
CUST-1152,43,Female,Urban,1,Month-to-Month,2026-08-02,85.7,7,12,422.7,198.5,153.41,160.46,160.46,29.74,1,0,4,0,2945.47,0
CUST-1153,31,Female,Urban,7,One-Year,2026-02-01,120.6,9,16,572.9,76.7,87.63,583.18,583.18,5.85,2,1,3,0,1135.68,1
CUST-1154,56,Male,Rural,28,Two-Year,2024-05-03,21.6,6,22,761.0,11.2,37.65,1030.06,1030.06,75.79,2,1,3,1,487.94,0
CUST-1155,44,Female,Rural,40,Month-to-Month,2023-05-04,77.4,6,28,308.0,16.3,101.96,4183.94,4183.94,19.3,2,0,4,2,1957.63,0
CUST-1156,26,Female,Urban,8,One-Year,2026-01-01,115.3,4,15,624.0,21.1,109.31,871.85,871.85,104.62,1,1,3,0,1416.66,1
CUST-1157,32,Female,Suburban,37,Month-to-Month,2023-08-04,66.5,5,25,402.4,36.2,95.78,3426.34,3426.34,38.0,0,2,3,0,1103.39,1
CUST-1158,32,Female,Suburban,7,Month-to-Month,2026-02-01,112.4,7,20,431.3,55.0,71.44,503.66,503.66,62.76,1,1,3,0,925.86,0
CUST-1159,43,Female,Rural,32,Month-to-Month,2024-01-03,105.3,4,12,501.2,74.6,85.0,2724.1,2724.1,6.92,3,3,2,0,571.2,1
CUST-1160,59,Female,Urban,18,Month-to-Month,2025-03-03,90.1,9,19,368.5,5.1,135.57,2429.06,2429.06,67.57,3,0,2,1,1301.47,1
CUST-1161,30,Male,Suburban,35,Month-to-Month,2023-10-03,103.0,10,19,385.4,61.3,95.65,3294.77,3294.77,7.36,1,0,3,2,1377.36,1
CUST-1162,68,Female,Urban,72,One-Year,2020-09-04,123.8,4,19,786.8,4.0,71.26,4901.14,4901.14,130.77,2,0,3,0,1026.14,0
CUST-1163,49,Female,Urban,72,Two-Year,2020-09-04,103.1,3,24,465.2,114.1,123.55,8988.22,8988.22,11.49,3,1,2,1,1067.47,0
CUST-1164,56,Female,Rural,1,Two-Year,2026-08-02,112.9,11,24,539.2,2.7,34.16,34.22,34.22,40.33,0,1,3,0,442.71,0
CUST-1165,66,Female,Urban,72,Month-to-Month,2020-09-04,58.6,3,19,777.6,32.1,63.2,4589.24,4589.24,27.68,1,4,1,0,182.02,0
CUST-1166,69,Male,Urban,3,Two-Year,2026-06-02,102.5,7,22,772.0,35.4,56.36,160.67,160.67,22.79,3,1,2,0,486.95,1
CUST-1167,49,Male,Urban,72,Month-to-Month,2020-09-04,99.7,11,15,418.2,54.9,111.45,7689.53,7689.53,19.59,2,1,2,0,962.93,0
CUST-1168,21,Female,Suburban,11,Month-to-Month,2025-10-02,118.7,3,28,310.4,6.5,95.43,1014.85,1014.85,16.94,1,0,4,0,1832.26,0
CUST-1169,47,Female,Suburban,16,One-Year,2025-05-03,50.3,7,23,256.6,175.8,138.71,2207.92,2207.92,12.64,4,1,2,0,1198.45,1
CUST-1170,54,Female,Urban,4,Month-to-Month,2026-05-03,117.2,7,22,238.2,31.4,78.79,324.86,324.86,31.83,1,0,3,2,1134.58,0
CUST-1171,40,Male,Rural,4,Month-to-Month,2026-05-03,58.6,7,18,373.1,32.8,49.92,194.61,194.61,145.19,2,0,4,1,958.46,1
CUST-1172,56,Male,Urban,43,Month-to-Month,2023-02-02,155.2,5,26,251.7,18.1,48.74,2160.44,2160.44,39.03,1,1,3,0,631.67,0
CUST-1173,62,Female,Urban,72,One-Year,2020-09-04,58.3,5,28,438.5,98.6,142.4,9981.36,9981.36,49.51,2,0,4,1,2734.08,0
CUST-1174,32,Female,Rural,31,Month-to-Month,2024-02-02,50.0,5,23,321.0,2.0,33.91,1077.39,1077.39,37.17,2,2,1,1,130.21,1
CUST-1175,60,Female,Urban,42,One-Year,2023-03-05,76.3,8,20,389.4,7.3,94.42,4114.05,4114.05,25.38,3,1,3,0,1223.68,1
CUST-1176,46,Male,Urban,48,One-Year,2022-09-03,116.5,8,15,432.0,41.4,57.85,2864.68,2864.68,59.46,1,0,4,0,1110.72,0
CUST-1177,53,Female,Urban,11,One-Year,2025-10-02,95.7,5,10,392.5,224.3,83.29,938.03,938.03,13.66,3,0,3,1,1199.38,1
CUST-1178,30,Male,Suburban,2,Two-Year,2026-07-03,135.4,7,17,260.7,2.4,36.67,69.95,69.95,11.17,5,2,1,0,140.81,1
CUST-1179,49,Female,Urban,1,Month-to-Month,2026-08-02,76.0,7,18,513.9,4.2,138.24,135.89,135.89,16.95,1,2,3,0,1592.52,1
CUST-1180,24,Male,Rural,15,Month-to-Month,2025-06-02,70.3,6,14,671.5,81.6,44.25,643.61,643.61,30.26,5,2,1,0,169.92,1
CUST-1181,68,Male,Suburban,10,Month-to-Month,2025-11-01,63.0,6,11,667.2,86.4,54.96,548.2,548.2,0.0,5,2,2,0,422.09,1
CUST-1182,39,Female,Urban,3,Month-to-Month,2026-06-02,69.2,5,29,604.3,147.7,89.15,263.55,263.55,63.1,2,0,3,0,1283.76,1
CUST-1183,45,Female,Suburban,7,One-Year,2026-02-01,43.1,4,19,401.0,55.9,85.8,607.68,607.68,12.64,1,1,4,0,1482.62,0
CUST-1184,19,Male,Urban,5,Month-to-Month,2026-04-02,65.5,5,23,336.3,33.6,139.38,701.48,701.48,32.14,2,0,3,1,2007.07,0
CUST-1185,59,Female,Urban,72,Month-to-Month,2020-09-04,48.7,6,20,577.0,39.0,58.65,4193.6,4193.6,1.89,1,1,3,1,760.1,0
CUST-1186,62,Male,Suburban,5,One-Year,2026-04-02,106.6,6,13,508.9,36.7,113.42,582.26,582.26,19.77,4,0,3,0,1633.25,0
CUST-1187,70,Male,Rural,26,One-Year,2024-07-03,129.4,3,8,577.0,236.1,135.9,3361.96,3361.96,2.46,4,0,2,0,1304.64,0
CUST-1188,23,Male,Urban,30,One-Year,2024-03-03,91.6,8,12,782.4,31.1,89.17,2772.94,2772.94,0.4,2,4,1,1,256.81,0
CUST-1189,45,Male,Urban,26,One-Year,2024-07-03,64.8,7,23,446.0,6.6,56.58,1397.96,1397.96,54.33,0,0,5,0,1357.92,0
CUST-1190,45,Female,Urban,4,One-Year,2026-05-03,107.3,6,13,313.8,22.2,46.35,184.51,184.51,18.16,5,0,2,0,444.96,1
CUST-1191,61,Male,Urban,13,One-Year,2025-08-02,83.8,5,18,354.9,209.4,76.71,1035.26,1035.26,59.01,4,0,3,0,1104.62,0
CUST-1192,61,Female,Urban,2,Month-to-Month,2026-07-03,115.4,8,28,475.3,36.3,70.24,139.33,139.33,14.4,1,0,3,0,1011.46,0
CUST-1193,37,Female,Urban,17,Two-Year,2025-04-03,56.6,5,14,347.1,24.7,44.47,775.32,775.32,36.52,2,0,3,1,640.37,0
CUST-1194,47,Male,Suburban,7,One-Year,2026-02-01,58.7,9,13,584.4,24.2,143.47,994.54,994.54,3.47,1,0,4,1,2754.62,1
CUST-1195,28,Female,Urban,28,Month-to-Month,2024-05-03,106.8,6,24,576.2,2.0,76.57,2219.2,2219.2,7.4,0,0,4,1,1470.14,0
CUST-1196,45,Male,Urban,39,Month-to-Month,2023-06-04,84.4,8,33,682.1,65.2,96.76,3962.03,3962.03,22.31,1,1,3,0,1254.01,0
CUST-1197,42,Female,Suburban,25,One-Year,2024-08-02,112.8,7,21,683.4,83.7,108.45,2819.24,2819.24,20.33,2,1,2,1,937.01,0
CUST-1198,56,Male,Suburban,19,Two-Year,2025-02-01,59.2,2,13,20.0,28.3,51.76,939.75,939.75,7.56,1,2,2,0,397.52,0
CUST-1199,50,Male,Urban,17,Month-to-Month,2025-04-03,98.0,6,22,308.7,134.0,100.51,1648.57,1648.57,71.62,2,2,2,0,771.92,1
CUST-1200,18,Male,Urban,61,Month-to-Month,2021-08-04,101.4,7,22,469.6,88.3,45.48,2785.89,2785.89,11.71,0,0,4,0,873.22,0
CUST-1201,44,Male,Suburban,9,Two-Year,2025-12-02,38.9,6,19,248.4,59.7,145.41,1369.1,1369.1,19.51,0,0,4,0,2791.87,0
CUST-1202,69,Male,Urban,44,Two-Year,2023-01-03,84.9,6,13,439.7,79.1,91.24,3976.95,3976.95,14.4,2,1,2,1,788.31,0
CUST-1203,30,Female,Urban,47,Month-to-Month,2022-10-04,24.5,3,17,310.7,95.4,42.72,1963.07,1963.07,188.85,2,0,3,1,615.17,1
CUST-1204,58,Female,Suburban,18,Month-to-Month,2025-03-03,129.1,4,17,375.5,48.7,101.19,1906.11,1906.11,14.9,1,0,5,1,2428.56,0
CUST-1205,20,Female,Urban,12,One-Year,2025-09-02,45.5,8,15,751.2,33.0,41.46,507.91,507.91,10.76,2,2,2,1,318.41,1
CUST-1206,56,Female,Urban,21,Month-to-Month,2024-12-02,79.3,4,13,671.5,8.7,117.16,2526.9,2526.9,83.05,1,1,2,1,1012.26,1
CUST-1207,23,Male,Urban,4,Two-Year,2026-05-03,84.9,3,11,455.4,33.7,139.7,537.05,537.05,5.99,1,0,4,1,2682.24,1
CUST-1208,25,Male,Urban,2,Month-to-Month,2026-07-03,56.1,7,14,291.9,51.9,138.19,269.82,269.82,87.62,2,0,3,0,1989.94,0
CUST-1209,44,Male,Urban,4,Month-to-Month,2026-05-03,140.5,6,12,512.2,192.0,103.0,412.15,412.15,29.42,2,1,2,1,889.92,1
CUST-1210,26,Male,Rural,7,Month-to-Month,2026-02-01,64.2,6,18,65.1,10.9,108.59,778.1,778.1,8.84,2,0,3,0,1563.7,1
CUST-1211,54,Female,Urban,24,Month-to-Month,2024-09-02,76.9,8,20,572.0,91.9,56.71,1340.25,1340.25,10.16,3,0,3,1,816.62,1
CUST-1212,50,Female,Urban,63,Month-to-Month,2021-06-04,64.3,6,17,555.2,17.9,36.39,2224.77,2224.77,43.44,0,1,4,1,628.82,0
CUST-1213,68,Male,Urban,9,Month-to-Month,2025-12-02,64.1,8,25,241.6,204.5,150.1,1342.41,1342.41,1.41,0,1,4,0,2593.73,1
CUST-1214,59,Male,Rural,72,One-Year,2020-09-04,81.7,5,18,694.3,58.7,113.75,8128.0,8128.0,43.99,4,0,3,2,1638.0,0
CUST-1215,61,Female,Urban,72,Month-to-Month,2020-09-04,106.1,6,19,346.3,36.9,134.84,10070.58,10070.58,12.98,1,0,4,1,2588.93,0
CUST-1216,41,Female,Urban,72,Two-Year,2020-09-04,89.8,7,22,288.6,27.7,134.33,10091.29,10091.29,57.81,4,1,3,0,1740.92,0
CUST-1217,32,Male,Rural,60,Month-to-Month,2021-09-03,62.2,5,16,485.3,14.7,67.14,3894.99,3894.99,4.67,0,0,4,0,1289.09,0
CUST-1218,71,Female,Urban,15,One-Year,2025-06-02,84.8,4,19,216.3,81.5,73.87,1083.62,1083.62,10.03,3,0,2,1,709.15,0
CUST-1219,49,Female,Urban,3,Month-to-Month,2026-06-02,44.0,6,20,298.1,65.7,85.67,264.36,264.36,20.23,1,0,3,0,1233.65,0
CUST-1220,49,Male,Urban,28,Month-to-Month,2024-05-03,120.5,5,17,516.7,143.6,123.09,3358.65,3358.65,73.98,1,1,4,1,2127.0,1
CUST-1221,41,Male,Urban,27,One-Year,2024-06-03,69.8,5,19,372.3,59.1,34.44,907.99,907.99,11.7,1,1,2,1,297.56,0
CUST-1222,58,Female,Urban,63,One-Year,2021-06-04,71.4,6,21,707.7,12.1,88.29,5660.52,5660.52,64.98,3,0,4,1,1695.17,0
CUST-1223,69,Female,Suburban,72,One-Year,2020-09-04,26.6,4,15,173.6,74.6,38.47,2772.84,2772.84,3.77,4,0,4,2,738.62,0
CUST-1224,66,Female,Urban,24,One-Year,2024-09-02,69.8,7,19,470.6,137.2,97.4,2385.19,2385.19,6.67,1,0,5,0,2337.6,0
CUST-1225,66,Male,Suburban,14,One-Year,2025-07-03,135.5,7,20,633.4,302.4,79.82,1069.72,1069.72,6.02,0,0,4,0,1532.54,0
CUST-1226,69,Male,Urban,7,Month-to-Month,2026-02-01,103.3,5,15,596.2,75.1,100.92,706.74,706.74,33.23,3,0,3,0,1453.25,1
CUST-1227,29,Female,Urban,1,Two-Year,2026-08-02,118.3,7,17,328.3,22.2,64.47,65.58,65.58,17.22,1,0,4,0,1237.82,1
CUST-1228,56,Female,Urban,24,One-Year,2024-09-02,88.5,6,23,781.7,54.2,88.2,2111.38,2111.38,69.69,0,1,3,0,1143.07,0
CUST-1229,19,Male,Rural,27,Two-Year,2024-06-03,6.4,10,24,116.2,47.0,142.19,3696.24,3696.24,23.28,3,1,2,2,1228.52,1
CUST-1230,20,Female,Urban,58,One-Year,2021-11-03,87.1,7,19,445.5,46.6,71.21,3978.97,3978.97,63.7,1,0,4,0,1367.23,0
CUST-1231,66,Female,Suburban,24,Month-to-Month,2024-09-02,91.0,5,16,617.9,5.3,108.52,2627.4,2627.4,9.62,1,1,4,1,1875.23,1
CUST-1232,54,Female,Urban,72,Month-to-Month,2020-09-04,111.9,3,19,671.0,14.1,105.69,7338.81,7338.81,93.73,1,2,3,1,1217.55,0
CUST-1233,66,Female,Urban,33,One-Year,2023-12-03,83.9,4,16,289.4,48.3,132.17,4276.02,4276.02,35.26,4,1,2,1,1141.95,0
CUST-1234,34,Female,Urban,61,One-Year,2021-08-04,61.8,5,20,477.6,104.0,79.06,4794.29,4794.29,24.66,1,1,3,1,1024.62,1
CUST-1235,66,Male,Urban,6,One-Year,2026-03-03,82.0,1,16,594.5,13.0,33.41,202.33,202.33,32.85,2,1,3,0,432.99,0
CUST-1236,19,Female,Urban,64,One-Year,2021-05-05,74.7,4,15,420.4,11.7,138.37,8647.85,8647.85,87.15,3,0,4,1,2656.7,0
CUST-1237,19,Male,Urban,37,Month-to-Month,2023-08-04,100.7,7,14,236.2,92.7,80.58,2953.21,2953.21,14.68,3,3,1,1,270.75,1
CUST-1238,45,Female,Suburban,7,Month-to-Month,2026-02-01,82.1,9,20,141.5,76.2,58.72,405.61,405.61,9.87,4,1,3,0,761.01,1
CUST-1239,71,Male,Urban,7,Month-to-Month,2026-02-01,55.3,9,16,332.7,43.1,136.59,917.6,917.6,9.86,2,2,3,0,1573.52,0
CUST-1240,40,Female,Suburban,72,One-Year,2020-09-04,102.0,9,27,351.0,3.4,47.42,3517.95,3517.95,126.07,2,0,3,0,682.85,0
CUST-1241,54,Male,Urban,2,One-Year,2026-07-03,62.8,6,15,313.8,41.6,92.05,188.56,188.56,14.41,2,0,3,1,1325.52,0
CUST-1242,49,Male,Urban,21,Month-to-Month,2024-12-02,75.5,6,14,785.8,117.1,129.44,2795.47,2795.47,75.36,1,0,4,1,2485.25,0
CUST-1243,50,Male,Suburban,13,One-Year,2025-08-02,71.1,11,10,550.4,2.0,109.37,1371.67,1371.67,5.18,1,1,3,0,1417.44,1
CUST-1244,18,Male,Urban,36,Month-to-Month,2023-09-03,92.1,2,12,398.7,7.0,29.44,1061.7,1061.7,19.71,3,2,2,0,226.1,1
CUST-1245,36,Female,Urban,61,Month-to-Month,2021-08-04,43.9,9,14,410.3,107.7,64.44,3864.12,3864.12,33.8,1,1,2,0,556.76,1
CUST-1246,19,Female,Suburban,15,One-Year,2025-06-02,86.0,2,15,421.1,48.4,134.44,1986.05,1986.05,115.88,0,0,5,0,3226.56,0
CUST-1247,70,Female,Rural,19,Month-to-Month,2025-02-01,117.4,6,23,557.2,70.6,99.2,1802.96,1802.96,39.59,3,0,3,0,1428.48,1
CUST-1248,61,Male,Urban,72,One-Year,2020-09-04,87.9,7,22,256.0,88.8,117.36,8826.65,8826.65,0.07,1,0,4,1,2253.31,0
CUST-1249,43,Male,Urban,51,Two-Year,2022-06-04,65.0,4,18,277.9,23.2,74.74,3979.34,3979.34,49.97,1,1,3,1,968.63,0
CUST-1250,49,Male,Rural,72,Two-Year,2020-09-04,74.0,6,19,445.4,23.0,114.15,8143.45,8143.45,36.72,5,1,1,0,493.13,0
CUST-1251,23,Male,Urban,19,Month-to-Month,2025-02-01,93.9,6,18,20.0,19.9,61.23,1204.6,1204.6,7.17,1,1,2,0,529.03,0
CUST-1252,49,Female,Suburban,9,Month-to-Month,2025-12-02,101.8,3,17,304.7,11.9,53.47,473.05,473.05,33.91,2,0,2,1,513.31,1
CUST-1253,21,Male,Urban,18,One-Year,2025-03-03,130.1,12,21,611.5,23.6,143.21,2593.1,2593.1,90.96,2,0,4,2,2749.63,1
CUST-1254,28,Male,Urban,42,One-Year,2023-03-05,36.2,4,18,591.9,198.5,72.91,3137.12,3137.12,0.16,2,2,3,0,839.92,0
CUST-1255,34,Male,Suburban,4,One-Year,2026-05-03,92.9,5,20,160.4,5.8,138.73,556.2,556.2,128.28,2,1,3,0,1797.94,1
CUST-1256,55,Male,Urban,11,Month-to-Month,2025-10-02,90.6,2,19,430.1,17.9,134.23,1426.89,1426.89,12.29,2,0,4,0,2577.22,0
CUST-1257,41,Female,Urban,2,Month-to-Month,2026-07-03,83.0,5,17,211.9,24.9,110.92,219.16,219.16,32.73,2,0,3,0,1597.25,0
CUST-1258,22,Female,Urban,19,One-Year,2025-02-01,95.7,9,21,312.6,10.9,93.56,1823.77,1823.77,11.38,1,0,3,1,1347.26,1
CUST-1259,69,Male,Suburban,58,One-Year,2021-11-03,78.1,10,20,336.7,5.2,26.31,1568.84,1568.84,45.94,2,1,3,1,340.98,0
CUST-1260,51,Male,Suburban,1,Month-to-Month,2026-08-02,55.0,5,19,567.9,11.5,99.78,98.16,98.16,25.39,1,0,4,0,1915.78,0
CUST-1261,23,Male,Urban,37,Month-to-Month,2023-08-04,91.4,6,23,618.3,48.8,121.14,4500.32,4500.32,10.68,1,1,4,0,2093.3,0
CUST-1262,39,Male,Urban,72,One-Year,2020-09-04,104.5,8,15,357.7,59.0,118.14,8256.95,8256.95,24.5,1,1,5,2,2551.82,0
CUST-1263,28,Male,Suburban,9,Month-to-Month,2025-12-02,83.6,8,20,177.7,15.8,47.15,413.79,413.79,15.17,2,1,3,0,611.06,1
CUST-1264,65,Female,Suburban,39,Month-to-Month,2023-06-04,116.8,9,14,124.8,45.6,94.45,3552.71,3552.71,10.05,0,1,4,0,1632.1,0
CUST-1265,33,Female,Suburban,72,Month-to-Month,2020-09-04,77.9,7,23,653.1,2.0,88.57,6337.45,6337.45,31.45,1,0,4,0,1700.54,0
CUST-1266,50,Female,Urban,72,Month-to-Month,2020-09-04,98.8,6,16,398.3,59.9,109.06,8024.98,8024.98,35.59,0,1,4,0,1884.56,0
CUST-1267,26,Male,Suburban,9,One-Year,2025-12-02,37.5,9,12,410.7,2.0,120.86,1128.99,1128.99,5.3,2,1,3,0,1566.35,1
CUST-1268,23,Male,Suburban,4,Month-to-Month,2026-05-03,152.3,7,21,241.9,66.9,115.33,463.38,463.38,92.66,0,0,4,2,2214.34,0
CUST-1269,33,Female,Urban,6,Month-to-Month,2026-03-03,78.2,11,22,613.9,42.9,47.69,290.49,290.49,0.23,3,1,2,0,412.04,1
CUST-1270,46,Female,Urban,40,Month-to-Month,2023-05-04,70.4,10,16,558.4,7.5,28.32,1106.39,1106.39,11.35,0,0,4,0,543.74,0
CUST-1271,20,Female,Urban,43,Month-to-Month,2023-02-02,77.0,6,13,371.0,6.0,41.61,1735.92,1735.92,14.72,4,1,2,0,359.51,1
CUST-1272,37,Male,Suburban,37,One-Year,2023-08-04,56.5,5,24,281.2,2.0,29.93,1095.86,1095.86,2.41,3,0,4,0,574.66,0
CUST-1273,53,Female,Urban,14,Month-to-Month,2025-07-03,49.9,3,14,481.2,52.1,83.05,1169.55,1169.55,3.3,2,1,3,0,1076.33,1
CUST-1274,36,Male,Suburban,7,One-Year,2026-02-01,86.2,1,14,114.6,106.8,73.65,491.5,491.5,65.81,0,0,4,0,1414.08,0
CUST-1275,43,Female,Rural,29,Month-to-Month,2024-04-03,88.4,8,24,536.5,126.2,44.77,1245.37,1245.37,15.72,1,2,2,0,343.83,1
CUST-1276,20,Female,Suburban,22,Month-to-Month,2024-11-02,91.7,7,24,393.7,54.7,42.44,945.89,945.89,15.91,3,1,3,0,550.02,0
CUST-1277,36,Female,Rural,43,Month-to-Month,2023-02-02,84.0,7,25,481.6,141.8,91.99,3836.63,3836.63,40.83,2,1,3,2,1192.19,0
CUST-1278,37,Male,Rural,20,Month-to-Month,2025-01-01,82.5,8,14,442.1,128.7,152.38,3033.39,3033.39,45.09,5,0,2,0,1462.85,1
CUST-1279,49,Female,Urban,14,One-Year,2025-07-03,48.9,14,16,601.7,77.9,151.08,2207.45,2207.45,43.03,1,1,3,1,1958.0,1
CUST-1280,24,Male,Suburban,12,Month-to-Month,2025-09-02,70.4,6,16,613.2,29.3,35.16,437.22,437.22,22.15,4,0,3,0,506.3,0
CUST-1281,69,Male,Urban,8,Two-Year,2026-01-01,89.8,4,21,636.8,114.1,137.63,1053.0,1053.0,42.93,6,1,1,0,594.56,1
CUST-1282,58,Male,Rural,11,Month-to-Month,2025-10-02,68.8,6,17,467.4,32.3,85.08,894.58,894.58,90.17,3,0,4,1,1633.54,0
CUST-1283,50,Female,Urban,4,Month-to-Month,2026-05-03,93.8,8,24,435.2,33.6,101.45,391.4,391.4,5.07,2,0,3,1,1460.88,1
CUST-1284,57,Male,Rural,14,Month-to-Month,2025-07-03,80.9,3,24,327.8,73.7,94.24,1268.75,1268.75,29.93,2,0,3,0,1357.06,0
CUST-1285,56,Male,Suburban,2,One-Year,2026-07-03,80.7,3,13,344.5,170.9,156.96,306.19,306.19,73.84,0,0,4,1,3013.63,1
CUST-1286,35,Female,Suburban,7,Month-to-Month,2026-02-01,91.2,5,12,512.8,45.1,86.78,599.69,599.69,118.05,0,0,4,0,1666.18,1
CUST-1287,57,Male,Urban,46,Month-to-Month,2022-11-03,99.6,4,14,452.7,12.7,46.22,2037.45,2037.45,3.22,1,1,4,0,798.68,1
CUST-1288,18,Female,Urban,13,Month-to-Month,2025-08-02,106.2,4,26,668.7,10.0,116.18,1504.38,1504.38,104.73,1,0,3,0,1672.99,1
CUST-1289,28,Male,Suburban,37,Month-to-Month,2023-08-04,144.5,5,14,407.6,23.4,87.59,3250.5,3250.5,45.37,3,1,2,0,756.78,1
CUST-1290,45,Male,Urban,42,Two-Year,2023-03-05,110.9,6,16,190.9,39.8,44.43,1896.21,1896.21,45.14,0,0,5,0,1066.32,0
CUST-1291,42,Female,Suburban,29,Month-to-Month,2024-04-03,40.6,10,22,476.4,23.0,81.53,2342.23,2342.23,5.59,0,2,3,1,939.23,1
CUST-1292,67,Male,Urban,72,One-Year,2020-09-04,52.5,8,13,616.7,80.9,116.18,8194.23,8194.23,30.02,3,1,3,0,1505.69,0
CUST-1293,40,Male,Suburban,1,One-Year,2026-08-02,76.8,3,20,542.1,50.9,66.65,67.6,67.6,15.54,1,1,3,0,863.78,0
CUST-1294,48,Female,Urban,45,Month-to-Month,2022-12-03,62.1,3,21,535.0,33.9,134.97,6323.4,6323.4,30.83,1,1,3,0,1749.21,1
CUST-1295,47,Female,Suburban,72,Month-to-Month,2020-09-04,96.7,6,15,631.7,15.6,125.09,8913.26,8913.26,46.8,1,1,4,1,2161.56,0
CUST-1296,59,Female,Suburban,66,One-Year,2021-03-05,99.9,11,26,487.7,60.4,99.37,6422.95,6422.95,7.09,0,2,3,0,1144.74,0
CUST-1297,52,Male,Urban,7,Month-to-Month,2026-02-01,70.5,2,22,153.5,72.9,42.18,301.69,301.69,5.81,4,2,2,0,323.94,1
CUST-1298,24,Male,Urban,13,Month-to-Month,2025-08-02,120.7,5,14,601.6,99.7,107.02,1443.75,1443.75,15.45,2,1,3,1,1386.98,1
CUST-1299,33,Female,Urban,7,One-Year,2026-02-01,128.6,7,22,500.4,305.1,118.56,868.08,868.08,35.98,2,0,3,0,1707.26,0
CUST-1300,43,Female,Suburban,31,One-Year,2024-02-02,30.6,5,12,427.3,17.1,110.83,3339.58,3339.58,39.21,1,0,4,0,2127.94,0
CUST-1301,65,Female,Urban,41,One-Year,2023-04-04,42.1,4,11,229.4,2.0,56.01,2251.12,2251.12,32.85,3,1,2,0,483.93,1
CUST-1302,69,Female,Suburban,13,One-Year,2025-08-02,117.9,10,22,306.1,45.1,101.43,1372.11,1372.11,66.28,2,0,3,0,1460.59,0
CUST-1303,66,Female,Urban,26,Month-to-Month,2024-07-03,111.1,10,19,117.8,167.5,113.89,2893.03,2893.03,46.46,2,1,3,0,1476.01,1
CUST-1304,19,Male,Urban,39,Month-to-Month,2023-06-04,100.1,4,14,353.2,18.6,88.38,3393.6,3393.6,24.59,3,1,3,0,1145.4,1
CUST-1305,18,Male,Urban,18,Month-to-Month,2025-03-03,85.3,3,16,341.4,91.7,52.08,950.51,950.51,23.06,3,0,3,0,749.95,1
CUST-1306,65,Female,Urban,64,One-Year,2021-05-05,81.9,9,14,427.5,25.0,85.09,5482.87,5482.87,55.93,2,0,3,0,1225.3,0
CUST-1307,29,Male,Urban,49,Two-Year,2022-08-04,101.1,9,9,731.1,32.3,93.16,4737.32,4737.32,75.39,1,1,3,1,1207.35,0
CUST-1308,22,Male,Rural,3,Month-to-Month,2026-06-02,90.3,3,12,622.1,191.8,160.46,486.76,486.76,66.19,3,0,3,0,2310.62,1
CUST-1309,54,Female,Rural,32,Month-to-Month,2024-01-03,124.2,7,13,456.1,40.2,84.03,2685.97,2685.97,24.01,2,1,2,1,726.02,0
CUST-1310,49,Female,Urban,9,Month-to-Month,2025-12-02,64.6,8,17,313.9,84.0,111.18,957.99,957.99,30.3,3,0,3,1,1600.99,1
CUST-1311,26,Male,Suburban,27,Two-Year,2024-06-03,85.5,1,14,242.7,51.9,98.25,2778.76,2778.76,54.01,4,0,3,0,1414.8,0
CUST-1312,58,Male,Suburban,72,One-Year,2020-09-04,111.7,8,19,642.3,93.8,61.53,4395.74,4395.74,30.31,1,2,3,0,708.83,0
CUST-1313,52,Male,Urban,70,Month-to-Month,2020-11-03,89.9,3,20,218.9,24.8,49.93,3520.47,3520.47,8.92,1,0,4,1,958.66,0
CUST-1314,36,Female,Urban,18,Two-Year,2025-03-03,105.2,2,13,239.6,136.2,130.45,2348.58,2348.58,76.25,1,0,3,0,1878.48,0
CUST-1315,65,Female,Urban,12,One-Year,2025-09-02,104.8,6,16,911.7,51.7,92.91,1141.45,1141.45,23.8,4,0,3,0,1337.9,1
CUST-1316,33,Male,Urban,9,Month-to-Month,2025-12-02,72.3,5,19,414.2,24.0,131.65,1202.2,1202.2,140.74,1,3,3,2,1327.03,1
CUST-1317,20,Male,Rural,25,Two-Year,2024-08-02,54.4,6,15,823.5,2.5,129.82,3194.44,3194.44,28.2,2,0,4,0,2492.54,0
CUST-1318,37,Female,Suburban,4,Month-to-Month,2026-05-03,62.6,4,16,386.2,2.0,59.46,238.32,238.32,17.13,0,1,3,1,770.6,0
CUST-1319,41,Male,Urban,27,Month-to-Month,2024-06-03,52.5,12,12,674.5,28.3,40.93,1141.14,1141.14,8.4,1,1,4,0,707.27,1
CUST-1320,71,Female,Urban,1,Month-to-Month,2026-08-02,29.3,10,13,498.1,15.8,66.94,67.83,67.83,14.8,1,1,3,0,867.54,0
CUST-1321,50,Female,Suburban,13,Two-Year,2025-08-02,117.8,7,19,324.4,3.5,33.24,451.76,451.76,8.72,3,1,2,0,287.19,0
CUST-1322,41,Male,Suburban,9,One-Year,2025-12-02,28.4,5,13,289.2,52.3,122.69,1132.25,1132.25,89.12,2,1,3,1,1590.06,1
CUST-1323,69,Female,Suburban,72,Month-to-Month,2020-09-04,140.8,6,22,49.6,291.9,85.6,6154.07,6154.07,32.11,0,0,4,0,1643.52,0
CUST-1324,28,Male,Suburban,43,Two-Year,2023-02-02,69.2,8,24,270.1,35.7,129.98,5760.73,5760.73,60.05,3,1,3,0,1684.54,1
CUST-1325,66,Male,Urban,15,Month-to-Month,2025-06-02,76.6,7,23,573.5,52.2,80.59,1201.86,1201.86,8.17,2,1,3,0,1044.45,1
CUST-1326,25,Female,Suburban,4,One-Year,2026-05-03,39.6,8,15,436.2,16.1,59.46,231.02,231.02,2.24,3,0,3,1,856.22,0
CUST-1327,53,Male,Suburban,24,One-Year,2024-09-02,96.5,6,23,347.2,14.9,84.91,2064.27,2064.27,19.0,2,0,4,0,1630.27,0
CUST-1328,55,Female,Urban,8,Month-to-Month,2026-01-01,77.2,8,20,428.7,25.9,98.51,776.57,776.57,96.34,1,0,3,2,1418.54,1
CUST-1329,57,Female,Suburban,26,Month-to-Month,2024-07-03,86.8,3,22,620.8,117.1,123.25,3052.24,3052.24,4.2,2,2,3,1,1419.84,1
CUST-1330,37,Male,Urban,60,Two-Year,2021-09-03,61.4,5,19,200.5,210.2,95.42,5561.5,5561.5,54.39,3,0,3,0,1374.05,0
CUST-1331,52,Male,Urban,32,Month-to-Month,2024-01-03,99.4,3,17,511.6,87.5,151.17,4676.39,4676.39,2.14,2,0,5,1,3628.08,0
CUST-1332,65,Male,Urban,33,One-Year,2023-12-03,60.3,8,16,179.8,2.0,73.86,2509.25,2509.25,6.32,1,1,3,1,957.23,0
CUST-1333,42,Male,Urban,26,Month-to-Month,2024-07-03,87.4,10,15,20.0,37.5,126.59,3365.96,3365.96,45.82,2,3,1,0,425.34,1
CUST-1334,52,Male,Urban,72,One-Year,2020-09-04,98.9,5,17,338.5,35.5,34.33,2500.07,2500.07,8.29,2,0,3,0,494.35,0
CUST-1335,42,Male,Urban,72,Month-to-Month,2020-09-04,128.5,10,21,362.2,177.9,141.15,10604.2,10604.2,0.78,1,1,2,0,1219.54,1
CUST-1336,46,Male,Urban,24,Month-to-Month,2024-09-02,109.2,6,26,389.9,89.0,101.75,2363.39,2363.39,8.67,0,1,5,1,2197.8,0
CUST-1337,35,Female,Urban,12,Month-to-Month,2025-09-02,87.7,5,16,430.5,81.5,110.77,1284.47,1284.47,46.19,1,1,3,2,1435.58,0
CUST-1338,63,Female,Urban,21,Two-Year,2024-12-02,84.8,3,10,543.7,54.1,75.99,1661.07,1661.07,26.59,2,1,2,0,656.55,1
CUST-1339,35,Female,Urban,7,Month-to-Month,2026-02-01,94.4,8,11,315.0,67.5,97.78,694.51,694.51,27.73,0,1,3,3,1267.23,1
CUST-1340,19,Male,Suburban,34,Month-to-Month,2023-11-03,108.0,4,23,208.3,78.0,143.9,4920.78,4920.78,18.49,0,0,3,0,2072.16,1
CUST-1341,71,Male,Urban,23,Two-Year,2024-10-02,62.7,8,18,642.5,52.3,77.24,1819.14,1819.14,5.52,1,0,3,2,1112.26,0
CUST-1342,52,Female,Urban,4,One-Year,2026-05-03,112.1,4,13,676.5,121.1,55.33,216.49,216.49,8.5,1,1,4,0,956.1,0
CUST-1343,33,Male,Rural,8,Month-to-Month,2026-01-01,56.9,7,19,485.2,2.4,108.23,874.06,874.06,7.17,3,1,3,0,1402.66,1
CUST-1344,58,Male,Suburban,22,Two-Year,2024-11-02,98.7,4,14,530.9,184.4,110.75,2418.69,2418.69,42.99,3,0,3,0,1594.8,0
CUST-1345,53,Female,Rural,72,One-Year,2020-09-04,101.2,3,19,627.7,96.6,88.35,6238.41,6238.41,65.73,0,1,4,1,1526.69,0
CUST-1346,50,Female,Urban,28,Month-to-Month,2024-05-03,64.9,8,16,629.5,48.9,121.79,3538.45,3538.45,9.49,3,0,3,0,1753.78,1
CUST-1347,21,Female,Urban,38,Month-to-Month,2023-07-04,38.7,7,21,231.0,127.9,108.84,3995.57,3995.57,6.63,0,1,3,1,1410.57,0
CUST-1348,50,Male,Suburban,14,One-Year,2025-07-03,77.1,5,23,405.7,114.4,114.77,1529.32,1529.32,10.15,2,0,4,0,2203.58,0
CUST-1349,31,Female,Urban,28,One-Year,2024-05-03,6.1,6,22,148.8,35.3,136.8,3776.43,3776.43,97.77,1,1,4,0,2363.9,0
CUST-1350,38,Female,Urban,20,Month-to-Month,2025-01-01,79.6,6,19,497.7,119.0,49.59,961.89,961.89,8.41,2,1,3,0,642.69,1
CUST-1351,65,Female,Urban,36,Month-to-Month,2023-09-03,47.6,4,11,556.5,13.6,57.21,2123.62,2123.62,40.99,2,0,4,1,1098.43,0
CUST-1352,37,Female,Suburban,2,Month-to-Month,2026-07-03,178.4,5,18,201.2,41.2,134.47,258.9,258.9,4.34,1,0,4,1,2581.82,1
CUST-1353,25,Female,Urban,23,One-Year,2024-10-02,116.8,4,19,567.1,17.2,118.74,2850.5,2850.5,37.79,1,0,3,0,1709.86,0
CUST-1354,24,Female,Rural,12,Month-to-Month,2025-09-02,87.2,4,20,619.8,8.6,47.98,556.62,556.62,9.81,1,1,5,0,1036.37,0
CUST-1355,20,Male,Rural,13,Month-to-Month,2025-08-02,125.0,7,21,718.3,146.3,66.39,896.67,896.67,63.53,3,1,3,0,860.41,1
CUST-1356,34,Female,Urban,72,One-Year,2020-09-04,106.2,10,18,421.0,29.7,124.35,8656.29,8656.29,0.82,3,0,3,0,1790.64,0
CUST-1357,50,Female,Suburban,7,One-Year,2026-02-01,50.1,7,15,535.3,75.0,99.82,667.15,667.15,24.28,1,2,3,1,1149.93,0
CUST-1358,65,Female,Suburban,13,Month-to-Month,2025-08-02,66.2,7,25,687.3,30.6,128.52,1668.73,1668.73,38.1,1,0,3,1,1850.69,0
CUST-1359,29,Male,Suburban,24,Month-to-Month,2024-09-02,115.9,10,21,236.7,51.1,138.19,3268.92,3268.92,47.62,2,0,4,0,2653.25,0
CUST-1360,68,Male,Urban,66,Month-to-Month,2021-03-05,56.2,5,18,424.3,27.8,37.17,2477.22,2477.22,80.71,2,0,4,0,713.66,0
CUST-1361,39,Female,Suburban,18,Month-to-Month,2025-03-03,96.9,5,10,217.5,88.2,149.76,2733.61,2733.61,34.41,2,0,4,1,2875.39,1
CUST-1362,39,Female,Urban,45,Two-Year,2022-12-03,105.2,9,17,457.8,100.4,122.45,5749.6,5749.6,4.82,1,1,3,0,1586.95,0
CUST-1363,63,Female,Rural,64,One-Year,2021-05-05,77.2,6,8,408.7,36.6,126.45,8459.18,8459.18,45.0,3,1,3,1,1638.79,0
CUST-1364,47,Female,Urban,13,Month-to-Month,2025-08-02,89.6,8,17,334.5,127.6,116.63,1515.43,1515.43,26.28,3,0,3,3,1679.47,1
CUST-1365,55,Female,Urban,17,Month-to-Month,2025-04-03,110.0,8,20,560.7,28.5,64.37,1062.41,1062.41,3.67,1,0,4,0,1235.9,0
CUST-1366,55,Female,Suburban,15,Month-to-Month,2025-06-02,108.5,6,10,312.9,93.4,107.95,1578.33,1578.33,5.29,2,0,3,1,1554.48,0
CUST-1367,62,Female,Suburban,59,One-Year,2021-10-04,98.4,9,9,378.2,68.3,94.56,5355.71,5355.71,61.69,2,1,3,0,1225.5,1
CUST-1368,68,Female,Suburban,2,Month-to-Month,2026-07-03,84.6,8,23,651.1,39.6,138.12,270.16,270.16,29.18,0,2,3,0,1591.14,0
CUST-1369,71,Female,Urban,13,One-Year,2025-08-02,102.6,6,21,813.3,142.8,110.25,1492.21,1492.21,6.01,1,3,2,0,740.88,1
CUST-1370,25,Male,Urban,38,One-Year,2023-07-04,24.4,6,20,707.6,55.2,36.49,1367.85,1367.85,54.37,3,0,3,0,525.46,0
CUST-1371,44,Male,Rural,28,Month-to-Month,2024-05-03,129.3,7,17,497.3,119.2,121.78,3454.0,3454.0,30.91,4,1,1,0,526.09,1
CUST-1372,44,Female,Suburban,19,Two-Year,2025-02-01,81.0,4,18,582.1,85.9,43.7,870.26,870.26,6.41,3,2,2,1,335.62,1
CUST-1373,51,Male,Suburban,26,One-Year,2024-07-03,63.0,7,23,502.9,49.4,140.98,3521.33,3521.33,20.91,2,1,3,1,1827.1,0
CUST-1374,38,Male,Urban,8,One-Year,2026-01-01,103.0,3,18,85.7,25.7,84.81,697.16,697.16,92.55,3,1,2,1,732.76,1
CUST-1375,47,Male,Urban,19,Two-Year,2025-02-01,102.1,2,9,158.8,196.2,165.75,3212.14,3212.14,48.73,2,0,3,1,2386.8,1
CUST-1376,50,Male,Suburban,23,Month-to-Month,2024-10-02,55.7,5,16,398.8,3.8,28.54,677.36,677.36,17.12,1,1,3,0,369.88,0
CUST-1377,45,Male,Suburban,72,Month-to-Month,2020-09-04,87.0,5,19,795.8,146.2,108.2,7507.74,7507.74,0.19,0,0,5,0,2596.8,0
CUST-1378,64,Male,Urban,10,Two-Year,2025-11-01,86.1,8,25,235.5,45.9,57.9,579.1,579.1,8.96,0,0,3,1,833.76,0
CUST-1379,50,Female,Rural,67,One-Year,2021-02-03,84.2,7,19,581.3,89.8,112.15,7613.24,7613.24,6.98,2,0,3,0,1614.96,0
CUST-1380,22,Female,Urban,34,Two-Year,2023-11-03,133.7,5,22,225.3,26.4,86.26,3009.12,3009.12,16.6,2,1,3,0,1117.93,0
CUST-1381,65,Male,Urban,1,Month-to-Month,2026-08-02,84.4,4,12,614.1,31.5,94.83,96.85,96.85,74.95,2,0,3,0,1365.55,0
CUST-1382,36,Male,Urban,43,One-Year,2023-02-02,81.1,4,10,550.5,13.8,68.42,2962.94,2962.94,6.95,1,0,4,0,1313.66,0
CUST-1383,21,Female,Urban,2,Month-to-Month,2026-07-03,64.6,6,11,222.6,200.6,61.02,121.66,121.66,1.79,3,1,3,2,790.82,1
CUST-1384,52,Male,Urban,72,Month-to-Month,2020-09-04,60.3,11,15,470.9,2.9,37.63,2829.04,2829.04,4.93,4,0,3,0,541.87,0
CUST-1385,66,Female,Urban,68,Month-to-Month,2021-01-03,96.8,6,11,567.9,31.8,128.5,8459.94,8459.94,20.68,2,4,1,0,370.08,1
CUST-1386,34,Female,Urban,12,Month-to-Month,2025-09-02,70.9,7,12,491.4,26.5,109.79,1278.53,1278.53,2.45,3,1,3,0,1422.88,1
CUST-1387,61,Female,Suburban,10,Month-to-Month,2025-11-01,79.4,11,15,664.9,109.0,129.83,1247.81,1247.81,28.46,0,1,4,1,2243.46,0
CUST-1388,45,Male,Urban,16,One-Year,2025-05-03,90.9,5,17,579.1,45.3,45.9,705.95,705.95,11.2,0,0,5,0,1101.6,0
CUST-1389,47,Female,Urban,15,Month-to-Month,2025-06-02,86.9,14,13,782.6,12.0,32.47,505.24,505.24,16.44,1,1,4,0,561.08,0
CUST-1390,46,Male,Urban,16,Month-to-Month,2025-05-03,89.0,6,18,735.2,46.2,33.92,548.5,548.5,5.94,2,1,4,2,586.14,1
CUST-1391,63,Female,Urban,13,Month-to-Month,2025-08-02,88.9,1,24,539.8,17.5,87.63,1188.76,1188.76,47.93,2,0,4,0,1682.5,1
CUST-1392,70,Female,Suburban,32,Month-to-Month,2024-01-03,103.7,8,16,598.5,2.0,82.9,2755.43,2755.43,16.81,1,0,4,0,1591.68,0
CUST-1393,23,Male,Urban,6,Two-Year,2026-03-03,164.2,4,21,411.9,51.1,45.39,266.91,266.91,4.28,2,0,3,0,653.62,0
CUST-1394,52,Male,Suburban,62,Month-to-Month,2021-07-05,121.9,3,17,525.0,29.1,69.22,4352.29,4352.29,15.7,0,1,3,0,897.09,0
CUST-1395,58,Male,Suburban,55,Month-to-Month,2022-02-02,74.1,2,27,571.0,17.7,88.64,4816.42,4816.42,143.71,0,0,3,0,1276.42,1
CUST-1396,54,Female,Urban,22,Two-Year,2024-11-02,121.5,3,25,351.8,12.3,104.56,2386.85,2386.85,43.81,0,0,4,0,2007.55,0
CUST-1397,41,Male,Urban,63,One-Year,2021-06-04,53.4,9,24,725.5,39.3,124.04,7997.58,7997.58,71.22,1,0,4,1,2381.57,1
CUST-1398,46,Female,Urban,10,One-Year,2025-11-01,68.0,3,20,381.4,132.4,118.62,1141.54,1141.54,77.88,5,0,2,1,1138.75,1
CUST-1399,66,Male,Urban,1,One-Year,2026-08-02,106.2,12,21,505.2,92.3,42.29,41.25,41.25,27.86,2,1,4,0,730.77,0
CUST-1400,63,Female,Suburban,32,Two-Year,2024-01-03,105.3,3,18,417.3,2.0,92.7,3013.14,3013.14,28.49,2,1,3,0,1201.39,0
CUST-1401,70,Female,Suburban,21,Month-to-Month,2024-12-02,103.0,3,19,714.7,85.4,47.92,980.77,980.77,83.0,2,1,3,0,621.04,1
CUST-1402,48,Female,Urban,28,Two-Year,2024-05-03,67.3,5,23,202.1,4.9,90.7,2548.24,2548.24,72.3,3,1,3,1,1175.47,0
CUST-1403,52,Female,Urban,72,Two-Year,2020-09-04,67.5,6,20,219.8,51.6,75.98,5330.65,5330.65,44.1,1,0,4,1,1458.82,0
CUST-1404,50,Male,Urban,72,One-Year,2020-09-04,88.9,8,19,343.1,98.4,72.69,5329.21,5329.21,60.4,1,0,5,0,1744.56,0
CUST-1405,69,Male,Suburban,34,One-Year,2023-11-03,77.4,12,18,382.1,39.2,86.28,2808.85,2808.85,47.34,3,0,4,1,1656.58,0
CUST-1406,38,Female,Urban,48,One-Year,2022-09-03,111.6,5,27,459.9,30.7,73.48,3605.07,3605.07,12.88,2,0,4,1,1410.82,0
CUST-1407,49,Male,Urban,3,Month-to-Month,2026-06-02,76.7,1,18,220.0,182.3,147.83,436.26,436.26,4.51,2,0,2,0,1419.17,1
CUST-1408,40,Male,Urban,6,Month-to-Month,2026-03-03,75.8,4,17,495.3,2.0,51.35,306.67,306.67,44.21,1,0,3,0,739.44,0
CUST-1409,50,Male,Suburban,44,Two-Year,2023-01-03,36.2,6,17,216.8,7.3,41.81,1836.62,1836.62,82.62,2,1,2,1,361.24,1
CUST-1410,20,Male,Rural,19,Month-to-Month,2025-02-01,111.3,6,7,474.4,132.8,141.17,2600.25,2600.25,134.44,5,0,2,1,1355.23,1
CUST-1411,35,Male,Urban,20,Month-to-Month,2025-01-01,94.7,5,16,664.3,141.3,74.19,1549.41,1549.41,1.75,4,1,2,0,641.0,1
CUST-1412,42,Female,Urban,13,One-Year,2025-08-02,16.4,4,14,604.4,30.3,33.25,410.64,410.64,35.45,3,1,3,0,430.92,1
CUST-1413,59,Male,Rural,31,Month-to-Month,2024-02-02,98.4,2,20,387.3,50.5,77.08,2359.07,2359.07,33.62,4,0,2,0,739.97,1
CUST-1414,48,Female,Urban,7,Month-to-Month,2026-02-01,73.0,9,13,340.5,11.7,120.94,815.13,815.13,16.12,4,1,1,0,522.46,1
CUST-1415,71,Male,Suburban,33,One-Year,2023-12-03,108.3,9,18,912.5,140.2,95.69,3113.54,3113.54,28.15,1,1,4,1,1653.52,0
CUST-1416,20,Female,Urban,7,One-Year,2026-02-01,81.8,8,22,574.3,41.2,85.23,572.98,572.98,21.3,2,1,3,0,1104.58,1
CUST-1417,57,Male,Suburban,3,Month-to-Month,2026-06-02,60.9,5,26,567.7,54.0,38.52,114.16,114.16,90.47,1,2,1,0,147.92,1
CUST-1418,63,Female,Urban,14,Two-Year,2025-07-03,136.9,6,16,632.0,8.2,108.0,1465.71,1465.71,12.44,2,1,3,0,1399.68,1
CUST-1419,41,Female,Rural,9,Month-to-Month,2025-12-02,132.2,8,12,552.7,62.0,73.83,668.04,668.04,6.92,3,3,1,0,248.07,1
CUST-1420,67,Male,Suburban,72,Month-to-Month,2020-09-04,79.4,5,10,551.4,77.4,120.4,8245.73,8245.73,39.14,1,0,4,0,2311.68,0
CUST-1421,49,Female,Suburban,2,Month-to-Month,2026-07-03,96.2,4,13,514.3,22.7,75.67,151.43,151.43,11.78,4,0,3,0,1089.65,1
CUST-1422,64,Female,Suburban,7,One-Year,2026-02-01,71.2,8,21,508.6,147.2,107.67,737.32,737.32,2.01,1,0,4,0,2067.26,0
CUST-1423,39,Female,Suburban,27,Month-to-Month,2024-06-03,33.8,5,21,400.3,14.8,95.01,2519.47,2519.47,56.59,4,1,1,0,410.44,1
CUST-1424,40,Female,Urban,22,Month-to-Month,2024-11-02,124.5,7,14,437.6,148.0,69.84,1514.15,1514.15,13.73,2,2,3,1,804.56,1
CUST-1425,19,Male,Rural,2,One-Year,2026-07-03,61.1,6,18,725.8,79.0,70.66,143.48,143.48,171.24,1,1,3,0,915.75,1
CUST-1426,44,Female,Rural,1,Month-to-Month,2026-08-02,123.2,4,12,604.6,115.5,109.67,112.5,112.5,13.09,0,1,4,1,1895.1,1
CUST-1427,59,Male,Urban,72,One-Year,2020-09-04,105.9,4,21,303.8,78.1,131.35,9296.15,9296.15,28.39,1,2,3,0,1513.15,0
CUST-1428,19,Male,Rural,36,One-Year,2023-09-03,93.6,5,13,618.9,36.4,141.02,5292.48,5292.48,6.15,2,0,3,0,2030.69,0
CUST-1429,43,Female,Suburban,15,Two-Year,2025-06-02,83.8,4,15,438.7,26.2,89.21,1371.1,1371.1,26.64,4,0,3,3,1284.62,1
CUST-1430,34,Male,Urban,21,One-Year,2024-12-02,106.0,4,15,318.3,86.1,46.41,965.24,965.24,10.78,0,3,3,0,467.81,0
CUST-1431,57,Female,Urban,11,Month-to-Month,2025-10-02,57.1,5,18,526.9,23.0,138.39,1461.06,1461.06,40.12,1,0,4,0,2657.09,0
CUST-1432,50,Female,Urban,14,Month-to-Month,2025-07-03,125.0,3,12,298.2,4.2,74.01,1042.39,1042.39,1.01,2,0,3,1,1065.74,0
CUST-1433,26,Female,Urban,35,Two-Year,2023-10-03,89.3,8,16,289.3,18.4,39.55,1400.0,1400.0,42.03,1,0,4,0,759.36,0
CUST-1434,60,Female,Urban,71,Two-Year,2020-10-04,129.9,3,19,682.7,91.5,150.53,10298.93,10298.93,25.52,2,0,4,0,2890.18,0
CUST-1435,71,Male,Urban,7,Month-to-Month,2026-02-01,81.3,5,11,231.9,102.4,72.63,526.31,526.31,16.73,4,0,2,2,697.25,1
CUST-1436,65,Male,Urban,61,One-Year,2021-08-04,89.3,2,11,488.1,21.0,103.69,6250.09,6250.09,2.34,3,0,3,0,1493.14,0
CUST-1437,56,Male,Urban,5,Month-to-Month,2026-04-02,92.9,10,18,610.5,25.8,45.45,219.35,219.35,2.26,1,0,4,1,872.64,0
CUST-1438,46,Male,Rural,8,Two-Year,2026-01-01,102.3,2,17,304.2,51.8,115.52,926.09,926.09,54.99,1,0,5,0,2772.48,0
CUST-1439,59,Male,Urban,2,Two-Year,2026-07-03,139.3,12,20,650.3,19.7,140.24,278.29,278.29,47.24,3,1,3,0,1817.51,1
CUST-1440,43,Male,Urban,5,Two-Year,2026-04-02,71.9,4,11,564.3,60.6,147.37,747.32,747.32,21.94,0,1,4,0,2546.55,1
CUST-1441,52,Female,Urban,72,Two-Year,2020-09-04,81.2,7,22,1072.0,21.5,42.74,2976.52,2976.52,0.24,1,0,3,2,615.46,0
CUST-1442,67,Female,Urban,21,Two-Year,2024-12-02,84.4,14,17,480.5,8.4,114.66,2292.47,2292.47,58.7,3,2,1,0,440.29,1
CUST-1443,42,Male,Suburban,3,Month-to-Month,2026-06-02,15.5,4,20,791.5,10.9,103.03,308.36,308.36,38.34,2,2,3,2,1186.91,1
CUST-1444,41,Female,Suburban,72,Two-Year,2020-09-04,68.4,6,18,237.6,18.7,119.98,8342.43,8342.43,2.8,1,1,3,0,1554.94,0
CUST-1445,30,Male,Suburban,70,One-Year,2020-11-03,70.3,7,18,312.5,11.9,65.11,4401.12,4401.12,11.33,1,0,4,1,1250.11,0
CUST-1446,24,Male,Urban,47,Two-Year,2022-10-04,164.1,5,18,654.2,238.1,106.91,5114.17,5114.17,2.46,0,0,5,1,2565.84,0
CUST-1447,53,Female,Suburban,72,One-Year,2020-09-04,92.8,10,23,355.1,69.8,74.78,5254.28,5254.28,71.36,2,0,4,0,1435.78,0
CUST-1448,62,Female,Urban,9,Month-to-Month,2025-12-02,99.8,5,9,370.9,12.8,115.08,1070.93,1070.93,24.52,1,2,2,1,883.81,1
CUST-1449,37,Female,Urban,60,One-Year,2021-09-03,40.9,9,20,794.2,35.8,123.42,7416.12,7416.12,16.41,2,1,4,1,2132.7,0
CUST-1450,18,Male,Urban,39,One-Year,2023-06-04,83.1,3,20,577.7,20.4,56.73,2236.38,2236.38,34.96,4,0,3,0,816.91,0
CUST-1451,25,Female,Urban,67,Month-to-Month,2021-02-03,113.1,7,18,553.5,75.0,102.12,6719.5,6719.5,47.94,1,0,4,0,1960.7,0
CUST-1452,63,Female,Urban,53,Month-to-Month,2022-04-04,160.5,11,20,507.6,131.3,59.18,3049.91,3049.91,37.05,2,0,3,1,852.19,0
CUST-1453,33,Female,Urban,14,One-Year,2025-07-03,64.5,11,12,525.2,33.3,31.51,426.1,426.1,61.78,0,0,5,0,756.24,0
CUST-1454,31,Female,Rural,49,Month-to-Month,2022-08-04,30.5,7,18,140.8,36.4,100.62,5032.48,5032.48,31.58,1,2,2,0,772.76,1
CUST-1455,29,Female,Urban,10,Month-to-Month,2025-11-01,61.7,5,17,485.3,33.0,126.58,1289.74,1289.74,0.11,3,0,3,0,1822.75,1
CUST-1456,68,Female,Urban,14,Month-to-Month,2025-07-03,61.9,7,15,330.4,38.8,135.07,1889.6,1889.6,5.12,2,0,4,0,2593.34,0
CUST-1457,40,Female,Urban,4,Two-Year,2026-05-03,62.1,1,19,638.6,2.4,96.7,397.68,397.68,70.66,1,1,3,0,1253.23,0
CUST-1458,32,Female,Suburban,72,One-Year,2020-09-04,112.2,5,14,328.0,58.4,126.75,9402.15,9402.15,4.79,4,0,3,0,1825.2,1
CUST-1459,45,Female,Urban,12,Month-to-Month,2025-09-02,95.3,5,13,355.2,197.4,101.1,1206.19,1206.19,33.83,2,0,4,1,1941.12,1
CUST-1460,51,Male,Rural,25,One-Year,2024-08-02,51.1,3,18,209.7,100.0,140.67,3569.91,3569.91,8.07,3,1,2,1,1215.39,1
CUST-1461,19,Female,Rural,17,One-Year,2025-04-03,127.5,8,23,568.7,128.5,133.36,2360.55,2360.55,113.07,0,0,3,0,1920.38,0
CUST-1462,49,Male,Urban,72,Month-to-Month,2020-09-04,141.8,3,12,711.9,16.9,63.02,4347.53,4347.53,8.94,3,0,3,0,907.49,0
CUST-1463,40,Male,Urban,14,Month-to-Month,2025-07-03,33.8,7,17,293.2,60.7,102.79,1368.85,1368.85,15.72,0,0,4,2,1973.57,0
CUST-1464,39,Female,Urban,50,One-Year,2022-07-04,120.3,4,17,334.1,145.3,52.68,2626.98,2626.98,52.01,1,0,5,0,1264.32,0
CUST-1465,68,Female,Suburban,64,Month-to-Month,2021-05-05,79.9,3,21,633.8,4.6,42.55,2677.38,2677.38,37.57,1,0,3,0,612.72,0
CUST-1466,42,Female,Urban,19,One-Year,2025-02-01,56.7,4,13,442.8,136.3,154.32,2810.99,2810.99,13.58,3,0,3,0,2222.21,1
CUST-1467,39,Male,Urban,16,Month-to-Month,2025-05-03,41.3,4,19,492.3,4.3,26.77,413.32,413.32,41.9,4,0,3,0,385.49,0
CUST-1468,39,Female,Urban,46,Month-to-Month,2022-11-03,71.4,9,20,548.0,265.1,88.14,3956.12,3956.12,136.79,4,1,2,0,761.53,0
CUST-1469,66,Male,Suburban,72,Two-Year,2020-09-04,69.3,6,11,409.5,5.7,41.82,2890.42,2890.42,5.48,2,1,2,0,361.32,0
CUST-1470,69,Female,Urban,47,Month-to-Month,2022-10-04,89.4,7,21,386.7,29.8,109.83,5068.62,5068.62,9.63,0,1,3,0,1423.4,1
CUST-1471,59,Female,Urban,9,One-Year,2025-12-02,149.4,5,17,286.2,3.7,37.7,326.84,326.84,20.86,1,0,3,0,542.88,0
CUST-1472,23,Female,Suburban,72,Month-to-Month,2020-09-04,69.8,5,22,268.5,3.8,27.88,2032.39,2032.39,13.16,2,0,3,0,401.47,0
CUST-1473,32,Female,Suburban,17,Month-to-Month,2025-04-03,42.8,5,14,111.4,130.8,151.62,2628.22,2628.22,13.34,2,1,3,0,1965.0,1
CUST-1474,71,Female,Rural,29,Month-to-Month,2024-04-03,75.1,10,16,479.5,4.3,126.01,3754.96,3754.96,19.62,0,0,4,1,2419.39,1
CUST-1475,60,Female,Urban,59,Month-to-Month,2021-10-04,116.3,4,22,479.4,102.3,81.56,4989.97,4989.97,54.57,1,3,2,1,548.08,1
CUST-1476,54,Male,Suburban,7,Month-to-Month,2026-02-01,77.6,4,19,534.0,154.3,59.71,397.2,397.2,15.46,3,2,3,0,687.86,0
CUST-1477,50,Male,Suburban,51,Month-to-Month,2022-06-04,104.5,6,21,609.7,177.7,129.65,6398.18,6398.18,10.39,4,1,2,0,1120.18,1
CUST-1478,25,Female,Urban,30,One-Year,2024-03-03,90.1,8,13,491.4,129.7,146.01,4518.13,4518.13,28.01,3,1,3,0,1892.29,1
CUST-1479,70,Female,Suburban,72,One-Year,2020-09-04,86.8,7,16,200.0,201.8,167.36,11484.16,11484.16,71.86,3,0,2,2,1606.66,0
CUST-1480,61,Male,Urban,7,Month-to-Month,2026-02-01,132.6,7,21,326.6,3.5,40.48,288.05,288.05,42.08,4,1,2,0,349.75,1
CUST-1481,61,Female,Rural,18,Two-Year,2025-03-03,56.0,5,22,272.0,369.6,149.47,2604.57,2604.57,14.55,1,2,3,0,1721.89,1
CUST-1482,22,Male,Urban,59,Month-to-Month,2021-10-04,53.8,8,22,276.9,2.0,74.81,4416.63,4416.63,125.35,2,0,4,0,1436.35,0
CUST-1483,56,Female,Suburban,1,Month-to-Month,2026-08-02,57.7,5,14,551.9,11.8,44.8,46.87,46.87,41.08,2,1,3,1,580.61,1
CUST-1484,21,Female,Urban,4,One-Year,2026-05-03,95.4,5,15,462.3,5.5,118.73,481.98,481.98,5.21,3,0,3,2,1709.71,1
CUST-1485,23,Female,Rural,72,Month-to-Month,2020-09-04,86.6,6,26,290.5,88.6,128.24,9111.6,9111.6,41.51,2,0,4,0,2462.21,0
CUST-1486,62,Female,Urban,11,Month-to-Month,2025-10-02,106.3,7,11,581.9,5.9,136.82,1533.47,1533.47,82.68,2,0,4,0,2626.94,1
CUST-1487,49,Male,Rural,72,Month-to-Month,2020-09-04,82.7,4,17,412.9,22.5,38.21,2615.09,2615.09,22.42,3,0,3,0,550.22,0
CUST-1488,69,Male,Rural,7,One-Year,2026-02-01,79.1,6,24,316.8,66.1,62.38,456.33,456.33,45.75,2,0,5,0,1497.12,0
CUST-1489,47,Female,Urban,15,One-Year,2025-06-02,94.9,8,24,524.4,44.8,126.89,1873.74,1873.74,5.72,1,1,5,1,2740.82,0
CUST-1490,64,Female,Suburban,46,Month-to-Month,2022-11-03,135.9,6,18,697.5,9.5,71.9,3466.19,3466.19,4.1,0,0,4,0,1380.48,1
CUST-1491,52,Male,Rural,36,Month-to-Month,2023-09-03,50.1,8,18,335.9,47.9,86.92,3184.32,3184.32,34.61,1,1,3,0,1126.48,0
CUST-1492,57,Female,Urban,29,One-Year,2024-04-03,57.4,9,15,281.3,27.1,99.39,2821.02,2821.02,17.9,2,0,4,0,1908.29,0
CUST-1493,69,Male,Urban,25,One-Year,2024-08-02,86.2,7,17,530.7,57.3,80.57,2037.47,2037.47,21.53,4,1,3,0,1044.19,0
CUST-1494,33,Female,Urban,61,Month-to-Month,2021-08-04,146.0,7,15,482.1,50.3,36.61,2206.47,2206.47,12.86,4,1,2,1,316.31,1
CUST-1495,30,Female,Urban,9,Month-to-Month,2025-12-02,52.9,5,20,372.8,296.2,138.89,1267.86,1267.86,21.28,1,1,4,1,2400.02,0
CUST-1496,67,Male,Urban,20,Month-to-Month,2025-01-01,84.7,6,19,341.4,129.5,70.74,1455.92,1455.92,3.65,0,1,4,0,1222.39,0
CUST-1497,59,Male,Urban,6,Month-to-Month,2026-03-03,58.7,3,13,476.9,2.0,136.72,817.92,817.92,4.0,2,1,2,0,1181.26,1
CUST-1498,47,Female,Urban,30,Two-Year,2024-03-03,96.9,9,19,240.8,12.6,106.28,3099.8,3099.8,20.55,0,2,3,0,1224.35,0
CUST-1499,36,Female,Urban,10,Month-to-Month,2025-11-01,23.1,6,21,376.0,158.8,145.5,1525.05,1525.05,21.12,2,2,2,0,1117.44,1
CUST-1500,34,Female,Urban,14,Month-to-Month,2025-07-03,53.9,10,15,325.2,50.4,142.32,1975.08,1975.08,71.79,1,1,3,0,1844.47,1
CUST-1501,36,Female,Rural,21,Two-Year,2024-12-02,123.4,6,19,285.1,92.6,46.18,938.4,938.4,14.04,0,0,4,0,886.66,0
CUST-1502,45,Female,Suburban,1,One-Year,2026-08-02,85.3,12,11,495.1,45.5,48.93,50.1,50.1,39.54,0,3,2,1,328.81,1
CUST-1503,43,Female,Urban,4,One-Year,2026-05-03,62.6,9,17,783.8,100.1,132.94,540.02,540.02,12.64,1,1,4,0,2297.2,0
CUST-1504,54,Female,Suburban,39,Month-to-Month,2023-06-04,83.6,3,25,171.3,9.3,128.14,5155.68,5155.68,12.88,1,1,4,0,2214.26,1
CUST-1505,43,Male,Suburban,19,One-Year,2025-02-01,83.1,7,16,605.8,87.0,38.62,697.21,697.21,43.19,3,1,3,0,500.52,0
CUST-1506,70,Male,Rural,66,One-Year,2021-03-05,101.8,4,12,467.2,132.4,153.56,9980.21,9980.21,28.9,2,2,2,0,1179.34,0
CUST-1507,40,Male,Urban,39,Month-to-Month,2023-06-04,22.7,5,18,20.0,20.1,80.26,3072.09,3072.09,16.33,4,0,3,1,1155.74,1
CUST-1508,26,Female,Urban,1,Two-Year,2026-08-02,53.9,6,24,384.6,29.9,82.68,86.18,86.18,23.11,2,0,4,0,1587.46,0
CUST-1509,29,Male,Rural,32,Two-Year,2024-01-03,56.4,4,19,1067.3,58.0,134.76,4247.49,4247.49,65.12,3,0,3,1,1940.54,1
CUST-1510,70,Female,Rural,4,One-Year,2026-05-03,103.9,8,17,81.4,131.7,78.06,313.09,313.09,47.95,0,1,2,1,674.44,0
CUST-1511,18,Female,Suburban,50,Month-to-Month,2022-07-04,84.8,6,23,663.6,154.9,115.34,5480.68,5480.68,95.48,0,1,3,0,1494.81,1
CUST-1512,18,Female,Suburban,72,Month-to-Month,2020-09-04,128.2,4,21,525.6,49.7,70.89,5261.36,5261.36,73.31,2,0,3,0,1020.82,0
CUST-1513,64,Male,Urban,25,Month-to-Month,2024-08-02,109.9,5,18,287.5,69.8,48.52,1166.18,1166.18,38.75,4,0,3,0,698.69,1
CUST-1514,51,Male,Urban,38,Month-to-Month,2023-07-04,74.6,8,24,539.4,134.1,86.35,3406.75,3406.75,7.38,0,0,4,0,1657.92,0
CUST-1515,49,Male,Urban,9,One-Year,2025-12-02,83.5,7,19,526.7,17.1,47.46,437.18,437.18,15.73,3,3,2,0,318.93,1
CUST-1516,71,Male,Urban,19,Month-to-Month,2025-02-01,123.8,3,19,438.8,113.4,101.92,1947.4,1947.4,28.31,3,2,1,0,391.37,1
CUST-1517,65,Male,Suburban,64,Two-Year,2021-05-05,128.0,7,15,393.8,19.7,88.89,5830.66,5830.66,1.2,2,1,3,2,1152.01,0
CUST-1518,42,Female,Urban,7,Month-to-Month,2026-02-01,82.1,4,18,379.4,56.5,83.77,603.56,603.56,40.02,1,0,4,2,1608.38,1
CUST-1519,57,Female,Urban,11,Month-to-Month,2025-10-02,55.4,7,19,503.9,177.3,71.59,807.31,807.31,137.0,1,2,3,0,824.72,1
CUST-1520,62,Female,Rural,20,One-Year,2025-01-01,22.0,8,17,543.6,46.6,45.64,927.49,927.49,61.51,2,1,3,0,591.49,0
CUST-1521,70,Female,Urban,41,Month-to-Month,2023-04-04,22.0,7,17,626.5,6.4,37.99,1616.89,1616.89,40.75,1,2,4,0,583.53,0
CUST-1522,18,Male,Rural,16,Two-Year,2025-05-03,99.2,5,17,421.2,147.0,59.95,951.82,951.82,39.65,1,2,3,0,690.62,1
CUST-1523,33,Female,Rural,72,Two-Year,2020-09-04,98.6,4,20,514.6,57.2,67.49,4891.43,4891.43,79.57,5,1,1,0,291.56,1
CUST-1524,56,Female,Suburban,4,Month-to-Month,2026-05-03,64.7,7,11,217.8,4.8,25.93,108.59,108.59,13.0,2,1,3,1,336.05,0
CUST-1525,22,Male,Urban,16,Month-to-Month,2025-05-03,124.0,15,18,137.8,2.0,32.46,512.73,512.73,20.71,1,0,4,1,623.23,0
CUST-1526,39,Female,Urban,41,Month-to-Month,2023-04-04,78.8,5,16,372.3,19.7,82.05,3448.46,3448.46,37.8,1,2,3,0,945.22,0
CUST-1527,46,Male,Urban,9,One-Year,2025-12-02,67.3,8,15,241.1,8.3,47.26,420.74,420.74,29.76,1,1,3,1,612.49,1
CUST-1528,20,Female,Urban,36,Month-to-Month,2023-09-03,120.1,14,22,448.4,64.4,64.94,2330.87,2330.87,65.05,2,0,3,0,935.14,1
CUST-1529,29,Female,Urban,6,One-Year,2026-03-03,116.2,7,25,524.3,59.0,74.49,439.59,439.59,15.96,4,2,1,0,286.04,1
CUST-1530,43,Male,Rural,2,Month-to-Month,2026-07-03,83.5,7,18,465.2,119.5,47.48,91.67,91.67,18.84,5,0,2,0,455.81,1
CUST-1531,33,Female,Urban,5,One-Year,2026-04-02,100.5,5,23,356.9,46.8,57.32,300.13,300.13,10.03,2,1,3,1,742.87,1
CUST-1532,68,Female,Suburban,72,One-Year,2020-09-04,104.3,5,15,297.3,19.0,117.16,8391.07,8391.07,35.62,3,1,2,0,1012.26,0
CUST-1533,54,Female,Urban,27,Month-to-Month,2024-06-03,150.3,7,19,577.7,3.4,64.71,1708.62,1708.62,17.32,3,1,3,0,838.64,1
CUST-1534,39,Male,Suburban,53,Month-to-Month,2022-04-04,81.1,9,14,644.9,2.0,46.71,2511.84,2511.84,27.84,4,0,3,1,672.62,1
CUST-1535,46,Female,Rural,14,Month-to-Month,2025-07-03,49.6,7,18,451.8,169.0,73.1,983.58,983.58,2.19,0,0,4,2,1403.52,0
CUST-1536,31,Male,Urban,30,Month-to-Month,2024-03-03,103.8,9,19,311.6,10.1,139.77,4211.3,4211.3,42.65,0,1,4,0,2415.23,1
CUST-1537,45,Male,Urban,23,Month-to-Month,2024-10-02,86.9,3,16,585.0,44.9,48.81,1130.95,1130.95,26.62,3,0,3,0,702.86,0
CUST-1538,22,Male,Suburban,72,Month-to-Month,2020-09-04,88.4,9,20,225.3,102.9,144.56,10091.86,10091.86,47.45,1,1,3,0,1873.5,0
CUST-1539,64,Female,Suburban,46,Two-Year,2022-11-03,84.1,6,16,258.5,171.6,60.0,2886.85,2886.85,10.07,1,0,3,0,864.0,0
CUST-1540,66,Female,Suburban,44,Two-Year,2023-01-03,37.3,9,20,565.9,14.6,127.76,5674.66,5674.66,67.7,4,0,3,0,1839.74,0
CUST-1541,47,Female,Urban,2,One-Year,2026-07-03,92.8,5,13,161.3,17.2,85.87,166.98,166.98,71.61,2,0,3,0,1236.53,0
CUST-1542,63,Female,Urban,27,Month-to-Month,2024-06-03,74.2,4,20,220.5,12.9,96.93,2704.37,2704.37,20.11,3,0,4,0,1861.06,0
CUST-1543,69,Male,Rural,21,One-Year,2024-12-02,75.7,4,17,667.3,11.3,54.97,1132.1,1132.1,3.5,0,0,4,1,1055.42,0
CUST-1544,22,Male,Rural,72,Month-to-Month,2020-09-04,73.1,7,15,155.9,39.4,134.26,9888.97,9888.97,24.77,5,0,2,1,1288.9,1
CUST-1545,29,Male,Urban,10,Month-to-Month,2025-11-01,83.8,3,21,391.5,65.7,102.37,1036.84,1036.84,36.45,1,1,3,1,1326.72,1
CUST-1546,33,Male,Suburban,11,Month-to-Month,2025-10-02,92.8,4,19,765.7,79.6,114.65,1218.23,1218.23,32.02,0,0,4,0,2201.28,1
CUST-1547,43,Male,Urban,18,Month-to-Month,2025-03-03,84.1,6,22,557.2,25.8,92.89,1604.22,1604.22,79.78,0,0,5,2,2229.36,0
CUST-1548,43,Male,Urban,10,Month-to-Month,2025-11-01,119.6,7,24,264.4,63.5,48.93,494.56,494.56,87.64,4,1,2,0,422.76,1
CUST-1549,65,Male,Urban,5,Month-to-Month,2026-04-02,107.7,6,18,513.5,2.0,121.47,617.57,617.57,34.06,1,0,4,1,2332.22,1
CUST-1550,38,Male,Urban,64,Two-Year,2021-05-05,82.8,8,10,526.2,142.5,67.48,4159.38,4159.38,35.98,2,1,3,1,874.54,0
CUST-1551,56,Male,Urban,27,Month-to-Month,2024-06-03,53.9,9,19,251.6,132.5,78.45,2048.83,2048.83,4.87,0,0,4,0,1506.24,0
CUST-1552,53,Male,Urban,65,Two-Year,2021-04-04,102.4,2,16,544.6,51.1,109.65,6806.59,6806.59,17.49,4,0,3,1,1578.96,0
CUST-1553,50,Female,Urban,59,Month-to-Month,2021-10-04,75.6,5,18,688.3,18.1,38.45,2185.63,2185.63,14.02,3,0,4,1,738.24,0
CUST-1554,47,Female,Suburban,11,Month-to-Month,2025-10-02,79.9,6,19,733.3,232.9,167.28,1856.29,1856.29,14.85,1,0,4,0,3211.78,0
CUST-1555,54,Female,Suburban,27,Month-to-Month,2024-06-03,45.4,7,16,531.1,108.2,55.5,1453.64,1453.64,45.49,0,3,2,0,372.96,1
CUST-1556,40,Male,Suburban,3,One-Year,2026-06-02,97.4,6,19,596.7,2.0,102.02,299.59,299.59,23.43,2,0,3,0,1469.09,1
CUST-1557,27,Male,Rural,72,Month-to-Month,2020-09-04,162.8,3,18,287.6,41.2,104.22,7545.3,7545.3,24.44,1,0,3,0,1500.77,0
CUST-1558,71,Female,Urban,18,Month-to-Month,2025-03-03,69.8,3,18,760.9,7.0,106.32,1897.33,1897.33,9.96,0,0,4,1,2041.34,1
CUST-1559,22,Male,Suburban,17,Month-to-Month,2025-04-03,103.7,6,18,291.4,9.2,76.22,1340.47,1340.47,6.4,2,0,3,1,1097.57,1
CUST-1560,53,Male,Suburban,12,Month-to-Month,2025-09-02,122.4,7,28,328.4,2.0,69.26,837.03,837.03,18.43,2,0,4,1,1329.79,0
CUST-1561,51,Male,Urban,21,One-Year,2024-12-02,69.3,0,22,374.4,75.6,148.78,3009.42,3009.42,2.08,1,0,4,2,2856.58,0
CUST-1562,69,Male,Urban,10,Month-to-Month,2025-11-01,12.2,6,21,355.5,18.9,121.81,1204.01,1204.01,6.08,0,1,4,2,2104.88,1
CUST-1563,48,Male,Urban,16,Month-to-Month,2025-05-03,105.9,8,9,240.3,23.6,84.37,1317.35,1317.35,59.74,1,0,4,0,1619.9,0
CUST-1564,27,Male,Rural,53,Two-Year,2022-04-04,87.4,6,19,399.0,3.1,46.43,2401.48,2401.48,20.13,2,0,4,1,891.46,0
CUST-1565,36,Female,Urban,60,Month-to-Month,2021-09-03,94.3,2,15,725.0,2.0,127.71,7475.99,7475.99,131.08,1,0,4,0,2452.03,1
CUST-1566,49,Male,Rural,12,One-Year,2025-09-02,86.6,6,19,336.6,102.3,114.95,1368.14,1368.14,0.15,2,1,3,0,1489.75,0
CUST-1567,18,Male,Suburban,21,One-Year,2024-12-02,119.8,6,23,345.1,70.4,51.17,1035.03,1035.03,88.65,1,0,4,0,982.46,0
CUST-1568,22,Female,Suburban,68,Two-Year,2021-01-03,82.1,5,17,703.8,31.3,50.75,3365.55,3365.55,36.99,2,1,3,0,657.72,0
CUST-1569,62,Male,Suburban,2,Month-to-Month,2026-07-03,150.1,7,14,91.5,4.7,87.9,179.34,179.34,34.15,1,0,4,0,1687.68,0
CUST-1570,21,Male,Suburban,72,One-Year,2020-09-04,105.9,8,17,596.6,97.2,97.5,7249.86,7249.86,64.22,1,0,3,1,1404.0,1
CUST-1571,33,Female,Urban,9,Month-to-Month,2025-12-02,115.3,7,10,411.0,169.6,97.5,834.83,834.83,34.5,4,0,2,1,936.0,1
CUST-1572,41,Male,Urban,38,One-Year,2023-07-04,85.2,2,15,538.1,48.7,81.4,2964.35,2964.35,1.24,1,0,4,0,1562.88,0
CUST-1573,33,Male,Suburban,29,Month-to-Month,2024-04-03,94.3,12,20,504.7,9.7,46.26,1389.17,1389.17,82.5,0,1,4,0,799.37,0
CUST-1574,19,Male,Urban,27,Month-to-Month,2024-06-03,34.3,4,13,700.0,68.7,64.69,1696.79,1696.79,72.27,0,0,4,0,1242.05,1
CUST-1575,66,Male,Urban,65,Two-Year,2021-04-04,67.7,9,20,246.1,4.8,82.38,5254.13,5254.13,25.68,0,1,3,0,1067.64,0
CUST-1576,45,Female,Urban,4,Month-to-Month,2026-05-03,117.3,1,19,208.9,11.8,34.09,134.14,134.14,4.71,1,0,4,0,654.53,1
CUST-1577,49,Female,Rural,14,Two-Year,2025-07-03,83.0,9,20,514.9,41.4,71.76,1041.4,1041.4,60.3,2,1,2,1,620.01,1
CUST-1578,44,Male,Urban,26,Two-Year,2024-07-03,51.3,5,13,247.5,18.6,51.99,1306.15,1306.15,26.41,1,1,3,0,673.79,0
CUST-1579,37,Female,Suburban,55,Month-to-Month,2022-02-02,64.5,5,20,596.3,173.1,71.04,4029.32,4029.32,13.82,1,3,2,1,477.39,1
CUST-1580,41,Female,Urban,9,Month-to-Month,2025-12-02,64.2,9,15,528.7,107.6,57.99,520.22,520.22,175.25,1,0,4,0,1113.41,1
CUST-1581,29,Male,Urban,54,Month-to-Month,2022-03-05,83.8,5,17,511.1,21.1,44.28,2458.83,2458.83,6.29,2,0,3,1,637.63,1
CUST-1582,67,Female,Suburban,17,Two-Year,2025-04-03,60.0,4,14,328.9,215.7,75.81,1313.01,1313.01,6.29,0,1,4,0,1310.0,0
CUST-1583,52,Male,Urban,7,Month-to-Month,2026-02-01,127.7,6,21,444.1,30.9,72.66,520.43,520.43,32.04,3,0,3,0,1046.3,1
CUST-1584,50,Male,Suburban,47,One-Year,2022-10-04,91.2,4,24,407.8,54.6,44.86,2027.0,2027.0,10.87,1,2,2,0,344.52,0
CUST-1585,50,Male,Suburban,4,One-Year,2026-05-03,43.1,3,14,755.9,54.0,136.25,534.58,534.58,18.59,0,0,4,0,2616.0,0
CUST-1586,68,Male,Suburban,24,Two-Year,2024-09-02,131.1,5,16,400.2,68.2,92.48,2158.96,2158.96,9.63,3,0,3,0,1331.71,0
CUST-1587,60,Male,Urban,3,One-Year,2026-06-02,83.6,7,20,330.4,18.1,85.77,247.68,247.68,53.41,1,1,4,0,1482.11,0
CUST-1588,54,Female,Rural,15,One-Year,2025-06-02,100.2,6,13,633.8,165.9,74.15,1127.74,1127.74,11.24,3,4,2,0,427.1,1
CUST-1589,29,Male,Suburban,31,Month-to-Month,2024-02-02,94.2,6,25,280.0,20.1,127.73,4036.89,4036.89,64.63,1,2,2,0,980.97,0
CUST-1590,20,Male,Rural,27,Month-to-Month,2024-06-03,97.5,9,25,778.4,71.1,130.89,3407.33,3407.33,46.6,0,1,3,0,1696.33,0
CUST-1591,18,Male,Urban,18,Month-to-Month,2025-03-03,74.7,7,19,163.5,94.3,43.09,796.45,796.45,12.37,1,0,4,3,827.33,1
CUST-1592,50,Female,Urban,19,Two-Year,2025-02-01,94.9,7,21,772.4,138.6,130.02,2417.72,2417.72,56.16,3,0,4,1,2496.38,0
CUST-1593,57,Female,Rural,9,One-Year,2025-12-02,80.5,8,10,451.6,39.7,52.14,463.48,463.48,13.43,1,1,2,1,450.49,1
CUST-1594,27,Female,Rural,20,One-Year,2025-01-01,95.9,9,18,376.2,80.8,101.02,2120.06,2120.06,18.27,2,2,2,0,775.83,1
CUST-1595,60,Female,Urban,72,One-Year,2020-09-04,79.4,9,22,764.1,5.8,125.98,8791.17,8791.17,2.85,4,1,2,1,1088.47,0
CUST-1596,61,Female,Urban,63,Month-to-Month,2021-06-04,76.3,10,11,403.1,97.8,147.09,8912.8,8912.8,29.44,0,2,4,0,2259.3,1
CUST-1597,46,Male,Urban,6,Month-to-Month,2026-03-03,41.1,3,19,264.0,91.6,59.95,351.37,351.37,59.31,1,0,4,0,1151.04,1
CUST-1598,30,Female,Urban,1,Month-to-Month,2026-08-02,84.8,6,18,439.1,34.4,138.21,144.18,144.18,34.14,3,0,4,0,2653.63,1
CUST-1599,29,Female,Urban,72,Month-to-Month,2020-09-04,91.7,4,21,563.6,24.4,36.67,2539.92,2539.92,28.08,1,0,3,0,528.05,0
CUST-1600,48,Female,Urban,25,One-Year,2024-08-02,140.5,3,17,436.1,31.1,134.24,3394.91,3394.91,79.87,2,1,3,1,1739.75,0
CUST-1601,63,Female,Rural,26,Month-to-Month,2024-07-03,99.4,6,11,397.4,6.2,114.74,3070.67,3070.67,20.38,2,2,1,1,440.6,1
CUST-1602,19,Male,Urban,50,One-Year,2022-07-04,63.3,2,17,393.8,66.0,139.99,7295.14,7295.14,191.28,2,2,3,0,1612.68,0
CUST-1603,68,Male,Suburban,13,One-Year,2025-08-02,54.6,5,17,554.7,158.7,90.92,1179.36,1179.36,21.61,1,0,3,1,1309.25,1
CUST-1604,67,Male,Urban,22,Month-to-Month,2024-11-02,93.0,4,23,240.5,71.2,143.87,3151.75,3151.75,36.08,3,1,2,1,1243.04,1
CUST-1605,52,Female,Urban,72,Month-to-Month,2020-09-04,62.7,3,15,530.9,56.5,127.6,9488.18,9488.18,1.66,1,0,5,0,3062.4,0
CUST-1606,40,Female,Urban,37,Month-to-Month,2023-08-04,67.9,9,15,724.5,304.1,108.37,3887.73,3887.73,41.97,1,2,2,0,832.28,1
CUST-1607,34,Male,Urban,6,Month-to-Month,2026-03-03,62.6,4,16,705.3,50.7,71.59,427.91,427.91,13.47,1,2,3,0,824.72,0
CUST-1608,43,Female,Suburban,5,One-Year,2026-04-02,75.1,7,10,716.0,27.6,70.22,355.94,355.94,4.78,1,0,4,1,1348.22,0
CUST-1609,25,Male,Rural,8,Month-to-Month,2026-01-01,107.1,10,19,294.0,79.3,104.6,853.54,853.54,5.61,3,1,2,2,903.74,1
CUST-1610,46,Female,Urban,48,One-Year,2022-09-03,25.3,3,21,751.7,47.9,53.1,2449.87,2449.87,24.85,2,1,3,0,688.18,0
CUST-1611,43,Male,Urban,12,One-Year,2025-09-02,123.8,4,17,423.5,232.6,109.75,1365.36,1365.36,31.17,1,1,3,1,1422.36,1
CUST-1612,27,Male,Urban,1,Month-to-Month,2026-08-02,78.9,7,22,524.2,148.4,55.03,56.78,56.78,42.52,2,1,3,0,713.19,1
CUST-1613,43,Male,Rural,72,One-Year,2020-09-04,66.0,6,20,452.7,190.7,94.82,6702.14,6702.14,20.68,2,0,3,0,1365.41,0
CUST-1614,51,Female,Suburban,7,One-Year,2026-02-01,111.6,9,20,334.3,2.0,101.97,712.1,712.1,70.02,0,0,5,0,2447.28,0
CUST-1615,68,Male,Urban,1,One-Year,2026-08-02,78.8,5,18,478.5,26.4,96.76,95.64,95.64,2.48,2,0,4,1,1857.79,0
CUST-1616,58,Male,Suburban,9,Month-to-Month,2025-12-02,53.6,7,16,592.4,64.1,71.02,669.93,669.93,4.53,1,2,3,1,818.15,1
CUST-1617,24,Female,Suburban,9,Month-to-Month,2025-12-02,39.3,7,15,552.5,24.0,58.17,527.93,527.93,9.05,2,1,3,0,753.88,1
CUST-1618,21,Male,Urban,18,Month-to-Month,2025-03-03,105.9,4,13,522.1,69.4,73.03,1284.37,1284.37,3.76,2,0,4,1,1402.18,1
CUST-1619,70,Female,Urban,72,Month-to-Month,2020-09-04,107.8,9,16,303.2,81.6,45.24,3337.39,3337.39,49.36,0,2,3,0,521.16,0
CUST-1620,67,Female,Rural,70,One-Year,2020-11-03,72.6,8,17,422.5,63.5,64.14,4634.21,4634.21,15.78,1,0,4,2,1231.49,0
CUST-1621,62,Male,Suburban,21,One-Year,2024-12-02,124.6,6,21,496.6,39.8,112.4,2413.78,2413.78,32.44,2,2,3,0,1294.85,1
CUST-1622,28,Female,Urban,18,Two-Year,2025-03-03,86.1,1,22,162.2,77.6,57.19,986.55,986.55,50.67,0,0,4,0,1098.05,0
CUST-1623,46,Male,Urban,27,Month-to-Month,2024-06-03,124.8,4,18,558.6,98.5,55.68,1471.45,1471.45,27.73,1,0,4,1,1069.06,0
CUST-1624,53,Female,Urban,10,Month-to-Month,2025-11-01,56.3,2,14,525.9,77.4,133.91,1320.68,1320.68,26.68,2,3,2,0,899.88,1
CUST-1625,42,Male,Urban,2,One-Year,2026-07-03,52.6,7,18,708.1,108.6,68.5,133.12,133.12,20.95,2,0,4,0,1315.2,1
CUST-1626,38,Female,Suburban,72,Month-to-Month,2020-09-04,69.6,7,12,371.9,191.2,82.56,5933.23,5933.23,41.62,3,0,3,1,1188.86,0
CUST-1627,53,Male,Urban,7,Month-to-Month,2026-02-01,73.0,6,22,438.1,7.0,79.3,545.08,545.08,26.4,2,2,2,1,609.02,1
CUST-1628,27,Female,Suburban,8,Month-to-Month,2026-01-01,119.5,10,14,449.4,154.0,102.37,781.0,781.0,18.09,2,2,2,1,786.2,1
CUST-1629,54,Male,Rural,21,Month-to-Month,2024-12-02,93.8,6,20,573.1,20.8,49.53,1055.95,1055.95,33.66,3,3,1,1,166.42,1
CUST-1630,26,Male,Urban,23,One-Year,2024-10-02,62.2,6,18,370.2,53.9,97.04,2217.63,2217.63,114.02,3,2,2,0,745.27,1
CUST-1631,41,Male,Urban,1,Month-to-Month,2026-08-02,85.3,3,20,674.4,185.5,132.83,126.56,126.56,57.79,0,0,4,2,2550.34,1
CUST-1632,52,Male,Urban,6,One-Year,2026-03-03,72.2,10,26,409.7,62.9,90.15,564.32,564.32,20.74,2,0,4,0,1730.88,0
CUST-1633,66,Female,Suburban,16,Two-Year,2025-05-03,60.9,6,17,491.4,5.7,128.83,2092.41,2092.41,32.74,0,0,5,0,3091.92,0
CUST-1634,52,Male,Urban,38,Month-to-Month,2023-07-04,82.6,3,15,321.4,45.0,145.78,5303.62,5303.62,17.38,0,0,3,0,2099.23,1
CUST-1635,65,Female,Suburban,9,Two-Year,2025-12-02,79.3,8,21,242.8,146.1,107.7,1007.04,1007.04,25.71,0,1,3,0,1395.79,1
CUST-1636,53,Female,Rural,19,Month-to-Month,2025-02-01,62.0,6,22,429.0,34.5,142.04,2677.4,2677.4,46.3,4,2,2,1,1090.87,1
CUST-1637,35,Female,Urban,27,Two-Year,2024-06-03,61.7,5,18,296.2,122.4,117.71,3095.41,3095.41,63.69,1,1,3,1,1525.52,0
CUST-1638,66,Male,Rural,72,Month-to-Month,2020-09-04,109.4,3,12,266.5,102.7,101.23,6957.66,6957.66,2.21,6,1,1,1,437.31,1
CUST-1639,56,Male,Rural,13,One-Year,2025-08-02,97.7,6,12,443.3,154.0,148.15,1973.1,1973.1,6.3,1,0,4,1,2844.48,1
CUST-1640,49,Female,Urban,5,Month-to-Month,2026-04-02,113.3,2,18,209.1,19.8,139.12,728.25,728.25,30.39,1,1,4,0,2403.99,0
CUST-1641,41,Male,Urban,23,One-Year,2024-10-02,76.5,8,21,392.0,44.6,146.58,3265.25,3265.25,42.55,2,1,3,0,1899.68,0
CUST-1642,40,Male,Rural,46,One-Year,2022-11-03,52.4,8,19,454.8,26.5,116.29,5304.89,5304.89,37.84,4,0,3,0,1674.58,0
CUST-1643,49,Female,Rural,4,Month-to-Month,2026-05-03,67.8,5,17,642.7,49.7,88.26,343.77,343.77,10.05,2,1,2,0,762.57,1
CUST-1644,54,Female,Urban,19,Two-Year,2025-02-01,115.8,6,18,425.3,2.0,59.34,1135.63,1135.63,37.19,6,1,1,1,256.35,1
CUST-1645,29,Female,Urban,1,Month-to-Month,2026-08-02,37.0,3,17,520.4,18.0,91.87,95.28,95.28,21.69,1,0,4,0,1763.9,0
CUST-1646,66,Male,Urban,2,Month-to-Month,2026-07-03,128.3,6,18,221.4,237.3,150.01,288.94,288.94,9.83,3,1,3,1,1944.13,0
CUST-1647,30,Female,Rural,22,One-Year,2024-11-02,51.7,4,21,225.2,60.1,37.1,799.73,799.73,75.59,2,1,3,0,480.82,0
CUST-1648,40,Male,Urban,12,One-Year,2025-09-02,108.4,4,16,605.4,12.4,57.64,668.49,668.49,26.43,0,0,4,0,1106.69,0
CUST-1649,42,Male,Urban,62,Month-to-Month,2021-07-05,54.4,4,22,323.3,46.1,72.7,4385.1,4385.1,69.43,3,1,2,0,628.13,0
CUST-1650,52,Female,Suburban,31,Month-to-Month,2024-02-02,67.1,4,20,272.4,77.8,126.37,3772.5,3772.5,18.94,1,1,3,0,1637.76,0
CUST-1651,58,Male,Urban,20,Two-Year,2025-01-01,23.3,9,17,268.0,60.2,104.58,2119.76,2119.76,35.08,3,1,3,0,1355.36,0
CUST-1652,47,Male,Suburban,18,One-Year,2025-03-03,140.6,7,18,388.3,45.3,80.75,1387.15,1387.15,59.43,1,2,3,0,930.24,1
CUST-1653,34,Male,Urban,23,Month-to-Month,2024-10-02,102.2,6,20,564.9,72.8,141.64,3332.32,3332.32,13.95,2,1,3,0,1835.65,1
CUST-1654,66,Female,Rural,2,Month-to-Month,2026-07-03,104.0,5,13,57.0,11.9,88.67,170.99,170.99,68.21,3,1,2,0,766.11,1
CUST-1655,37,Female,Urban,72,Two-Year,2020-09-04,70.2,2,18,923.1,37.5,113.87,8007.35,8007.35,15.16,3,1,2,1,983.84,0
CUST-1656,65,Female,Suburban,72,One-Year,2020-09-04,57.1,4,18,461.8,90.2,113.91,8074.63,8074.63,7.9,1,1,4,0,1968.36,0
CUST-1657,42,Female,Suburban,7,Two-Year,2026-02-01,108.3,5,19,293.5,56.3,132.17,914.19,914.19,47.16,4,0,3,0,1903.25,0
CUST-1658,39,Male,Urban,5,Month-to-Month,2026-04-02,48.9,9,14,420.2,153.9,141.51,684.41,684.41,14.27,2,1,3,1,1833.97,1
CUST-1659,30,Male,Urban,6,One-Year,2026-03-03,80.0,7,13,275.2,38.1,144.46,865.79,865.79,107.32,3,0,3,0,2080.22,0
CUST-1660,36,Male,Urban,36,One-Year,2023-09-03,47.5,3,20,481.3,9.2,69.99,2619.11,2619.11,57.12,2,3,2,1,470.33,0
CUST-1661,66,Male,Urban,36,Month-to-Month,2023-09-03,88.7,7,24,304.7,3.2,44.45,1593.6,1593.6,9.17,2,1,3,2,576.07,1
CUST-1662,53,Male,Suburban,62,One-Year,2021-07-05,27.5,4,10,475.0,42.2,118.71,7012.52,7012.52,150.76,0,1,4,2,2051.31,0
CUST-1663,29,Female,Suburban,46,One-Year,2022-11-03,40.6,4,13,362.3,37.4,131.2,5952.76,5952.76,15.82,1,0,4,0,2519.04,0
CUST-1664,58,Male,Urban,20,Month-to-Month,2025-01-01,59.2,9,14,555.8,19.3,34.14,676.19,676.19,28.57,3,0,3,0,491.62,0
CUST-1665,36,Male,Suburban,32,One-Year,2024-01-03,103.4,2,16,759.5,58.0,71.99,2253.77,2253.77,2.67,1,1,3,2,932.99,0
CUST-1666,29,Male,Suburban,39,Two-Year,2023-06-04,69.1,11,24,321.9,18.7,120.63,4608.58,4608.58,1.49,2,0,3,1,1737.07,0
CUST-1667,26,Male,Suburban,24,Two-Year,2024-09-02,114.5,8,24,441.1,15.8,105.97,2466.71,2466.71,12.26,3,0,4,0,2034.62,0
CUST-1668,24,Female,Urban,22,One-Year,2024-11-02,130.0,11,20,569.3,63.3,121.35,2791.62,2791.62,0.43,1,1,3,2,1572.7,1
CUST-1669,45,Male,Urban,35,Month-to-Month,2023-10-03,75.7,8,19,669.7,188.5,115.74,4062.83,4062.83,11.38,4,1,2,0,999.99,1
CUST-1670,31,Male,Urban,27,Month-to-Month,2024-06-03,40.6,5,21,517.8,14.7,71.12,1927.3,1927.3,25.85,3,1,3,2,921.72,1
CUST-1671,48,Female,Urban,34,Two-Year,2023-11-03,114.0,7,20,314.9,13.1,120.28,4059.1,4059.1,41.09,2,1,2,0,1039.22,0
CUST-1672,69,Male,Urban,32,Month-to-Month,2024-01-03,38.8,6,23,233.2,47.6,95.92,3105.33,3105.33,10.13,1,1,4,0,1657.5,0
CUST-1673,36,Male,Urban,42,Month-to-Month,2023-03-05,57.9,4,18,498.7,8.3,85.47,3562.19,3562.19,18.31,1,2,4,1,1312.82,0
CUST-1674,64,Male,Urban,34,Month-to-Month,2023-11-03,34.0,4,15,571.0,22.6,112.9,3911.14,3911.14,16.9,2,1,3,0,1463.18,1
CUST-1675,33,Female,Suburban,25,Month-to-Month,2024-08-02,113.9,4,21,543.5,304.5,92.62,2220.15,2220.15,13.89,1,3,2,1,622.41,1
CUST-1676,70,Female,Urban,38,One-Year,2023-07-04,102.2,9,11,566.6,119.5,110.32,3994.99,3994.99,17.22,3,4,1,1,317.72,1
CUST-1677,22,Female,Urban,20,Month-to-Month,2025-01-01,133.5,12,11,220.6,79.6,71.95,1447.98,1447.98,23.44,2,0,4,0,1381.44,1
CUST-1678,52,Male,Urban,10,Month-to-Month,2025-11-01,71.8,8,12,347.3,2.0,27.77,284.2,284.2,7.74,1,1,3,0,359.9,1
CUST-1679,29,Female,Urban,1,Two-Year,2026-08-02,60.3,10,22,421.6,20.0,114.12,116.05,116.05,21.87,3,0,2,0,1095.55,0
CUST-1680,42,Male,Suburban,27,One-Year,2024-06-03,69.3,4,19,494.2,54.8,87.81,2346.84,2346.84,10.56,2,1,3,1,1138.02,0
CUST-1681,69,Male,Urban,30,One-Year,2024-03-03,45.0,6,18,499.8,80.5,140.95,4018.44,4018.44,2.3,2,0,3,0,2029.68,1
CUST-1682,38,Male,Urban,72,One-Year,2020-09-04,127.9,4,19,511.2,71.7,93.28,6461.49,6461.49,8.41,1,1,3,1,1208.91,0
CUST-1683,53,Male,Urban,15,Two-Year,2025-06-02,186.3,8,14,96.1,13.3,28.17,417.99,417.99,95.16,2,1,3,2,365.08,0
CUST-1684,70,Female,Urban,17,One-Year,2025-04-03,63.3,1,17,212.0,40.8,78.13,1350.04,1350.04,24.63,1,1,3,0,1012.56,0
CUST-1685,40,Female,Urban,8,One-Year,2026-01-01,102.8,10,19,459.1,14.4,46.83,367.6,367.6,141.75,2,3,3,0,472.05,1
CUST-1686,33,Female,Rural,3,Two-Year,2026-06-02,80.3,7,19,477.5,167.1,156.0,469.48,469.48,8.93,2,2,3,1,1797.12,1
CUST-1687,56,Female,Urban,49,Month-to-Month,2022-08-04,98.3,8,17,421.7,53.0,84.21,3992.4,3992.4,12.09,3,1,2,0,727.57,1
CUST-1688,62,Female,Urban,10,Two-Year,2025-11-01,116.8,10,9,522.6,32.2,88.55,856.24,856.24,35.8,1,1,3,1,1147.61,0
CUST-1689,70,Male,Urban,31,Month-to-Month,2024-02-02,50.7,9,17,568.4,162.6,91.42,2902.82,2902.82,15.37,1,1,2,1,789.87,1
CUST-1690,59,Male,Urban,39,Month-to-Month,2023-06-04,70.6,9,18,250.1,152.3,107.9,4182.18,4182.18,15.69,1,0,5,0,2589.6,0
CUST-1691,56,Female,Suburban,21,Month-to-Month,2024-12-02,121.1,8,17,139.1,45.6,41.36,907.56,907.56,65.01,1,0,4,1,794.11,0
CUST-1692,31,Male,Suburban,69,Month-to-Month,2020-12-04,100.3,6,14,378.6,75.5,89.07,5968.4,5968.4,1.04,2,0,3,1,1282.61,1
CUST-1693,48,Female,Suburban,20,One-Year,2025-01-01,94.8,6,23,570.1,25.0,105.04,2089.83,2089.83,38.4,1,0,4,0,2016.77,0
CUST-1694,22,Male,Urban,12,Two-Year,2025-09-02,100.3,5,13,496.0,23.9,71.39,829.98,829.98,74.3,1,2,3,0,822.41,0
CUST-1695,52,Male,Urban,72,Two-Year,2020-09-04,103.2,3,26,399.0,51.8,77.93,5474.03,5474.03,6.7,4,1,2,1,673.32,1
CUST-1696,40,Male,Suburban,65,Two-Year,2021-04-04,119.7,3,18,671.5,121.9,139.58,9199.77,9199.77,18.08,2,0,3,0,2009.95,0
CUST-1697,46,Male,Rural,6,Month-to-Month,2026-03-03,107.6,8,15,832.8,59.1,95.58,596.97,596.97,57.97,0,0,4,0,1835.14,0
CUST-1698,60,Male,Urban,1,Two-Year,2026-08-02,83.5,8,22,581.0,39.9,98.57,94.91,94.91,26.81,1,0,5,0,2365.68,0
CUST-1699,28,Female,Urban,4,Month-to-Month,2026-05-03,95.6,4,16,733.9,70.9,69.77,268.74,268.74,15.49,1,0,3,0,1004.69,1
CUST-1700,35,Male,Urban,12,Two-Year,2025-09-02,83.0,5,17,179.9,108.7,96.85,1214.79,1214.79,34.42,3,0,3,0,1394.64,0
CUST-1701,64,Female,Urban,72,Month-to-Month,2020-09-04,62.6,5,20,472.7,100.6,46.3,3412.37,3412.37,13.74,3,1,2,1,400.03,1
CUST-1702,29,Male,Urban,27,Month-to-Month,2024-06-03,83.5,9,20,355.1,30.1,79.0,2093.08,2093.08,34.45,1,0,5,0,1896.0,0
CUST-1703,26,Male,Urban,16,Two-Year,2025-05-03,81.6,5,8,575.4,178.3,144.06,2283.51,2283.51,5.48,2,4,2,1,829.79,1
CUST-1704,27,Male,Suburban,72,Two-Year,2020-09-04,34.1,6,21,228.3,2.0,43.87,3249.89,3249.89,8.94,1,0,3,0,631.73,0
CUST-1705,61,Female,Urban,20,One-Year,2025-01-01,108.2,5,18,443.4,39.0,118.76,2422.42,2422.42,0.52,0,1,4,1,2052.17,0
CUST-1706,34,Male,Urban,13,One-Year,2025-08-02,113.3,6,19,336.6,154.8,91.25,1199.24,1199.24,7.14,3,1,3,0,1182.6,0
CUST-1707,55,Female,Urban,72,Month-to-Month,2020-09-04,101.3,6,16,595.2,77.4,39.72,2964.14,2964.14,4.9,3,1,3,0,514.77,0
CUST-1708,24,Male,Suburban,63,One-Year,2021-06-04,111.5,7,16,360.1,79.1,146.49,9055.74,9055.74,31.9,5,0,3,0,2109.46,0
CUST-1709,63,Female,Urban,61,One-Year,2021-08-04,79.7,6,18,169.7,11.1,47.52,2815.02,2815.02,101.12,2,1,3,1,615.86,0
CUST-1710,30,Male,Suburban,24,Month-to-Month,2024-09-02,69.6,6,21,534.0,56.7,72.0,1712.41,1712.41,8.49,0,0,5,0,1728.0,0
CUST-1711,57,Female,Urban,52,Month-to-Month,2022-05-05,113.5,7,17,604.9,221.6,113.53,5612.79,5612.79,4.85,2,0,3,1,1634.83,1
CUST-1712,59,Female,Suburban,7,Month-to-Month,2026-02-01,53.2,6,21,290.2,15.4,136.5,956.2,956.2,26.82,1,0,3,0,1965.6,1
CUST-1713,26,Female,Urban,28,One-Year,2024-05-03,52.2,3,22,570.7,25.8,95.7,2643.49,2643.49,6.99,1,2,3,0,1102.46,1
CUST-1714,67,Male,Urban,72,Month-to-Month,2020-09-04,98.4,4,16,468.7,32.0,133.91,9286.65,9286.65,27.3,4,0,3,2,1928.3,0
CUST-1715,44,Male,Urban,12,Month-to-Month,2025-09-02,97.6,4,13,467.6,29.0,94.26,1173.59,1173.59,24.57,4,0,3,1,1357.34,1
CUST-1716,19,Male,Urban,52,Month-to-Month,2022-05-05,112.9,2,16,58.0,64.1,58.24,2935.93,2935.93,0.69,2,0,3,0,838.66,0
CUST-1717,22,Female,Urban,23,One-Year,2024-10-02,33.7,7,16,656.8,17.4,92.51,2171.55,2171.55,116.68,2,2,2,2,710.48,1
CUST-1718,46,Female,Suburban,2,One-Year,2026-07-03,82.1,7,10,513.7,45.8,43.42,88.63,88.63,7.87,3,0,3,1,625.25,1
CUST-1719,54,Female,Urban,48,One-Year,2022-09-03,51.1,8,17,499.9,33.2,43.45,1990.2,1990.2,78.83,3,0,3,0,625.68,0
CUST-1720,55,Male,Urban,7,Month-to-Month,2026-02-01,110.7,6,13,525.2,67.2,48.38,336.21,336.21,16.91,2,0,3,1,696.67,1
CUST-1721,36,Male,Urban,33,Month-to-Month,2023-12-03,125.0,2,11,494.0,18.0,29.11,958.36,958.36,6.03,2,1,3,0,377.27,1
CUST-1722,25,Male,Suburban,3,Month-to-Month,2026-06-02,100.1,5,8,717.5,52.4,50.25,155.54,155.54,3.95,1,0,3,0,723.6,1
CUST-1723,65,Female,Rural,72,Two-Year,2020-09-04,68.3,2,23,648.6,87.7,78.74,5739.83,5739.83,25.02,3,1,2,0,680.31,0
CUST-1724,62,Female,Suburban,12,Month-to-Month,2025-09-02,62.5,9,16,368.8,76.7,44.81,514.24,514.24,15.72,1,0,4,0,860.35,0
CUST-1725,18,Female,Urban,9,Month-to-Month,2025-12-02,72.6,8,21,943.0,116.8,43.23,387.08,387.08,87.33,0,1,4,1,747.01,0
CUST-1726,39,Male,Suburban,5,One-Year,2026-04-02,59.8,7,17,588.7,203.3,68.4,335.19,335.19,7.87,2,1,3,2,886.46,0
CUST-1727,69,Female,Rural,72,Month-to-Month,2020-09-04,80.2,4,15,801.1,125.1,151.41,10542.8,10542.8,45.01,1,0,4,1,2907.07,0
CUST-1728,34,Female,Suburban,41,Two-Year,2023-04-04,62.5,7,22,490.4,181.0,112.59,4512.81,4512.81,7.19,0,0,4,0,2161.73,0
CUST-1729,24,Male,Urban,45,Month-to-Month,2022-12-03,43.6,5,14,471.5,2.0,75.33,3505.18,3505.18,71.87,1,1,4,1,1301.7,0
CUST-1730,42,Female,Urban,23,One-Year,2024-10-02,96.4,6,18,226.6,64.4,90.69,2110.9,2110.9,25.0,3,1,3,0,1175.34,1
CUST-1731,62,Female,Urban,22,Month-to-Month,2024-11-02,98.7,2,22,130.7,20.3,91.84,2007.43,2007.43,62.27,1,0,5,0,2204.16,1
CUST-1732,21,Female,Urban,4,Month-to-Month,2026-05-03,136.0,5,23,453.4,107.6,53.54,218.88,218.88,20.14,1,1,3,1,693.88,1
CUST-1733,53,Female,Suburban,27,Month-to-Month,2024-06-03,72.0,3,23,388.8,111.1,108.91,3078.25,3078.25,6.74,0,2,4,0,1672.86,1
CUST-1734,23,Male,Urban,10,One-Year,2025-11-01,28.3,6,13,522.2,3.2,121.41,1265.96,1265.96,27.13,2,0,4,0,2331.07,0
CUST-1735,48,Male,Urban,72,Two-Year,2020-09-04,109.5,5,16,326.8,58.8,98.3,6792.27,6792.27,11.14,3,0,2,0,943.68,0
CUST-1736,36,Female,Suburban,53,Month-to-Month,2022-04-04,112.8,2,20,579.9,123.7,145.1,7561.32,7561.32,7.14,2,0,2,0,1392.96,1
CUST-1737,61,Male,Suburban,18,One-Year,2025-03-03,119.3,5,14,613.1,57.5,49.53,874.88,874.88,81.94,0,1,3,0,641.91,1
CUST-1738,71,Female,Urban,6,One-Year,2026-03-03,129.1,6,19,762.7,36.0,125.38,756.33,756.33,28.06,5,2,2,0,962.92,1
CUST-1739,56,Female,Suburban,51,Two-Year,2022-06-04,129.6,7,20,876.3,5.2,101.98,4987.95,4987.95,56.39,1,0,4,0,1958.02,0
CUST-1740,44,Female,Urban,5,One-Year,2026-04-02,55.7,4,23,585.7,85.2,107.2,558.6,558.6,52.36,2,0,3,0,1543.68,0
CUST-1741,27,Female,Rural,7,Month-to-Month,2026-02-01,131.4,6,14,813.6,5.0,93.47,672.78,672.78,0.04,0,2,3,1,1076.77,1
CUST-1742,43,Male,Suburban,8,One-Year,2026-01-01,75.2,5,19,529.2,59.2,47.56,366.13,366.13,75.97,4,0,3,0,684.86,1
CUST-1743,36,Male,Urban,27,Month-to-Month,2024-06-03,109.0,8,23,500.2,162.3,123.16,3243.61,3243.61,51.95,1,0,3,0,1773.5,0
CUST-1744,56,Male,Suburban,51,Month-to-Month,2022-06-04,92.8,2,13,272.5,35.3,76.16,3745.52,3745.52,10.95,3,1,2,0,658.02,1
CUST-1745,20,Male,Rural,13,Month-to-Month,2025-08-02,55.8,5,17,466.5,95.6,46.61,604.58,604.58,9.12,0,0,5,0,1118.64,0
CUST-1746,62,Male,Urban,3,Two-Year,2026-06-02,119.8,10,17,392.6,104.6,64.29,200.39,200.39,2.05,3,0,3,0,925.78,1
CUST-1747,30,Male,Urban,21,Two-Year,2024-12-02,71.3,5,21,279.3,2.0,76.2,1623.34,1623.34,3.4,2,1,3,0,987.55,1
CUST-1748,67,Female,Suburban,46,One-Year,2022-11-03,140.8,6,20,171.7,160.2,163.22,7587.35,7587.35,7.57,1,2,3,0,1880.29,0
CUST-1749,45,Female,Urban,9,Two-Year,2025-12-02,62.1,5,14,446.2,13.6,76.57,659.81,659.81,0.12,2,0,3,1,1102.61,0
CUST-1750,37,Male,Urban,9,One-Year,2025-12-02,54.9,5,22,251.7,21.6,45.46,425.76,425.76,13.28,2,0,3,0,654.62,0
CUST-1751,45,Male,Rural,72,Month-to-Month,2020-09-04,65.1,6,10,424.3,133.0,148.65,10468.15,10468.15,89.39,1,0,4,0,2854.08,0
CUST-1752,25,Female,Suburban,72,Month-to-Month,2020-09-04,129.9,12,19,594.6,75.4,40.36,3022.2,3022.2,28.36,2,1,4,0,697.42,0
CUST-1753,58,Male,Urban,72,Month-to-Month,2020-09-04,38.0,3,16,289.9,30.2,44.11,3161.32,3161.32,30.41,1,0,4,1,846.91,0
CUST-1754,56,Male,Urban,55,Month-to-Month,2022-02-02,112.4,8,16,227.8,6.0,80.38,4433.62,4433.62,9.46,0,0,4,0,1543.3,0
CUST-1755,18,Male,Urban,7,Month-to-Month,2026-02-01,140.0,4,23,210.6,31.7,40.43,285.98,285.98,8.93,3,1,3,0,523.97,1
CUST-1756,20,Female,Urban,8,Month-to-Month,2026-01-01,79.9,8,20,329.4,220.4,123.8,969.45,969.45,16.02,2,0,5,1,2971.2,0
CUST-1757,30,Male,Urban,14,Two-Year,2025-07-03,73.2,5,20,337.2,7.2,44.22,639.85,639.85,10.64,1,0,5,2,1061.28,0
CUST-1758,45,Female,Suburban,13,Two-Year,2025-08-02,87.4,5,20,211.1,121.7,118.1,1605.67,1605.67,68.42,3,0,2,1,1133.76,1
CUST-1759,66,Male,Urban,72,One-Year,2020-09-04,51.3,10,12,620.3,25.6,42.37,2984.59,2984.59,6.84,1,1,4,1,732.15,0
CUST-1760,42,Female,Urban,52,Two-Year,2022-05-05,164.4,7,12,551.8,69.1,128.53,6349.48,6349.48,39.32,2,0,4,2,2467.78,0
CUST-1761,50,Male,Urban,43,Month-to-Month,2023-02-02,105.1,6,14,175.5,64.9,119.13,5135.71,5135.71,23.54,1,0,4,1,2287.3,1
CUST-1762,55,Male,Rural,7,Two-Year,2026-02-01,48.4,4,17,259.5,25.6,135.26,955.61,955.61,39.58,3,0,2,1,1298.5,0
CUST-1763,70,Female,Urban,72,Month-to-Month,2020-09-04,60.8,3,20,602.1,3.6,33.41,2300.52,2300.52,63.0,5,1,2,0,288.66,0
CUST-1764,23,Female,Urban,58,Month-to-Month,2021-11-03,90.4,11,23,214.3,10.5,90.43,5335.62,5335.62,14.62,1,2,2,1,694.5,1
CUST-1765,61,Female,Urban,6,Two-Year,2026-03-03,46.2,8,17,278.0,54.2,114.65,673.6,673.6,27.23,1,1,3,0,1485.86,1
CUST-1766,62,Female,Suburban,68,Month-to-Month,2021-01-03,39.9,9,23,412.2,193.3,157.79,11221.86,11221.86,24.18,3,1,2,1,1363.31,1
CUST-1767,49,Female,Suburban,11,Month-to-Month,2025-10-02,93.8,7,20,312.7,169.0,105.79,1196.44,1196.44,16.35,3,1,2,1,914.03,1
CUST-1768,62,Female,Urban,3,Month-to-Month,2026-06-02,115.2,7,26,826.7,7.8,135.58,389.36,389.36,58.49,1,0,3,1,1952.35,1
CUST-1769,64,Female,Urban,36,One-Year,2023-09-03,112.5,8,26,531.5,135.3,59.38,2234.81,2234.81,0.36,4,0,3,0,855.07,0
CUST-1770,38,Male,Urban,35,Two-Year,2023-10-03,83.2,5,14,499.2,17.3,77.42,2635.79,2635.79,12.99,0,1,4,0,1337.82,0
CUST-1771,33,Male,Urban,4,Month-to-Month,2026-05-03,76.8,8,20,441.5,156.4,77.58,319.58,319.58,62.45,1,1,3,1,1005.44,1
CUST-1772,71,Male,Urban,13,Two-Year,2025-08-02,86.6,4,16,605.7,92.4,56.72,747.92,747.92,71.98,4,0,3,2,816.77,1
CUST-1773,38,Female,Urban,72,Month-to-Month,2020-09-04,114.8,5,15,500.7,211.3,89.68,6480.4,6480.4,41.41,1,1,3,0,1162.25,0
CUST-1774,28,Male,Urban,38,Month-to-Month,2023-07-04,47.3,0,18,361.7,37.9,107.13,4247.07,4247.07,14.58,2,0,4,1,2056.9,1
CUST-1775,54,Male,Urban,43,Month-to-Month,2023-02-02,61.7,6,26,154.5,85.5,93.39,4058.29,4058.29,60.47,1,0,4,1,1793.09,0
CUST-1776,53,Female,Urban,8,One-Year,2026-01-01,73.7,4,24,335.8,86.4,58.84,487.61,487.61,3.07,1,3,1,0,197.7,1
CUST-1777,52,Female,Suburban,3,Month-to-Month,2026-06-02,77.7,3,20,389.3,44.6,35.33,109.46,109.46,10.79,2,0,3,0,508.75,0
CUST-1778,36,Female,Urban,11,One-Year,2025-10-02,83.4,5,25,535.8,238.5,166.98,1868.4,1868.4,3.4,3,1,2,0,1442.71,1
CUST-1779,37,Male,Urban,10,Month-to-Month,2025-11-01,84.3,4,11,617.5,18.2,63.85,637.88,637.88,4.09,2,0,2,0,612.96,0
CUST-1780,35,Female,Urban,9,Month-to-Month,2025-12-02,105.2,6,24,450.0,278.5,81.44,703.51,703.51,31.47,0,1,4,1,1407.28,0
CUST-1781,64,Male,Rural,8,One-Year,2026-01-01,32.1,6,13,465.2,108.7,58.11,448.79,448.79,2.62,5,2,2,0,446.28,1
CUST-1782,58,Male,Rural,29,Month-to-Month,2024-04-03,37.0,6,17,234.5,62.2,63.48,1846.96,1846.96,39.86,5,0,3,0,914.11,1
CUST-1783,66,Male,Urban,14,Month-to-Month,2025-07-03,65.0,7,22,295.5,5.1,52.31,720.05,720.05,15.01,0,0,4,3,1004.35,0
CUST-1784,31,Male,Urban,57,Month-to-Month,2021-12-04,110.9,6,21,124.5,19.5,60.08,3324.51,3324.51,2.01,1,0,4,0,1153.54,0
CUST-1785,32,Male,Urban,7,One-Year,2026-02-01,65.4,6,21,339.3,119.6,68.88,504.68,504.68,11.77,5,1,2,0,595.12,1
CUST-1786,48,Female,Urban,21,One-Year,2024-12-02,83.8,8,18,508.7,84.7,87.22,1897.3,1897.3,17.84,2,0,3,1,1255.97,0
CUST-1787,18,Male,Urban,1,Month-to-Month,2026-08-02,88.8,9,25,568.5,213.8,145.11,144.1,144.1,15.98,2,2,3,0,1671.67,1
CUST-1788,70,Female,Suburban,22,Month-to-Month,2024-11-02,94.5,1,19,328.7,32.9,33.05,754.08,754.08,24.98,2,0,3,0,475.92,0
CUST-1789,71,Female,Urban,2,Month-to-Month,2026-07-03,131.9,3,16,641.9,146.2,68.83,131.6,131.6,24.46,0,0,4,0,1321.54,0
CUST-1790,71,Male,Rural,72,Month-to-Month,2020-09-04,105.8,4,14,714.5,128.7,126.18,8720.86,8720.86,15.6,2,0,3,1,1816.99,0
CUST-1791,20,Female,Urban,52,Two-Year,2022-05-05,114.9,6,15,606.1,220.0,75.13,4081.8,4081.8,80.32,3,2,1,0,288.5,0
CUST-1792,33,Male,Suburban,23,One-Year,2024-10-02,81.2,3,18,664.3,20.7,113.35,2656.27,2656.27,8.7,2,0,4,0,2176.32,1
CUST-1793,40,Female,Suburban,3,One-Year,2026-06-02,129.2,4,14,284.3,44.3,90.86,279.78,279.78,14.56,4,0,4,0,1744.51,1
CUST-1794,28,Male,Urban,30,Month-to-Month,2024-03-03,87.1,5,19,190.9,5.5,127.21,3943.34,3943.34,28.23,2,2,2,0,976.97,1
CUST-1795,29,Male,Urban,47,One-Year,2022-10-04,26.3,5,19,614.9,58.1,34.88,1566.12,1566.12,9.85,0,1,4,0,602.73,0
CUST-1796,27,Male,Urban,7,Two-Year,2026-02-01,158.8,8,23,698.4,85.7,128.05,915.87,915.87,5.7,1,0,4,0,2458.56,0
CUST-1797,49,Female,Urban,28,One-Year,2024-05-03,86.4,9,19,749.8,17.7,93.45,2579.13,2579.13,0.22,1,0,3,1,1345.68,0
CUST-1798,33,Female,Urban,56,One-Year,2022-01-03,100.9,9,24,149.2,12.1,80.73,4664.64,4664.64,101.71,1,1,3,0,1046.26,0
CUST-1799,25,Male,Suburban,49,One-Year,2022-08-04,52.9,9,16,459.3,66.3,51.71,2505.33,2505.33,53.67,1,1,3,1,670.16,0
CUST-1800,55,Female,Urban,54,One-Year,2022-03-05,150.9,7,21,246.3,32.5,56.79,3148.73,3148.73,76.89,0,1,3,0,736.0,0
CUST-1801,29,Female,Rural,70,Month-to-Month,2020-11-03,61.2,6,12,418.3,36.1,120.82,8796.79,8796.79,1.44,1,1,3,0,1565.83,0
CUST-1802,41,Female,Urban,72,One-Year,2020-09-04,73.4,9,18,602.8,41.4,48.35,3425.25,3425.25,2.67,2,1,2,0,417.74,0
CUST-1803,45,Female,Rural,18,Month-to-Month,2025-03-03,39.1,5,12,517.2,46.6,92.63,1662.23,1662.23,28.1,1,0,4,0,1778.5,0
CUST-1804,70,Female,Urban,28,One-Year,2024-05-03,95.9,5,24,185.8,14.1,51.0,1433.34,1433.34,0.82,2,0,3,0,734.4,1
CUST-1805,25,Female,Suburban,52,One-Year,2022-05-05,76.6,10,21,416.6,56.0,89.67,4750.43,4750.43,11.08,0,0,4,1,1721.66,0
CUST-1806,45,Female,Urban,40,One-Year,2023-05-04,38.7,6,19,355.4,4.7,54.99,2275.29,2275.29,125.93,4,0,2,0,527.9,1
CUST-1807,53,Male,Urban,72,Month-to-Month,2020-09-04,83.0,11,13,615.9,7.8,66.55,4652.83,4652.83,15.48,2,1,4,0,1149.98,0
CUST-1808,43,Male,Rural,1,Month-to-Month,2026-08-02,87.8,7,15,318.7,80.8,129.4,135.17,135.17,135.88,1,0,3,0,1863.36,1
CUST-1809,25,Male,Urban,15,Month-to-Month,2025-06-02,77.6,8,16,479.1,85.5,42.09,649.38,649.38,4.42,1,1,3,0,545.49,0
CUST-1810,67,Female,Suburban,11,One-Year,2025-10-02,30.4,10,18,392.3,20.1,134.31,1424.15,1424.15,17.02,3,0,3,0,1934.06,1
CUST-1811,45,Female,Suburban,10,Two-Year,2025-11-01,93.7,10,10,769.7,13.3,63.72,626.74,626.74,0.2,1,0,3,0,917.57,0
CUST-1812,45,Male,Urban,9,One-Year,2025-12-02,47.0,5,19,575.0,3.6,94.09,825.76,825.76,31.34,1,2,2,1,722.61,0
CUST-1813,54,Female,Urban,41,Month-to-Month,2023-04-04,111.7,5,12,428.0,35.3,55.79,2209.4,2209.4,14.64,3,0,3,0,803.38,0
CUST-1814,58,Male,Suburban,3,Two-Year,2026-06-02,68.3,14,18,383.7,46.2,73.19,222.75,222.75,24.54,5,0,2,1,702.62,1
CUST-1815,53,Male,Urban,45,Two-Year,2022-12-03,112.8,9,24,448.8,149.3,100.26,4315.8,4315.8,55.42,3,0,3,0,1443.74,0
CUST-1816,44,Female,Suburban,39,Month-to-Month,2023-06-04,85.4,5,9,844.1,2.0,104.51,4116.15,4116.15,28.04,4,2,1,1,401.32,1
CUST-1817,71,Male,Rural,10,One-Year,2025-11-01,87.0,5,16,555.8,33.8,130.48,1347.56,1347.56,38.31,1,1,4,0,2254.69,0
CUST-1818,34,Male,Urban,10,One-Year,2025-11-01,123.3,7,19,506.3,35.3,129.9,1281.06,1281.06,22.37,1,1,4,2,2244.67,1
CUST-1819,26,Female,Urban,33,One-Year,2023-12-03,60.5,9,13,574.0,141.5,84.98,2801.44,2801.44,48.23,1,2,3,0,978.97,0
CUST-1820,50,Female,Suburban,48,Two-Year,2022-09-03,52.1,4,11,553.9,14.2,37.33,1728.08,1728.08,32.29,2,1,3,0,483.8,0
CUST-1821,70,Male,Urban,69,Month-to-Month,2020-12-04,101.7,7,16,569.7,4.5,132.04,9311.57,9311.57,70.31,3,0,3,0,1901.38,0
CUST-1822,37,Female,Urban,63,One-Year,2021-06-04,45.6,8,20,573.4,31.2,33.22,2178.4,2178.4,49.35,1,0,3,0,478.37,0
CUST-1823,30,Female,Urban,72,One-Year,2020-09-04,61.0,7,22,273.6,61.6,135.56,9987.5,9987.5,9.24,2,1,3,2,1756.86,0
CUST-1824,45,Male,Urban,29,Two-Year,2024-04-03,37.6,3,20,216.4,126.9,47.01,1311.89,1311.89,26.02,3,0,3,0,676.94,0
CUST-1825,65,Male,Urban,72,Two-Year,2020-09-04,119.6,5,20,575.5,20.4,140.37,9950.45,9950.45,72.77,1,0,5,1,3368.88,0
CUST-1826,46,Female,Urban,55,Two-Year,2022-02-02,54.9,3,17,516.3,18.8,29.1,1548.2,1548.2,68.54,1,0,5,0,698.4,0
CUST-1827,30,Male,Suburban,72,Month-to-Month,2020-09-04,65.4,8,12,352.1,25.6,30.8,2237.43,2237.43,22.7,2,0,3,0,443.52,0
CUST-1828,63,Female,Urban,1,Two-Year,2026-08-02,46.3,8,24,326.6,8.2,84.73,86.62,86.62,13.18,4,0,3,0,1220.11,0
CUST-1829,52,Female,Urban,72,Month-to-Month,2020-09-04,73.4,3,15,542.3,245.8,138.55,10449.75,10449.75,8.28,2,0,4,0,2660.16,1
CUST-1830,23,Female,Rural,22,Month-to-Month,2024-11-02,80.7,7,18,541.5,50.6,73.15,1609.77,1609.77,7.56,1,0,4,1,1404.48,1
CUST-1831,35,Male,Suburban,53,Month-to-Month,2022-04-04,109.8,8,19,180.0,20.7,97.78,5253.48,5253.48,5.44,1,0,4,0,1877.38,0
CUST-1832,68,Female,Suburban,5,One-Year,2026-04-02,45.3,4,14,458.2,29.2,126.65,608.34,608.34,276.49,0,1,4,0,2188.51,0
CUST-1833,22,Male,Urban,17,Two-Year,2025-04-03,67.0,8,17,427.2,130.6,136.09,2233.77,2233.77,38.03,2,0,4,0,2612.93,0
CUST-1834,64,Male,Suburban,11,Month-to-Month,2025-10-02,127.7,4,21,402.3,72.8,137.59,1472.88,1472.88,13.22,1,0,4,0,2641.73,1
CUST-1835,42,Male,Urban,12,Month-to-Month,2025-09-02,116.2,4,17,254.3,52.4,51.16,586.56,586.56,12.15,1,1,4,0,884.04,0
CUST-1836,19,Male,Urban,5,One-Year,2026-04-02,64.7,8,21,325.5,83.9,63.41,314.14,314.14,12.76,0,2,3,0,730.48,0
CUST-1837,27,Female,Urban,54,One-Year,2022-03-05,83.5,8,16,393.1,91.6,106.33,6000.89,6000.89,72.08,0,0,4,0,2041.54,0
CUST-1838,47,Male,Urban,1,Two-Year,2026-08-02,144.0,3,12,115.4,14.0,110.33,112.02,112.02,25.2,2,1,3,0,1429.88,0
CUST-1839,67,Male,Suburban,13,Month-to-Month,2025-08-02,49.2,7,21,639.9,11.2,39.03,504.14,504.14,11.09,2,0,3,1,562.03,0
CUST-1840,62,Female,Urban,7,Month-to-Month,2026-02-01,27.4,12,16,437.3,221.1,78.37,548.25,548.25,56.05,2,0,4,0,1504.7,1
CUST-1841,22,Male,Suburban,30,Month-to-Month,2024-03-03,68.9,6,18,346.0,13.4,133.14,3853.06,3853.06,48.55,1,1,4,0,2300.66,1
CUST-1842,50,Female,Suburban,10,Month-to-Month,2025-11-01,82.5,5,23,267.2,40.6,34.07,326.96,326.96,22.06,0,0,4,0,654.14,0
CUST-1843,71,Male,Suburban,10,Month-to-Month,2025-11-01,60.9,8,21,494.6,264.0,110.81,1081.4,1081.4,40.85,2,1,3,0,1436.1,1
CUST-1844,18,Female,Urban,22,Month-to-Month,2024-11-02,114.3,6,13,146.5,35.1,54.51,1176.01,1176.01,46.9,1,1,3,0,706.45,1
CUST-1845,35,Female,Suburban,35,Month-to-Month,2023-10-03,91.3,4,12,580.3,47.0,121.1,4078.64,4078.64,1.78,3,0,3,0,1743.84,1
CUST-1846,49,Male,Urban,5,Month-to-Month,2026-04-02,66.9,7,16,595.7,104.1,139.92,712.99,712.99,72.93,2,0,3,1,2014.85,0
CUST-1847,64,Male,Urban,7,Two-Year,2026-02-01,68.8,6,16,331.5,27.0,57.46,419.24,419.24,11.84,2,1,2,0,496.45,0
CUST-1848,66,Male,Rural,10,Month-to-Month,2025-11-01,62.6,8,23,41.7,36.7,98.33,951.28,951.28,138.91,1,2,2,0,755.17,1
CUST-1849,28,Female,Urban,72,Month-to-Month,2020-09-04,109.9,10,12,342.1,26.2,125.91,9372.05,9372.05,83.59,1,1,3,2,1631.79,1
CUST-1850,38,Male,Urban,17,Two-Year,2025-04-03,70.8,4,19,394.2,22.0,97.13,1617.91,1617.91,0.68,1,0,5,1,2331.12,0
CUST-1851,43,Male,Rural,30,One-Year,2024-03-03,49.2,6,16,427.0,41.5,100.3,3041.17,3041.17,33.95,0,2,3,0,1155.46,0
CUST-1852,42,Male,Urban,10,One-Year,2025-11-01,113.9,6,12,771.4,89.0,85.84,823.09,823.09,117.45,1,0,4,1,1648.13,1
CUST-1853,39,Male,Suburban,23,One-Year,2024-10-02,76.7,2,17,510.8,131.3,119.79,2683.34,2683.34,29.13,2,2,2,0,919.99,1
CUST-1854,44,Male,Urban,3,One-Year,2026-06-02,44.2,4,22,755.9,41.3,141.63,410.36,410.36,33.47,0,1,4,0,2447.37,0
CUST-1855,66,Female,Urban,2,Two-Year,2026-07-03,136.4,8,17,592.8,25.2,63.23,122.18,122.18,93.57,1,1,3,0,819.46,1
CUST-1856,30,Male,Urban,21,One-Year,2024-12-02,103.3,5,25,521.0,157.7,71.72,1571.41,1571.41,29.76,0,1,4,0,1239.32,0
CUST-1857,50,Male,Urban,17,Two-Year,2025-04-03,86.4,4,26,472.8,26.6,139.18,2333.84,2333.84,9.81,1,2,3,1,1603.35,1
CUST-1858,51,Female,Urban,5,Month-to-Month,2026-04-02,78.6,7,21,95.7,97.0,46.46,225.24,225.24,21.59,1,1,3,0,602.12,1
CUST-1859,58,Female,Suburban,39,Month-to-Month,2023-06-04,76.6,2,11,78.7,89.8,135.05,5093.82,5093.82,15.08,1,0,4,2,2592.96,0
CUST-1860,52,Male,Urban,72,Two-Year,2020-09-04,76.0,8,15,585.9,3.3,130.12,9530.65,9530.65,6.4,1,0,4,1,2498.3,0
CUST-1861,18,Male,Rural,17,Month-to-Month,2025-04-03,76.8,8,11,436.2,12.7,52.14,905.75,905.75,8.43,2,0,3,1,750.82,1
CUST-1862,38,Male,Urban,33,Two-Year,2023-12-03,67.3,3,11,636.4,55.3,82.25,2844.47,2844.47,2.21,0,1,3,1,1065.96,0
CUST-1863,65,Female,Urban,72,Month-to-Month,2020-09-04,81.9,4,9,168.1,131.4,58.86,4291.35,4291.35,6.47,1,1,3,1,762.83,0
CUST-1864,23,Male,Suburban,59,Month-to-Month,2021-10-04,66.7,1,14,508.0,58.6,75.99,4464.94,4464.94,10.5,2,2,2,0,583.6,1
CUST-1865,45,Female,Rural,21,Two-Year,2024-12-02,91.7,5,21,532.8,88.2,90.83,1854.81,1854.81,49.7,1,0,3,0,1307.95,1
CUST-1866,34,Female,Urban,44,Month-to-Month,2023-01-03,84.3,5,22,335.5,86.2,96.53,4051.66,4051.66,15.95,1,2,4,1,1482.7,1
CUST-1867,22,Female,Suburban,5,Two-Year,2026-04-02,64.0,6,19,258.3,44.3,45.73,237.36,237.36,41.1,3,2,2,0,351.21,1
CUST-1868,48,Male,Rural,24,Two-Year,2024-09-02,82.4,3,22,263.0,53.5,79.44,1961.63,1961.63,194.65,3,1,2,1,686.36,0
CUST-1869,22,Male,Urban,11,Two-Year,2025-10-02,101.3,4,14,322.9,4.8,97.61,1105.51,1105.51,30.51,2,1,3,0,1265.03,0
CUST-1870,55,Male,Rural,6,One-Year,2026-03-03,17.3,1,27,360.9,170.8,108.13,637.24,637.24,33.33,1,3,1,0,363.32,1
CUST-1871,20,Male,Urban,19,One-Year,2025-02-01,102.3,8,21,339.0,72.9,132.7,2485.39,2485.39,28.12,2,2,2,0,1019.14,1
CUST-1872,70,Female,Suburban,5,Two-Year,2026-04-02,48.2,6,12,506.3,10.9,136.01,699.34,699.34,17.62,2,0,3,0,1958.54,0
CUST-1873,40,Female,Rural,40,One-Year,2023-05-04,71.2,2,19,423.0,18.2,121.67,4958.08,4958.08,7.19,2,2,3,2,1401.64,0
CUST-1874,54,Female,Suburban,21,One-Year,2024-12-02,5.0,10,20,224.8,2.0,30.75,655.41,655.41,132.81,3,1,3,0,398.52,1
CUST-1875,70,Female,Urban,25,Two-Year,2024-08-02,102.0,6,15,548.6,19.9,52.68,1324.2,1324.2,22.75,1,1,3,0,682.73,0
CUST-1876,54,Male,Urban,6,One-Year,2026-03-03,62.8,8,22,236.5,24.7,38.79,229.68,229.68,96.15,3,1,3,0,502.72,0
CUST-1877,27,Male,Rural,5,Two-Year,2026-04-02,70.0,4,13,387.0,74.7,86.1,440.89,440.89,10.53,4,0,3,0,1239.84,1
CUST-1878,27,Male,Urban,29,Month-to-Month,2024-04-03,87.7,5,29,265.0,42.1,114.55,3275.74,3275.74,4.02,1,0,4,0,2199.36,0
CUST-1879,36,Female,Urban,72,Month-to-Month,2020-09-04,25.9,7,19,325.7,120.3,46.76,3445.74,3445.74,35.46,0,0,4,0,897.79,0
CUST-1880,34,Female,Suburban,4,Month-to-Month,2026-05-03,86.9,7,18,358.5,5.9,56.6,219.39,219.39,66.71,2,0,3,0,815.04,0
CUST-1881,38,Female,Urban,12,Month-to-Month,2025-09-02,104.4,5,24,367.0,79.8,47.77,578.43,578.43,37.99,1,0,4,0,917.18,0
CUST-1882,31,Male,Urban,67,One-Year,2021-02-03,90.2,7,21,407.7,135.1,92.43,6104.45,6104.45,47.53,0,1,3,0,1197.89,0
CUST-1883,26,Male,Urban,3,Month-to-Month,2026-06-02,73.2,12,13,442.5,35.6,136.75,423.73,423.73,32.82,3,0,3,0,1969.2,1
CUST-1884,63,Female,Urban,69,Two-Year,2020-12-04,86.2,6,15,636.6,22.1,75.8,5239.98,5239.98,48.02,1,0,3,0,1091.52,0
CUST-1885,18,Male,Suburban,25,Month-to-Month,2024-08-02,82.7,9,20,263.7,38.3,103.75,2625.92,2625.92,14.78,0,0,4,1,1992.0,0
CUST-1886,68,Female,Suburban,18,Month-to-Month,2025-03-03,107.8,5,17,20.0,101.1,84.67,1460.55,1460.55,17.27,0,1,4,0,1463.1,0
CUST-1887,62,Female,Urban,13,Month-to-Month,2025-08-02,122.7,6,21,254.9,163.4,133.63,1736.36,1736.36,53.04,3,0,4,1,2565.7,1
CUST-1888,30,Female,Suburban,12,One-Year,2025-09-02,72.7,6,26,644.3,4.4,111.11,1370.75,1370.75,56.59,7,1,2,0,959.99,1
CUST-1889,21,Male,Rural,12,Month-to-Month,2025-09-02,91.9,5,20,564.7,48.9,48.21,599.35,599.35,3.02,0,1,4,0,833.07,0
CUST-1890,18,Male,Suburban,71,Month-to-Month,2020-10-04,65.0,7,18,305.3,66.4,110.07,7987.81,7987.81,0.6,1,0,3,0,1585.01,0
CUST-1891,66,Male,Urban,43,One-Year,2023-02-02,97.5,4,17,382.3,2.0,69.73,2973.98,2973.98,38.44,1,0,4,0,1338.82,0
CUST-1892,57,Male,Suburban,37,Month-to-Month,2023-08-04,98.8,3,18,88.3,13.0,125.82,4542.44,4542.44,3.09,1,1,3,0,1630.63,0
CUST-1893,49,Male,Urban,53,Month-to-Month,2022-04-04,80.0,8,15,292.0,4.2,43.78,2294.62,2294.62,6.58,1,1,4,1,756.52,0
CUST-1894,51,Female,Suburban,10,One-Year,2025-11-01,100.6,8,20,306.1,22.3,131.55,1323.6,1323.6,7.69,2,1,4,1,2273.18,0
CUST-1895,45,Female,Suburban,32,Month-to-Month,2024-01-03,85.1,5,23,584.6,14.9,86.07,2618.13,2618.13,24.92,0,0,4,1,1652.54,0
CUST-1896,48,Male,Urban,21,Month-to-Month,2024-12-02,83.6,4,16,417.3,43.4,60.89,1331.37,1331.37,7.86,1,1,3,1,789.13,1
CUST-1897,25,Male,Rural,51,Month-to-Month,2022-06-04,58.6,3,15,252.3,69.2,73.87,3708.49,3708.49,6.98,1,0,4,0,1418.3,0
CUST-1898,56,Male,Urban,13,Month-to-Month,2025-08-02,90.2,8,10,194.0,120.0,43.58,583.36,583.36,0.37,2,0,4,0,836.74,0
CUST-1899,43,Male,Suburban,34,One-Year,2023-11-03,67.7,5,15,599.6,23.6,137.78,4700.67,4700.67,50.92,1,1,3,1,1785.63,0
CUST-1900,51,Female,Urban,71,Month-to-Month,2020-10-04,111.1,6,20,422.1,3.4,51.38,3707.15,3707.15,5.11,0,2,3,1,591.9,0
CUST-1901,71,Male,Rural,17,Two-Year,2025-04-03,59.7,7,17,273.1,2.0,129.92,2265.95,2265.95,29.44,0,0,4,1,2494.46,0
CUST-1902,71,Male,Urban,3,Two-Year,2026-06-02,93.1,6,20,623.9,121.0,141.24,414.73,414.73,12.47,3,0,3,0,2033.86,1
CUST-1903,20,Male,Urban,24,Month-to-Month,2024-09-02,77.2,9,22,580.9,136.8,85.67,2077.89,2077.89,7.07,2,0,3,0,1233.65,1
CUST-1904,67,Female,Urban,14,Two-Year,2025-07-03,93.0,3,15,357.0,6.9,50.29,721.78,721.78,14.91,2,0,4,1,965.57,0
CUST-1905,29,Female,Urban,37,Month-to-Month,2023-08-04,83.3,6,13,230.0,2.0,74.36,2825.86,2825.86,10.42,1,0,4,0,1427.71,1
CUST-1906,18,Male,Urban,72,Month-to-Month,2020-09-04,60.5,6,18,709.6,104.7,148.07,10571.49,10571.49,19.87,1,1,4,1,2558.65,0
CUST-1907,71,Female,Suburban,22,Month-to-Month,2024-11-02,117.8,5,19,558.6,66.5,133.32,3000.06,3000.06,41.01,0,3,3,0,1343.87,1
CUST-1908,61,Female,Urban,21,Month-to-Month,2024-12-02,58.4,5,21,421.4,52.8,89.11,1834.24,1834.24,1.83,12,1,1,0,384.96,1
CUST-1909,22,Female,Urban,35,One-Year,2023-10-03,104.3,3,21,224.9,49.5,95.17,3205.79,3205.79,7.09,5,2,1,1,365.45,1
CUST-1910,47,Male,Urban,4,Month-to-Month,2026-05-03,34.0,3,22,525.0,96.6,86.48,332.53,332.53,2.93,3,0,2,0,830.21,1
CUST-1911,47,Female,Suburban,10,Two-Year,2025-11-01,76.3,7,16,260.3,22.6,137.03,1371.08,1371.08,120.27,3,0,3,1,1973.23,0
CUST-1912,34,Female,Suburban,72,One-Year,2020-09-04,130.9,1,13,558.0,32.0,143.53,10213.52,10213.52,29.86,1,0,3,0,2066.83,0
CUST-1913,65,Female,Suburban,37,Month-to-Month,2023-08-04,76.7,9,24,538.2,5.3,59.04,2126.03,2126.03,60.08,1,0,4,0,1133.57,0
CUST-1914,64,Female,Suburban,1,One-Year,2026-08-02,87.9,4,15,319.6,54.3,142.36,140.81,140.81,10.86,1,0,4,0,2733.31,0
CUST-1915,40,Female,Urban,8,Two-Year,2026-01-01,133.1,5,11,538.9,210.6,165.88,1315.34,1315.34,79.02,1,1,3,0,2149.8,1
CUST-1916,32,Male,Urban,38,Month-to-Month,2023-07-04,80.7,5,16,360.2,21.7,82.7,3159.44,3159.44,34.7,4,0,4,0,1587.84,1
CUST-1917,54,Female,Urban,48,Month-to-Month,2022-09-03,92.8,9,17,628.1,172.2,98.54,4520.82,4520.82,18.23,5,0,3,1,1418.98,0
CUST-1918,38,Female,Suburban,61,Month-to-Month,2021-08-04,103.1,3,19,359.3,84.9,137.71,8743.06,8743.06,32.12,1,1,4,2,2379.63,0
CUST-1919,31,Female,Rural,12,Month-to-Month,2025-09-02,43.6,7,22,572.3,17.3,136.05,1611.74,1611.74,4.77,3,1,2,1,1175.47,1
CUST-1920,19,Male,Urban,72,Month-to-Month,2020-09-04,70.4,5,19,914.0,70.7,81.87,5962.65,5962.65,13.15,1,0,4,1,1571.9,0
CUST-1921,28,Female,Urban,27,Month-to-Month,2024-06-03,88.9,4,25,302.8,29.6,86.05,2278.37,2278.37,27.12,1,1,3,0,1115.21,1
CUST-1922,68,Female,Urban,40,One-Year,2023-05-04,37.1,6,15,199.7,8.5,64.71,2656.13,2656.13,35.8,2,0,3,0,931.82,1
CUST-1923,56,Male,Urban,30,One-Year,2024-03-03,126.1,5,20,459.4,6.3,49.98,1493.21,1493.21,8.55,3,0,3,0,719.71,0
CUST-1924,55,Female,Suburban,5,One-Year,2026-04-02,107.7,4,15,537.8,2.0,139.86,686.84,686.84,168.41,0,1,3,1,1812.59,0
CUST-1925,51,Female,Urban,72,Month-to-Month,2020-09-04,103.2,7,14,290.4,103.9,62.3,4693.65,4693.65,62.66,3,0,3,1,897.12,0
CUST-1926,55,Female,Rural,5,Month-to-Month,2026-04-02,124.6,4,21,429.0,140.5,139.71,724.06,724.06,30.36,2,3,1,0,469.43,1
CUST-1927,67,Male,Urban,10,Month-to-Month,2025-11-01,106.7,9,15,303.8,42.8,79.79,772.39,772.39,126.83,3,2,2,0,612.79,1
CUST-1928,51,Male,Rural,56,Month-to-Month,2022-01-03,78.1,5,20,170.5,47.7,41.78,2386.62,2386.62,25.15,1,2,2,3,320.87,0
CUST-1929,35,Female,Suburban,32,Two-Year,2024-01-03,36.0,6,20,492.2,76.5,73.84,2422.97,2422.97,102.92,1,0,3,0,1063.3,0
CUST-1930,47,Male,Suburban,60,Month-to-Month,2021-09-03,64.6,9,17,445.1,78.5,46.33,2650.42,2650.42,48.77,1,3,2,1,311.34,1
CUST-1931,32,Female,Suburban,24,Month-to-Month,2024-09-02,65.4,6,10,253.3,25.5,141.74,3558.57,3558.57,8.58,2,1,2,1,1224.63,1
CUST-1932,44,Male,Suburban,16,Month-to-Month,2025-05-03,103.6,7,17,289.0,11.3,57.19,890.61,890.61,18.2,1,1,3,0,741.18,1
CUST-1933,68,Female,Suburban,72,One-Year,2020-09-04,87.4,4,16,378.6,36.6,116.28,8714.06,8714.06,10.67,3,1,2,0,1004.66,0
CUST-1934,51,Male,Suburban,2,One-Year,2026-07-03,38.0,3,14,423.6,77.6,85.59,173.82,173.82,44.78,2,1,3,0,1109.25,1
CUST-1935,69,Female,Suburban,64,Month-to-Month,2021-05-05,111.0,6,21,186.5,106.0,119.03,7627.14,7627.14,50.93,0,2,2,1,914.15,1
CUST-1936,55,Male,Rural,9,Month-to-Month,2025-12-02,124.9,8,19,324.1,6.1,55.24,511.37,511.37,40.34,2,0,4,0,1060.61,0
CUST-1937,50,Male,Suburban,63,Month-to-Month,2021-06-04,129.3,4,16,648.9,57.7,44.48,2851.29,2851.29,27.61,0,0,4,1,854.02,0
CUST-1938,41,Male,Suburban,5,One-Year,2026-04-02,51.1,4,25,552.7,3.6,118.53,606.89,606.89,18.0,1,0,5,0,2844.72,0
CUST-1939,32,Male,Rural,29,Two-Year,2024-04-03,94.6,10,17,383.7,113.2,124.4,3736.72,3736.72,145.33,2,0,3,0,1791.36,0
CUST-1940,47,Female,Urban,72,One-Year,2020-09-04,54.8,5,20,643.6,71.4,48.3,3467.58,3467.58,0.99,1,0,5,1,1159.2,0
CUST-1941,59,Female,Urban,22,One-Year,2024-11-02,143.2,1,15,411.0,77.5,120.69,2635.46,2635.46,4.63,4,0,3,0,1737.94,0
CUST-1942,68,Male,Urban,46,Month-to-Month,2022-11-03,85.9,6,12,379.2,93.2,107.71,5152.74,5152.74,31.96,1,0,4,0,2068.03,0
CUST-1943,34,Female,Urban,54,Month-to-Month,2022-03-05,73.9,5,15,492.1,44.5,51.39,2857.72,2857.72,49.35,5,0,3,0,740.02,0
CUST-1944,22,Male,Suburban,44,One-Year,2023-01-03,68.4,13,19,480.8,23.1,123.41,5168.99,5168.99,110.62,3,0,3,0,1777.1,0
CUST-1945,46,Female,Urban,72,Month-to-Month,2020-09-04,95.0,4,9,691.8,100.1,120.39,8801.41,8801.41,23.6,4,2,1,0,462.3,1
CUST-1946,21,Female,Suburban,20,Two-Year,2025-01-01,100.5,8,29,255.6,97.6,97.93,2037.71,2037.71,10.82,2,1,3,0,1269.17,0
CUST-1947,27,Female,Urban,7,Month-to-Month,2026-02-01,35.6,9,21,572.9,9.4,46.96,334.75,334.75,69.66,2,1,2,0,405.73,1
CUST-1948,34,Male,Urban,2,Month-to-Month,2026-07-03,126.9,7,18,400.0,151.5,109.84,220.85,220.85,20.33,0,0,4,2,2108.93,0
CUST-1949,27,Female,Suburban,10,One-Year,2025-11-01,99.1,5,16,211.4,16.3,46.15,446.54,446.54,4.84,2,2,3,0,531.65,1
CUST-1950,34,Male,Suburban,6,Month-to-Month,2026-03-03,126.7,5,19,506.2,23.8,49.72,311.76,311.76,25.84,2,0,4,1,954.62,1
CUST-1951,37,Female,Urban,27,Month-to-Month,2024-06-03,136.3,1,21,368.9,15.8,55.13,1507.32,1507.32,26.09,2,3,2,3,370.47,1
CUST-1952,41,Male,Suburban,7,Month-to-Month,2026-02-01,82.0,2,20,680.1,219.0,133.12,894.66,894.66,9.11,3,0,3,0,1916.93,1
CUST-1953,22,Female,Suburban,2,One-Year,2026-07-03,110.7,8,19,297.1,23.1,106.63,222.38,222.38,5.36,0,0,4,1,2047.3,0
CUST-1954,51,Female,Urban,2,Month-to-Month,2026-07-03,67.7,3,21,334.6,231.0,68.02,136.27,136.27,5.38,1,1,3,0,881.54,1
CUST-1955,23,Female,Urban,59,Month-to-Month,2021-10-04,71.0,3,15,467.6,66.0,109.76,6253.86,6253.86,60.67,2,0,5,0,2634.24,0
CUST-1956,70,Male,Rural,30,One-Year,2024-03-03,132.2,5,19,133.2,12.6,30.87,900.77,900.77,24.33,3,0,3,0,444.53,0
CUST-1957,19,Female,Urban,15,Month-to-Month,2025-06-02,62.8,3,13,627.8,52.5,136.94,2150.19,2150.19,46.66,5,0,2,0,1314.62,1
CUST-1958,30,Male,Urban,72,Two-Year,2020-09-04,90.9,7,15,649.6,139.1,135.4,9687.02,9687.02,114.9,3,2,2,0,1039.87,0
CUST-1959,60,Female,Urban,3,Month-to-Month,2026-06-02,57.8,5,19,569.9,53.6,116.35,346.25,346.25,54.96,1,1,3,0,1507.9,1
CUST-1960,60,Male,Suburban,72,One-Year,2020-09-04,65.3,2,22,470.9,9.2,53.9,3875.43,3875.43,5.98,1,0,3,1,776.16,0
CUST-1961,65,Male,Suburban,32,Month-to-Month,2024-01-03,69.8,5,17,557.9,22.0,141.87,4630.87,4630.87,19.06,2,1,2,0,1225.76,0
CUST-1962,28,Female,Suburban,7,One-Year,2026-02-01,128.4,6,16,494.2,16.6,133.78,923.82,923.82,23.99,3,1,2,1,1155.86,1
CUST-1963,68,Male,Urban,38,One-Year,2023-07-04,100.4,6,17,602.0,8.7,82.65,3115.9,3115.9,42.29,3,0,3,0,1190.16,0
CUST-1964,64,Male,Rural,48,Two-Year,2022-09-03,110.3,5,11,766.2,25.8,32.85,1615.61,1615.61,117.24,2,3,2,0,220.75,1
CUST-1965,40,Male,Urban,19,Month-to-Month,2025-02-01,30.8,6,18,428.1,70.3,94.36,1785.88,1785.88,11.74,0,1,4,0,1630.54,0
CUST-1966,33,Male,Urban,65,Month-to-Month,2021-04-04,86.0,11,27,400.4,31.3,47.41,3147.47,3147.47,69.12,2,2,2,1,364.11,0
CUST-1967,48,Female,Urban,6,One-Year,2026-03-03,73.5,6,17,414.9,38.1,98.88,620.7,620.7,2.62,0,1,4,0,1708.65,0
CUST-1968,28,Female,Urban,11,Month-to-Month,2025-10-02,99.8,9,12,233.1,25.1,142.23,1636.89,1636.89,71.94,1,1,4,0,2457.73,1
CUST-1969,71,Male,Rural,4,Month-to-Month,2026-05-03,157.2,8,22,466.3,337.9,162.73,647.47,647.47,41.52,3,2,3,0,1874.65,1
CUST-1970,33,Male,Rural,8,Two-Year,2026-01-01,13.3,6,20,158.6,57.4,70.66,550.26,550.26,1.01,1,0,4,0,1356.67,0
CUST-1971,25,Male,Urban,9,Month-to-Month,2025-12-02,97.0,3,17,665.2,116.7,87.83,770.81,770.81,33.02,1,0,4,0,1686.34,1
CUST-1972,21,Male,Rural,72,Two-Year,2020-09-04,151.1,9,16,681.0,37.8,139.3,10349.77,10349.77,93.75,3,1,3,0,1805.33,0
CUST-1973,57,Female,Suburban,3,Month-to-Month,2026-06-02,69.7,4,22,294.3,12.0,39.47,113.43,113.43,19.83,0,1,4,0,682.04,1
CUST-1974,21,Female,Rural,19,One-Year,2025-02-01,89.5,12,13,256.4,121.9,145.66,2640.35,2640.35,4.37,1,0,4,0,2796.67,0
CUST-1975,42,Male,Urban,25,One-Year,2024-08-02,105.3,7,16,608.0,93.7,47.63,1212.35,1212.35,156.64,0,0,3,0,685.87,1
CUST-1976,20,Male,Suburban,72,Month-to-Month,2020-09-04,20.3,6,19,172.7,26.0,76.59,5740.64,5740.64,18.87,1,0,4,0,1470.53,0
CUST-1977,49,Male,Urban,72,Two-Year,2020-09-04,93.0,6,13,284.9,60.6,119.82,8394.8,8394.8,26.26,0,0,5,0,2875.68,0
CUST-1978,20,Female,Suburban,46,Month-to-Month,2022-11-03,61.2,1,22,257.6,6.4,71.39,3137.67,3137.67,119.72,4,0,3,0,1028.02,1
CUST-1979,44,Female,Urban,72,Two-Year,2020-09-04,146.4,2,24,514.0,2.0,90.98,6809.5,6809.5,30.76,3,1,2,0,786.07,0
CUST-1980,46,Male,Suburban,51,One-Year,2022-06-04,78.8,5,16,516.6,109.9,97.93,4921.59,4921.59,39.46,1,0,4,1,1880.26,0
CUST-1981,49,Male,Urban,72,Month-to-Month,2020-09-04,63.7,3,10,484.5,185.0,122.28,8847.94,8847.94,43.32,2,1,3,0,1584.75,0
CUST-1982,67,Female,Urban,41,Two-Year,2023-04-04,110.4,9,19,419.1,27.4,48.77,2066.81,2066.81,49.01,0,0,4,0,936.38,0
CUST-1983,68,Female,Suburban,3,Month-to-Month,2026-06-02,99.6,6,22,555.7,59.2,100.36,293.55,293.55,56.36,2,0,3,0,1445.18,1
CUST-1984,36,Male,Rural,17,One-Year,2025-04-03,111.9,9,18,445.4,82.1,150.85,2590.41,2590.41,2.72,2,0,4,0,2896.32,0
CUST-1985,38,Male,Suburban,35,Month-to-Month,2023-10-03,142.3,4,16,710.8,89.1,60.66,2227.45,2227.45,95.31,3,1,3,0,786.15,0
CUST-1986,22,Male,Rural,15,Two-Year,2025-06-02,67.4,8,21,615.0,42.6,39.1,600.65,600.65,27.59,4,2,2,0,300.29,1
CUST-1987,35,Female,Urban,11,One-Year,2025-10-02,136.6,4,15,296.1,61.8,79.32,863.56,863.56,26.71,2,0,4,0,1522.94,0
CUST-1988,45,Male,Urban,29,Month-to-Month,2024-04-03,141.3,7,13,371.0,69.6,78.49,2337.22,2337.22,63.17,3,1,3,1,1017.23,0
CUST-1989,59,Male,Urban,72,One-Year,2020-09-04,61.9,7,22,398.2,7.1,40.52,2777.92,2777.92,12.82,4,0,3,0,583.49,0
CUST-1990,39,Female,Urban,2,Month-to-Month,2026-07-03,64.9,7,23,261.6,67.3,100.82,195.9,195.9,37.34,2,2,3,1,1161.45,1
CUST-1991,38,Male,Suburban,49,Month-to-Month,2022-08-04,86.4,7,15,631.4,46.5,82.3,4131.37,4131.37,13.34,1,0,4,0,1580.16,0
CUST-1992,23,Female,Suburban,43,Month-to-Month,2023-02-02,79.0,14,11,576.8,30.9,125.88,5284.14,5284.14,50.07,2,1,3,0,1631.4,1
CUST-1993,18,Male,Suburban,72,Month-to-Month,2020-09-04,136.3,5,19,385.4,19.7,76.6,5308.99,5308.99,19.86,0,0,3,1,1103.04,0
CUST-1994,22,Male,Suburban,72,Month-to-Month,2020-09-04,59.1,5,15,518.3,66.0,148.26,10454.08,10454.08,7.23,3,0,3,1,2134.94,1
CUST-1995,58,Female,Suburban,48,Month-to-Month,2022-09-03,92.3,6,16,356.0,11.9,116.46,5406.35,5406.35,83.85,5,0,2,0,1118.02,1
CUST-1996,29,Male,Urban,25,Month-to-Month,2024-08-02,62.0,7,23,604.8,108.2,97.29,2412.95,2412.95,48.99,3,0,3,0,1400.98,1
CUST-1997,43,Female,Urban,8,Month-to-Month,2026-01-01,88.3,6,17,405.2,12.3,90.34,695.58,695.58,0.5,1,1,4,0,1561.08,0
CUST-1998,63,Female,Suburban,26,Month-to-Month,2024-07-03,149.3,7,12,78.2,96.0,139.07,3737.93,3737.93,2.33,1,0,4,1,2670.14,0
CUST-1999,51,Male,Urban,48,One-Year,2022-09-03,139.7,4,25,206.2,110.5,130.61,6444.8,6444.8,16.68,0,1,4,0,2256.94,0
CUST-2000,66,Female,Urban,72,One-Year,2020-09-04,96.4,9,17,664.8,182.5,128.01,9038.81,9038.81,53.01,0,1,3,1,1659.01,0
CUST-2001,31,Male,Urban,52,Month-to-Month,2022-05-05,103.9,12,13,405.4,40.4,61.75,3217.4,3217.4,11.3,1,0,4,1,1185.6,0
CUST-2002,43,Female,Suburban,8,Two-Year,2026-01-01,99.1,8,16,503.6,4.3,72.83,603.33,603.33,163.96,4,0,3,2,1048.75,0
CUST-2003,62,Male,Urban,31,One-Year,2024-02-02,75.9,7,13,408.6,73.6,126.57,4092.0,4092.0,88.0,2,0,4,0,2430.14,0
CUST-2004,44,Female,Suburban,14,One-Year,2025-07-03,142.5,4,18,179.5,21.6,100.4,1348.12,1348.12,69.99,4,0,4,0,1927.68,0
CUST-2005,26,Male,Suburban,1,Month-to-Month,2026-08-02,124.6,4,21,241.6,6.3,135.95,138.97,138.97,0.32,0,1,3,0,1761.91,1
CUST-2006,43,Male,Urban,8,Month-to-Month,2026-01-01,92.0,5,18,631.3,125.9,144.26,1112.01,1112.01,116.36,1,2,2,0,1107.92,1
CUST-2007,64,Female,Suburban,4,Two-Year,2026-05-03,78.5,6,14,623.3,9.8,75.58,287.81,287.81,31.33,1,0,4,3,1451.14,0
CUST-2008,39,Female,Suburban,61,One-Year,2021-08-04,80.4,6,20,191.0,45.9,65.67,3837.2,3837.2,31.32,2,0,4,0,1260.86,0
CUST-2009,64,Male,Suburban,10,Month-to-Month,2025-11-01,95.2,6,15,653.5,101.0,54.42,548.33,548.33,3.64,1,0,4,0,1044.86,0
CUST-2010,47,Male,Suburban,11,Month-to-Month,2025-10-02,83.9,4,21,348.0,14.4,74.04,804.43,804.43,32.91,3,1,2,1,639.71,1
CUST-2011,60,Female,Urban,72,One-Year,2020-09-04,119.2,8,20,475.2,147.5,73.2,5069.43,5069.43,26.33,1,0,4,0,1405.44,0
CUST-2012,65,Female,Suburban,16,One-Year,2025-05-03,99.4,6,17,438.9,26.2,30.85,492.33,492.33,27.29,2,1,3,0,399.82,0
CUST-2013,34,Male,Urban,1,Two-Year,2026-08-02,56.4,6,17,556.6,32.8,45.82,45.86,45.86,7.44,2,1,3,1,593.83,0
CUST-2014,43,Male,Rural,11,Month-to-Month,2025-10-02,50.6,5,17,590.7,9.2,78.47,887.98,887.98,27.42,1,0,3,1,1129.97,0
CUST-2015,53,Male,Suburban,5,Month-to-Month,2026-04-02,114.7,8,11,373.8,67.2,137.71,699.82,699.82,2.63,6,0,3,0,1983.02,1
CUST-2016,18,Female,Suburban,4,Month-to-Month,2026-05-03,50.3,5,12,639.2,44.4,68.58,273.39,273.39,0.76,1,0,4,1,1316.74,0
CUST-2017,25,Male,Urban,3,Month-to-Month,2026-06-02,74.5,5,11,691.1,237.6,111.37,328.24,328.24,8.39,2,1,3,0,1443.36,1
CUST-2018,66,Male,Urban,30,Month-to-Month,2024-03-03,71.8,7,18,510.8,77.9,80.85,2304.71,2304.71,56.63,3,0,4,1,1552.32,0
CUST-2019,52,Female,Urban,7,Two-Year,2026-02-01,47.8,5,10,257.5,92.5,81.31,588.07,588.07,32.38,2,1,3,1,1053.78,1
CUST-2020,69,Male,Urban,15,Month-to-Month,2025-06-02,94.3,4,11,526.9,14.4,110.27,1615.51,1615.51,78.65,0,0,4,1,2117.18,1
CUST-2021,32,Female,Urban,66,Two-Year,2021-03-05,81.3,8,18,356.5,81.1,95.36,6113.27,6113.27,17.24,4,0,3,0,1373.18,0
CUST-2022,64,Male,Urban,19,Month-to-Month,2025-02-01,65.9,4,19,384.1,53.0,79.92,1554.1,1554.1,15.07,1,2,3,1,920.68,0
CUST-2023,39,Male,Urban,72,Month-to-Month,2020-09-04,147.6,5,16,281.3,33.6,138.53,9546.92,9546.92,42.14,0,2,4,1,2127.82,1
CUST-2024,31,Male,Rural,23,Month-to-Month,2024-10-02,12.1,6,17,701.5,99.2,71.65,1608.83,1608.83,18.29,2,1,3,0,928.58,0
CUST-2025,43,Female,Urban,17,Month-to-Month,2025-04-03,59.1,3,21,430.8,249.7,158.24,2672.61,2672.61,16.8,4,1,2,0,1367.19,1
CUST-2026,45,Male,Rural,46,One-Year,2022-11-03,67.7,5,23,690.7,6.5,85.2,3896.31,3896.31,21.96,2,1,3,0,1104.19,0
CUST-2027,40,Female,Rural,3,Month-to-Month,2026-06-02,44.2,8,24,578.9,101.1,90.96,263.54,263.54,4.27,2,2,2,1,698.57,1
CUST-2028,31,Female,Urban,4,Month-to-Month,2026-05-03,152.7,4,15,306.5,163.8,56.8,216.75,216.75,7.93,1,0,4,0,1090.56,0
CUST-2029,41,Female,Suburban,35,Month-to-Month,2023-10-03,152.4,1,17,310.2,24.6,127.42,4446.56,4446.56,32.36,2,0,3,1,1834.85,1
CUST-2030,19,Male,Urban,22,Month-to-Month,2024-11-02,64.5,7,12,418.3,29.3,60.52,1312.46,1312.46,32.82,1,0,4,2,1161.98,0
CUST-2031,62,Male,Suburban,52,One-Year,2022-05-05,123.1,7,18,442.1,102.9,118.57,6032.99,6032.99,31.23,2,0,5,0,2845.68,0
CUST-2032,43,Male,Urban,72,Month-to-Month,2020-09-04,102.9,4,18,373.0,199.6,155.51,10939.9,10939.9,7.8,1,0,4,1,2985.79,0
CUST-2033,31,Male,Urban,17,One-Year,2025-04-03,134.7,3,17,645.8,181.7,113.91,1937.28,1937.28,20.02,3,2,1,0,437.41,1
CUST-2034,68,Male,Suburban,30,One-Year,2024-03-03,81.8,7,13,465.1,3.7,99.23,2834.5,2834.5,88.84,1,0,4,1,1905.22,0
CUST-2035,24,Female,Urban,23,Month-to-Month,2024-10-02,97.9,10,14,498.2,133.3,84.12,1858.55,1858.55,69.05,4,1,2,1,726.8,1
CUST-2036,20,Male,Suburban,72,Month-to-Month,2020-09-04,127.1,7,17,255.9,57.4,117.16,8288.07,8288.07,28.53,1,0,4,1,2249.47,1
CUST-2037,64,Male,Urban,59,One-Year,2021-10-04,122.5,7,17,127.2,35.5,105.84,6231.96,6231.96,80.88,0,1,3,1,1371.69,0
CUST-2038,40,Male,Urban,72,One-Year,2020-09-04,89.5,3,26,606.0,121.4,94.36,6925.6,6925.6,39.34,2,1,2,0,815.27,0
CUST-2039,63,Female,Urban,10,Month-to-Month,2025-11-01,56.7,7,16,269.9,104.8,113.69,1113.38,1113.38,18.6,2,0,3,0,1637.14,1
CUST-2040,60,Male,Urban,49,Month-to-Month,2022-08-04,62.1,7,20,399.1,46.3,62.15,3096.22,3096.22,52.43,0,1,3,1,805.46,0
CUST-2041,64,Female,Urban,11,Month-to-Month,2025-10-02,29.5,5,22,434.3,34.4,105.81,1150.78,1150.78,12.58,1,2,3,0,1218.93,1
CUST-2042,62,Male,Urban,8,Month-to-Month,2026-01-01,108.6,4,18,472.7,41.6,108.6,892.67,892.67,67.5,2,1,3,0,1407.46,1
CUST-2043,35,Female,Urban,72,Month-to-Month,2020-09-04,91.4,6,17,360.4,24.9,79.9,5741.65,5741.65,13.99,1,0,4,0,1534.08,0
CUST-2044,55,Female,Suburban,1,Month-to-Month,2026-08-02,93.7,4,19,300.0,74.2,64.8,65.07,65.07,55.39,3,1,2,0,559.87,1
CUST-2045,52,Male,Urban,72,Month-to-Month,2020-09-04,84.2,8,17,355.1,144.7,139.06,9947.31,9947.31,11.56,1,1,3,0,1802.22,0
CUST-2046,68,Male,Suburban,6,Month-to-Month,2026-03-03,50.7,6,23,139.3,18.7,114.54,662.01,662.01,87.08,1,2,2,0,879.67,1
CUST-2047,32,Male,Urban,57,Month-to-Month,2021-12-04,94.4,4,11,523.4,113.5,48.59,2678.56,2678.56,7.15,0,2,3,1,559.76,0
CUST-2048,42,Male,Rural,11,Two-Year,2025-10-02,103.2,5,21,543.2,29.1,86.2,938.76,938.76,44.43,3,0,4,1,1655.04,0
CUST-2049,54,Female,Urban,15,One-Year,2025-06-02,59.0,6,12,523.6,9.2,36.97,532.3,532.3,18.39,3,1,3,0,479.13,0
CUST-2050,45,Female,Urban,9,Two-Year,2025-12-02,84.1,8,15,468.1,2.7,62.15,539.22,539.22,0.65,6,0,3,0,894.96,0
CUST-2051,27,Female,Urban,29,Month-to-Month,2024-04-03,65.5,6,20,643.3,42.4,79.92,2346.36,2346.36,14.11,2,0,3,0,1150.85,0
CUST-2052,56,Female,Urban,15,One-Year,2025-06-02,78.5,7,15,662.1,54.6,53.53,813.65,813.65,7.93,2,1,3,0,693.75,0
CUST-2053,34,Male,Suburban,36,Month-to-Month,2023-09-03,50.9,7,14,635.2,2.0,79.22,2745.67,2745.67,28.36,1,3,2,1,532.36,1
CUST-2054,56,Male,Urban,1,One-Year,2026-08-02,77.0,8,12,437.7,68.7,116.52,120.64,120.64,10.53,0,0,4,0,2237.18,0
CUST-2055,39,Female,Rural,3,Month-to-Month,2026-06-02,133.8,6,15,424.7,47.5,82.38,255.96,255.96,2.64,2,0,3,1,1186.27,1
CUST-2056,43,Male,Urban,4,Month-to-Month,2026-05-03,69.9,7,17,461.0,387.3,110.02,434.79,434.79,107.08,2,0,3,0,1584.29,1
CUST-2057,61,Female,Urban,18,Two-Year,2025-03-03,64.6,8,10,330.2,7.2,73.78,1327.77,1327.77,65.28,2,0,3,0,1062.43,0
CUST-2058,42,Male,Suburban,56,One-Year,2022-01-03,66.5,2,19,481.2,79.4,105.03,6059.04,6059.04,1.62,4,1,2,0,907.46,1
CUST-2059,34,Male,Urban,72,Two-Year,2020-09-04,79.3,2,15,459.8,15.9,135.07,9980.52,9980.52,11.08,0,0,4,0,2593.34,0
CUST-2060,30,Female,Suburban,10,Month-to-Month,2025-11-01,138.8,9,16,608.4,15.0,84.69,835.28,835.28,34.84,0,0,4,1,1626.05,0
CUST-2061,37,Male,Urban,29,Month-to-Month,2024-04-03,127.2,6,14,697.3,2.0,127.4,3627.02,3627.02,13.57,1,0,4,0,2446.08,0
CUST-2062,42,Female,Suburban,49,Month-to-Month,2022-08-04,80.7,5,14,497.6,2.0,138.52,6899.03,6899.03,11.59,0,1,4,0,2393.63,0
CUST-2063,21,Female,Urban,12,One-Year,2025-09-02,65.7,3,19,570.7,13.4,91.3,1080.65,1080.65,31.71,2,0,4,0,1752.96,0
CUST-2064,27,Female,Suburban,18,One-Year,2025-03-03,32.2,7,23,447.7,12.5,43.79,803.15,803.15,7.56,1,1,3,0,567.52,0
CUST-2065,20,Female,Suburban,25,Two-Year,2024-08-02,57.7,5,19,587.4,2.0,125.96,3032.37,3032.37,36.6,2,0,3,2,1813.82,1
CUST-2066,58,Female,Urban,5,Month-to-Month,2026-04-02,25.8,5,17,602.4,82.1,136.48,694.14,694.14,3.27,3,0,3,0,1965.31,1
CUST-2067,62,Female,Urban,1,One-Year,2026-08-02,107.2,3,19,702.8,45.5,131.71,135.47,135.47,13.75,2,1,3,2,1706.96,1
CUST-2068,35,Male,Urban,6,Month-to-Month,2026-03-03,125.1,5,16,104.7,32.8,139.23,869.18,869.18,4.3,3,3,1,0,467.81,1
CUST-2069,64,Male,Rural,33,Month-to-Month,2023-12-03,73.7,6,28,553.1,7.1,57.86,1901.01,1901.01,12.31,1,0,3,0,833.18,0
CUST-2070,53,Female,Urban,3,Month-to-Month,2026-06-02,96.5,9,17,401.8,26.4,67.31,203.15,203.15,40.19,1,0,4,0,1292.35,0
CUST-2071,64,Male,Urban,7,Month-to-Month,2026-02-01,52.3,7,14,534.7,41.3,110.22,755.25,755.25,50.52,1,0,3,0,1587.17,1
CUST-2072,39,Male,Urban,14,Month-to-Month,2025-07-03,26.8,5,20,539.3,405.5,150.68,2035.79,2035.79,5.48,1,0,4,0,2893.06,0
CUST-2073,51,Male,Urban,3,Month-to-Month,2026-06-02,86.7,6,16,306.6,46.4,131.83,382.56,382.56,48.0,4,0,3,0,1898.35,1
CUST-2074,64,Female,Suburban,7,Month-to-Month,2026-02-01,96.5,6,21,148.8,2.0,54.57,395.15,395.15,3.08,1,1,2,0,471.48,1
CUST-2075,25,Female,Rural,72,Month-to-Month,2020-09-04,136.1,6,14,509.1,15.1,102.99,7446.03,7446.03,8.54,4,1,3,1,1334.75,1
CUST-2076,57,Male,Urban,1,Month-to-Month,2026-08-02,146.9,3,8,378.8,28.5,137.42,135.72,135.72,24.28,4,0,3,0,1978.85,1
CUST-2077,66,Female,Suburban,35,Month-to-Month,2023-10-03,76.6,3,16,573.3,39.6,55.76,2022.63,2022.63,124.24,3,0,2,0,535.3,0
CUST-2078,61,Female,Urban,16,Month-to-Month,2025-05-03,112.4,6,18,419.5,72.9,71.23,1095.67,1095.67,127.15,5,0,2,0,683.81,1
CUST-2079,36,Female,Urban,37,Two-Year,2023-08-04,94.5,8,15,581.9,58.0,80.56,3008.81,3008.81,22.78,0,0,5,0,1933.44,0
CUST-2080,59,Female,Urban,30,Two-Year,2024-03-03,85.1,2,11,509.8,46.3,41.96,1295.4,1295.4,57.21,3,2,2,1,322.25,1
CUST-2081,58,Female,Suburban,9,Month-to-Month,2025-12-02,83.9,6,18,194.8,118.3,63.08,546.43,546.43,28.21,1,0,4,1,1211.14,1
CUST-2082,54,Male,Rural,62,Two-Year,2021-07-05,80.7,5,17,451.7,14.2,71.07,4239.14,4239.14,48.76,3,1,3,0,921.07,0
CUST-2083,23,Female,Rural,23,One-Year,2024-10-02,81.9,2,8,450.0,5.3,34.35,753.18,753.18,37.05,1,0,4,0,659.52,0
CUST-2084,69,Male,Urban,57,Month-to-Month,2021-12-04,134.7,5,16,391.3,118.4,84.46,5026.99,5026.99,41.81,3,1,2,0,729.73,1
CUST-2085,43,Female,Urban,18,Month-to-Month,2025-03-03,91.4,7,7,549.7,40.3,59.12,1084.61,1084.61,20.27,3,1,2,0,510.8,1
CUST-2086,51,Female,Urban,72,Two-Year,2020-09-04,137.3,2,25,291.7,52.4,132.28,9115.99,9115.99,62.67,1,0,4,0,2539.78,0
CUST-2087,62,Male,Rural,49,One-Year,2022-08-04,58.1,5,28,727.4,118.1,112.69,5616.38,5616.38,20.65,1,2,3,0,1298.19,0
CUST-2088,23,Male,Rural,72,Two-Year,2020-09-04,5.0,6,24,202.0,189.5,156.75,11064.36,11064.36,42.82,4,1,2,0,1354.32,0
CUST-2089,54,Female,Suburban,24,Two-Year,2024-09-02,71.1,11,20,197.0,52.2,56.16,1295.18,1295.18,71.47,2,0,4,0,1078.27,0
CUST-2090,50,Male,Urban,22,Month-to-Month,2024-11-02,59.9,3,19,555.6,108.7,50.7,1170.3,1170.3,37.31,2,2,2,0,389.38,1
CUST-2091,70,Female,Urban,47,Month-to-Month,2022-10-04,40.2,9,18,837.1,51.2,73.39,3338.91,3338.91,24.95,1,1,4,0,1268.18,0
CUST-2092,39,Male,Urban,70,Month-to-Month,2020-11-03,124.0,3,17,337.9,2.2,31.82,2293.9,2293.9,26.3,3,0,3,2,458.21,1
CUST-2093,38,Male,Urban,72,Month-to-Month,2020-09-04,44.9,3,20,532.4,202.8,157.03,11737.38,11737.38,43.18,1,1,2,0,1356.74,1
CUST-2094,23,Female,Urban,13,Month-to-Month,2025-08-02,102.5,7,16,645.2,110.7,63.24,824.61,824.61,3.38,1,1,3,0,819.59,0
CUST-2095,23,Female,Urban,53,Month-to-Month,2022-04-04,145.4,2,23,409.6,91.0,54.87,3046.54,3046.54,35.42,0,0,4,0,1053.5,0
CUST-2096,65,Female,Urban,8,Month-to-Month,2026-01-01,50.5,3,17,355.8,37.9,121.28,933.36,933.36,16.45,3,0,4,0,2328.58,1
CUST-2097,21,Male,Rural,26,Month-to-Month,2024-07-03,78.1,8,16,681.8,185.7,134.78,3665.78,3665.78,5.08,2,4,1,0,388.17,1
CUST-2098,47,Female,Suburban,7,Month-to-Month,2026-02-01,125.6,3,23,511.0,43.7,38.11,255.32,255.32,85.28,3,0,3,0,548.78,0
CUST-2099,28,Female,Urban,15,Month-to-Month,2025-06-02,72.5,8,21,549.3,82.9,96.04,1437.34,1437.34,24.09,2,0,3,0,1382.98,0
CUST-2100,47,Female,Urban,72,Month-to-Month,2020-09-04,95.0,10,21,222.9,6.9,77.65,5789.29,5789.29,21.37,4,0,3,0,1118.16,1
CUST-2101,48,Female,Urban,6,Month-to-Month,2026-03-03,104.2,4,21,529.8,16.1,71.9,433.69,433.69,27.36,3,0,3,0,1035.36,1
CUST-2102,41,Female,Suburban,33,One-Year,2023-12-03,90.2,10,19,622.3,35.9,44.95,1495.73,1495.73,34.1,3,2,2,2,345.22,1
CUST-2103,26,Male,Suburban,30,Two-Year,2024-03-03,71.6,9,11,537.8,56.6,124.03,3594.76,3594.76,7.58,0,0,4,0,2381.38,0
CUST-2104,20,Male,Suburban,5,Month-to-Month,2026-04-02,61.6,4,15,545.0,106.4,68.56,359.4,359.4,34.37,0,2,3,1,789.81,1
CUST-2105,68,Female,Suburban,13,Month-to-Month,2025-08-02,52.2,7,27,741.8,17.9,80.38,1016.84,1016.84,15.21,7,0,2,0,771.65,1
CUST-2106,48,Male,Urban,28,Two-Year,2024-05-03,102.9,4,21,551.5,96.8,140.84,4085.06,4085.06,43.9,3,0,2,0,1352.06,0
CUST-2107,57,Female,Urban,7,Month-to-Month,2026-02-01,65.3,9,23,664.1,143.5,83.12,608.4,608.4,51.72,2,0,4,3,1595.9,1
CUST-2108,54,Male,Urban,53,One-Year,2022-04-04,120.9,9,14,593.3,110.9,45.74,2371.08,2371.08,0.26,1,1,3,1,592.79,0
CUST-2109,53,Female,Urban,72,Month-to-Month,2020-09-04,132.7,7,21,349.2,63.3,136.75,10072.96,10072.96,44.1,3,0,3,0,1969.2,0
CUST-2110,41,Female,Suburban,8,One-Year,2026-01-01,50.3,7,19,496.3,107.9,97.99,751.02,751.02,15.21,2,0,3,1,1411.06,0
CUST-2111,48,Male,Urban,7,Two-Year,2026-02-01,107.1,3,17,554.3,136.5,102.63,735.76,735.76,12.67,3,0,3,2,1477.87,1
CUST-2112,23,Male,Urban,20,One-Year,2025-01-01,146.8,6,14,38.5,52.6,96.31,1923.18,1923.18,16.33,0,1,3,1,1248.18,0
CUST-2113,19,Male,Urban,46,Month-to-Month,2022-11-03,59.3,3,18,483.9,108.0,61.89,2738.17,2738.17,30.0,1,0,3,0,891.22,1
CUST-2114,37,Female,Rural,11,Two-Year,2025-10-02,121.0,6,15,667.7,35.5,112.54,1286.79,1286.79,4.26,1,0,4,0,2160.77,0
CUST-2115,45,Female,Urban,1,One-Year,2026-08-02,101.9,10,18,284.2,48.0,58.82,59.87,59.87,41.94,0,0,5,0,1411.68,0
CUST-2116,28,Male,Suburban,26,One-Year,2024-07-03,113.8,3,17,252.6,3.5,60.16,1512.32,1512.32,20.62,2,0,3,0,866.3,0
CUST-2117,21,Female,Urban,72,Month-to-Month,2020-09-04,62.3,7,15,511.6,139.7,118.55,8563.6,8563.6,6.1,2,2,2,1,910.46,1
CUST-2118,32,Male,Urban,17,One-Year,2025-04-03,142.2,8,23,243.6,9.8,112.7,1882.54,1882.54,24.92,2,0,3,0,1622.88,1
CUST-2119,23,Male,Urban,18,Month-to-Month,2025-03-03,64.9,6,23,654.0,21.0,112.17,2061.57,2061.57,29.87,3,1,2,0,969.15,1
CUST-2120,71,Female,Suburban,72,Month-to-Month,2020-09-04,104.2,11,19,357.3,24.8,38.29,2792.02,2792.02,14.88,0,3,2,1,257.31,0
CUST-2121,66,Male,Urban,39,One-Year,2023-06-04,83.1,2,12,572.0,8.0,112.98,4269.43,4269.43,80.46,2,0,4,2,2169.22,0
CUST-2122,47,Male,Rural,42,Month-to-Month,2023-03-05,101.1,6,10,285.8,165.6,126.06,5157.98,5157.98,41.82,1,1,2,0,1089.16,1
CUST-2123,55,Male,Urban,28,One-Year,2024-05-03,55.5,8,21,813.5,228.0,128.79,3679.88,3679.88,37.89,3,1,2,1,1112.75,1
CUST-2124,68,Male,Urban,72,One-Year,2020-09-04,48.2,2,15,847.5,130.3,155.73,11408.96,11408.96,1.92,2,1,3,0,2018.26,0
CUST-2125,19,Male,Rural,39,Month-to-Month,2023-06-04,93.6,4,18,652.9,27.6,69.03,2641.62,2641.62,24.37,3,0,3,0,994.03,0
CUST-2126,32,Male,Urban,72,One-Year,2020-09-04,74.0,7,18,327.1,3.7,104.11,7479.61,7479.61,66.58,2,0,4,0,1998.91,0
CUST-2127,28,Female,Suburban,40,Two-Year,2023-05-04,73.0,3,22,437.4,13.1,92.89,3703.41,3703.41,38.62,2,0,4,0,1783.49,0
CUST-2128,25,Male,Suburban,44,Month-to-Month,2023-01-03,101.3,6,20,94.1,96.1,84.03,3558.46,3558.46,9.28,0,2,2,0,645.35,0
CUST-2129,43,Female,Urban,12,One-Year,2025-09-02,40.2,5,14,685.1,21.9,118.93,1444.44,1444.44,69.12,4,0,4,2,2283.46,0
CUST-2130,68,Male,Suburban,12,Month-to-Month,2025-09-02,121.2,11,14,471.2,145.0,93.12,1091.12,1091.12,16.15,2,0,3,0,1340.93,1
CUST-2131,62,Male,Urban,51,Month-to-Month,2022-06-04,88.6,5,16,434.0,117.2,106.81,5425.46,5425.46,86.29,0,0,4,0,2050.75,0
CUST-2132,61,Female,Urban,12,Month-to-Month,2025-09-02,107.9,9,15,287.6,17.6,92.11,1057.99,1057.99,25.13,3,1,2,0,795.83,1
CUST-2133,22,Female,Urban,28,Month-to-Month,2024-05-03,100.8,10,14,627.5,76.9,95.33,2699.68,2699.68,54.06,3,0,3,0,1372.75,0
CUST-2134,23,Male,Suburban,10,Month-to-Month,2025-11-01,102.5,2,24,547.0,38.0,83.29,861.19,861.19,33.13,2,0,3,0,1199.38,1
CUST-2135,43,Female,Urban,56,Two-Year,2022-01-03,49.0,3,21,458.2,15.7,46.65,2630.58,2630.58,12.06,1,2,2,0,358.27,0
CUST-2136,71,Female,Suburban,4,One-Year,2026-05-03,119.9,6,15,527.4,58.0,61.39,247.94,247.94,37.13,2,1,3,0,795.61,1
CUST-2137,21,Female,Rural,59,Month-to-Month,2021-10-04,93.2,8,17,797.7,118.1,56.91,3415.88,3415.88,0.34,2,0,4,0,1092.67,0
CUST-2138,36,Female,Urban,31,Month-to-Month,2024-02-02,70.8,3,23,286.2,169.9,133.69,4018.54,4018.54,63.11,1,0,3,1,1925.14,1
CUST-2139,37,Male,Urban,7,Month-to-Month,2026-02-01,81.2,5,15,223.6,3.9,111.18,744.7,744.7,118.17,4,0,3,0,1600.99,1
CUST-2140,50,Male,Urban,26,Month-to-Month,2024-07-03,95.9,4,20,309.4,35.3,103.72,2792.18,2792.18,8.12,1,0,3,0,1493.57,1
CUST-2141,37,Female,Urban,11,Month-to-Month,2025-10-02,90.4,5,10,666.3,60.3,139.57,1588.48,1588.48,75.29,2,0,4,1,2679.74,0
CUST-2142,66,Male,Urban,13,Month-to-Month,2025-08-02,102.9,10,20,500.4,26.8,59.49,776.82,776.82,6.43,1,0,4,1,1142.21,0
CUST-2143,29,Female,Suburban,15,Month-to-Month,2025-06-02,134.6,6,20,311.3,24.8,123.14,1791.15,1791.15,23.67,6,4,1,1,354.64,1
CUST-2144,64,Male,Rural,3,Month-to-Month,2026-06-02,53.9,8,17,544.8,96.1,60.78,188.12,188.12,12.12,2,2,2,1,466.79,1
CUST-2145,18,Male,Rural,72,One-Year,2020-09-04,107.5,10,24,360.6,99.2,47.67,3336.22,3336.22,7.45,2,2,3,0,549.16,0
CUST-2146,43,Female,Rural,2,Two-Year,2026-07-03,81.8,9,22,481.4,84.8,37.74,78.2,78.2,49.33,4,1,2,0,326.07,0
CUST-2147,31,Male,Rural,36,Month-to-Month,2023-09-03,119.3,9,17,535.3,148.7,114.08,4075.57,4075.57,57.51,0,0,4,0,2190.34,0
CUST-2148,55,Female,Urban,16,Month-to-Month,2025-05-03,133.8,6,19,340.5,44.4,121.21,1853.54,1853.54,63.84,2,1,3,1,1570.88,1
CUST-2149,54,Female,Suburban,35,Month-to-Month,2023-10-03,90.9,3,13,123.1,100.8,134.76,4866.06,4866.06,0.3,2,0,3,1,1940.54,0
CUST-2150,28,Female,Rural,15,Two-Year,2025-06-02,103.6,6,17,493.5,2.0,79.43,1198.67,1198.67,65.9,3,2,2,0,610.02,1
CUST-2151,53,Female,Urban,37,One-Year,2023-08-04,121.5,11,19,415.1,284.5,74.42,2703.52,2703.52,1.85,2,0,4,0,1428.86,0
CUST-2152,30,Female,Rural,43,One-Year,2023-02-02,114.9,2,18,338.5,163.6,53.65,2296.09,2296.09,20.82,0,0,5,1,1287.6,0
CUST-2153,60,Female,Urban,39,Two-Year,2023-06-04,122.7,8,26,494.4,119.7,148.45,6013.14,6013.14,6.74,2,2,2,2,1140.1,1
CUST-2154,20,Female,Suburban,4,Month-to-Month,2026-05-03,76.1,6,19,562.1,57.6,44.33,172.06,172.06,83.02,1,0,3,1,638.35,0
CUST-2155,50,Male,Suburban,36,Two-Year,2023-09-03,69.5,8,12,57.7,51.1,122.9,4249.1,4249.1,30.09,3,1,3,0,1592.78,0
CUST-2156,23,Male,Rural,11,Month-to-Month,2025-10-02,50.9,10,13,469.3,10.6,34.59,391.33,391.33,22.12,3,0,3,0,498.1,0
CUST-2157,67,Male,Urban,1,Month-to-Month,2026-08-02,79.1,7,23,428.8,3.6,46.63,47.2,47.2,20.56,3,0,3,1,671.47,1
CUST-2158,27,Male,Suburban,18,One-Year,2025-03-03,82.5,3,20,382.7,19.2,46.61,870.02,870.02,18.14,1,1,4,1,805.42,0
CUST-2159,22,Female,Urban,19,Month-to-Month,2025-02-01,80.7,14,19,567.3,10.6,58.46,1090.01,1090.01,22.48,1,0,4,0,1122.43,0
CUST-2160,40,Female,Urban,21,One-Year,2024-12-02,99.8,2,14,113.7,53.5,79.67,1683.32,1683.32,29.18,1,2,2,1,611.87,1
CUST-2161,27,Female,Suburban,41,Month-to-Month,2023-04-04,100.5,6,19,20.0,26.3,43.29,1693.67,1693.67,59.45,3,1,1,0,187.01,1
CUST-2162,61,Male,Suburban,13,One-Year,2025-08-02,83.0,8,21,159.5,31.9,141.7,1905.96,1905.96,9.5,3,1,2,1,1224.29,1
CUST-2163,19,Female,Suburban,13,Month-to-Month,2025-08-02,95.4,5,16,577.7,2.0,25.53,321.64,321.64,57.1,2,0,3,0,367.63,0
CUST-2164,30,Male,Urban,3,Month-to-Month,2026-06-02,109.8,8,15,363.8,51.7,121.55,350.6,350.6,62.12,1,1,4,1,2100.38,0
CUST-2165,57,Female,Urban,39,Two-Year,2023-06-04,61.0,3,21,405.7,69.4,95.96,3736.66,3736.66,66.69,2,0,4,0,1842.43,0
CUST-2166,19,Female,Suburban,28,Two-Year,2024-05-03,113.0,7,16,756.8,26.5,38.81,1113.29,1113.29,99.4,1,0,4,0,745.15,0
CUST-2167,37,Male,Urban,15,Two-Year,2025-06-02,66.7,3,23,528.0,9.1,40.18,585.21,585.21,109.79,3,0,3,2,578.59,1
CUST-2168,18,Male,Urban,41,One-Year,2023-04-04,128.2,9,15,633.4,79.1,104.71,4178.69,4178.69,4.0,3,1,2,1,904.69,1
CUST-2169,54,Male,Rural,26,One-Year,2024-07-03,90.0,8,19,437.9,9.0,62.6,1597.59,1597.59,73.55,0,4,2,0,360.58,1
CUST-2170,26,Female,Urban,21,One-Year,2024-12-02,86.9,3,23,61.9,110.3,93.32,2020.69,2020.69,65.36,0,1,3,0,1209.43,0
CUST-2171,34,Female,Suburban,24,Month-to-Month,2024-09-02,31.3,4,18,409.5,51.3,95.86,2357.55,2357.55,16.59,3,1,3,1,1242.35,1
CUST-2172,26,Female,Urban,34,Month-to-Month,2023-11-03,104.7,6,15,300.6,17.6,93.58,3108.49,3108.49,41.14,1,1,4,0,1617.06,1
CUST-2173,28,Male,Urban,36,Month-to-Month,2023-09-03,87.9,6,14,304.9,148.8,114.33,4015.1,4015.1,91.47,4,2,2,0,878.05,1
CUST-2174,32,Male,Urban,12,Two-Year,2025-09-02,90.2,9,18,520.4,9.9,34.55,431.45,431.45,3.35,0,0,3,0,497.52,0
CUST-2175,41,Female,Urban,5,Month-to-Month,2026-04-02,82.2,8,21,51.5,59.8,119.12,602.44,602.44,15.32,0,0,4,1,2287.1,1
CUST-2176,55,Female,Urban,6,Two-Year,2026-03-03,103.8,12,22,324.4,62.5,68.12,397.48,397.48,127.75,0,1,3,0,882.84,0
CUST-2177,52,Male,Urban,34,Month-to-Month,2023-11-03,109.8,8,26,370.6,2.5,38.53,1262.91,1262.91,27.81,0,1,3,0,499.35,0
CUST-2178,47,Male,Urban,68,One-Year,2021-01-03,99.5,8,14,566.1,61.2,45.93,2987.74,2987.74,3.37,0,1,4,1,793.67,0
CUST-2179,48,Female,Urban,18,Month-to-Month,2025-03-03,124.5,7,11,824.5,77.0,63.81,1119.45,1119.45,113.58,1,2,2,0,490.06,1
CUST-2180,66,Male,Urban,7,Month-to-Month,2026-02-01,63.4,5,20,71.2,156.6,120.79,864.13,864.13,81.56,0,1,3,0,1565.44,0
CUST-2181,22,Male,Urban,47,Two-Year,2022-10-04,67.2,8,19,467.7,80.2,91.3,4236.03,4236.03,57.47,1,1,4,0,1577.66,0
CUST-2182,61,Male,Urban,59,Month-to-Month,2021-10-04,97.2,5,20,388.1,43.1,43.77,2702.52,2702.52,55.22,0,0,3,0,630.29,0
CUST-2183,67,Female,Rural,70,Month-to-Month,2020-11-03,104.9,3,19,494.6,124.8,47.43,3261.75,3261.75,23.29,3,0,3,2,682.99,0
CUST-2184,31,Female,Suburban,31,Month-to-Month,2024-02-02,100.5,4,14,920.4,28.4,32.09,959.99,959.99,72.85,1,0,4,0,616.13,0
CUST-2185,70,Female,Suburban,65,Month-to-Month,2021-04-04,46.4,7,12,197.1,125.7,92.29,5804.84,5804.84,12.77,1,0,3,0,1328.98,0
CUST-2186,28,Female,Urban,1,Month-to-Month,2026-08-02,48.9,3,22,341.7,120.8,133.75,133.6,133.6,15.54,2,0,4,0,2568.0,1
CUST-2187,26,Female,Rural,4,One-Year,2026-05-03,79.5,8,16,679.5,60.2,99.99,417.46,417.46,8.52,3,2,2,1,767.92,0
CUST-2188,51,Male,Suburban,4,Month-to-Month,2026-05-03,31.3,4,17,529.8,27.5,122.23,508.49,508.49,18.06,1,2,3,0,1408.09,1
CUST-2189,29,Female,Suburban,41,One-Year,2023-04-04,92.8,15,18,593.3,58.1,70.45,2796.98,2796.98,9.31,0,0,3,1,1014.48,0
CUST-2190,52,Male,Urban,3,Month-to-Month,2026-06-02,82.8,6,14,372.4,153.6,64.18,197.44,197.44,14.53,0,0,4,0,1232.26,0
CUST-2191,52,Female,Rural,23,One-Year,2024-10-02,57.6,10,18,624.6,65.8,127.21,2999.67,2999.67,41.03,1,0,4,0,2442.43,1
CUST-2192,18,Male,Suburban,22,One-Year,2024-11-02,68.4,6,21,611.3,119.1,126.57,2691.34,2691.34,19.68,2,1,3,0,1640.35,1
CUST-2193,57,Male,Rural,13,Month-to-Month,2025-08-02,88.3,4,19,513.8,27.5,96.87,1233.9,1233.9,51.08,1,0,4,0,1859.9,0
CUST-2194,39,Male,Urban,68,Month-to-Month,2021-01-03,40.2,6,17,806.1,22.5,130.46,8495.17,8495.17,22.82,3,0,3,0,1878.62,1
CUST-2195,46,Male,Urban,7,Month-to-Month,2026-02-01,66.9,9,17,498.9,19.2,100.41,672.99,672.99,5.25,2,2,2,0,771.15,1
CUST-2196,25,Male,Urban,15,One-Year,2025-06-02,77.1,3,23,526.5,43.9,92.06,1372.91,1372.91,47.43,3,2,2,0,707.02,0
CUST-2197,28,Male,Urban,49,One-Year,2022-08-04,76.0,7,13,370.6,36.8,88.28,4318.81,4318.81,2.39,2,0,4,0,1694.98,0
CUST-2198,58,Female,Rural,2,Two-Year,2026-07-03,76.9,6,16,529.2,125.2,114.77,218.81,218.81,99.92,1,0,3,0,1652.69,0
CUST-2199,54,Male,Urban,37,Month-to-Month,2023-08-04,125.8,6,12,502.4,7.8,85.58,3314.09,3314.09,64.36,4,0,4,0,1643.14,0
CUST-2200,31,Female,Urban,56,Month-to-Month,2022-01-03,113.5,1,19,570.7,52.5,64.23,3591.96,3591.96,115.48,0,0,5,0,1541.52,0
CUST-2201,47,Female,Urban,72,Month-to-Month,2020-09-04,65.7,6,19,517.3,33.6,139.73,10350.14,10350.14,10.01,2,1,4,0,2414.53,1
CUST-2202,52,Female,Urban,69,Month-to-Month,2020-12-04,53.9,7,21,519.9,180.3,162.22,11344.21,11344.21,22.97,0,0,4,0,3114.62,0
CUST-2203,38,Female,Urban,13,Month-to-Month,2025-08-02,72.6,7,14,374.8,100.9,59.33,780.49,780.49,7.51,2,2,3,0,683.48,1
CUST-2204,54,Female,Suburban,29,Month-to-Month,2024-04-03,121.8,8,11,572.3,36.9,91.56,2602.97,2602.97,19.21,1,0,3,0,1318.46,0
CUST-2205,22,Male,Suburban,3,One-Year,2026-06-02,21.2,10,14,483.0,66.5,125.78,391.95,391.95,9.78,2,1,4,0,2173.48,1
CUST-2206,36,Male,Urban,10,Month-to-Month,2025-11-01,87.5,5,16,391.5,89.0,44.65,437.56,437.56,67.05,2,0,4,0,857.28,0
CUST-2207,31,Male,Urban,4,One-Year,2026-05-03,75.8,11,9,309.0,4.8,39.93,166.93,166.93,4.54,3,1,2,0,345.0,0
CUST-2208,43,Female,Urban,13,Month-to-Month,2025-08-02,121.0,4,19,600.7,72.8,98.58,1222.51,1222.51,8.93,3,0,3,1,1419.55,1
CUST-2209,21,Female,Urban,69,Two-Year,2020-12-04,114.4,5,18,599.7,9.8,29.72,1971.67,1971.67,10.73,1,0,4,0,570.62,0
CUST-2210,42,Male,Suburban,15,Two-Year,2025-06-02,41.0,7,10,429.2,13.6,122.84,1884.35,1884.35,46.9,1,0,4,0,2358.53,0
CUST-2211,62,Male,Suburban,28,Two-Year,2024-05-03,120.9,7,13,220.0,40.2,131.44,3720.32,3720.32,34.83,1,1,3,0,1703.46,0
CUST-2212,59,Female,Suburban,19,One-Year,2025-02-01,15.0,9,12,718.7,252.5,147.55,2864.3,2864.3,5.13,2,1,3,0,1912.25,1
CUST-2213,42,Male,Suburban,21,One-Year,2024-12-02,103.4,3,20,688.5,197.6,149.21,3177.78,3177.78,32.57,0,3,3,1,1504.04,1
CUST-2214,35,Female,Urban,72,One-Year,2020-09-04,106.1,5,21,880.4,151.2,124.92,9018.71,9018.71,65.58,1,1,3,0,1618.96,1
CUST-2215,57,Female,Rural,12,Month-to-Month,2025-09-02,135.6,6,9,112.2,2.3,41.66,476.48,476.48,21.07,2,0,4,0,799.87,0
CUST-2216,25,Female,Suburban,33,One-Year,2023-12-03,91.8,2,16,400.3,124.6,47.12,1602.99,1602.99,33.12,3,0,4,1,904.7,0
CUST-2217,56,Female,Rural,18,One-Year,2025-03-03,65.1,6,12,317.4,97.3,137.12,2470.66,2470.66,26.57,0,0,5,0,3290.88,0
CUST-2218,57,Female,Urban,3,Two-Year,2026-06-02,54.7,5,14,128.6,44.9,113.06,325.81,325.81,15.5,1,1,3,0,1465.26,1
CUST-2219,31,Female,Rural,23,Month-to-Month,2024-10-02,128.8,3,22,460.4,25.6,74.66,1664.37,1664.37,0.09,1,0,4,0,1433.47,0
CUST-2220,49,Female,Suburban,56,Month-to-Month,2022-01-03,135.9,9,19,494.9,91.6,130.37,7418.99,7418.99,7.22,0,1,3,0,1689.6,0
CUST-2221,68,Female,Suburban,4,One-Year,2026-05-03,71.5,5,23,436.6,7.4,32.23,123.47,123.47,102.92,0,1,3,0,417.7,1
CUST-2222,55,Male,Urban,3,Two-Year,2026-06-02,85.7,2,13,158.8,68.3,71.94,223.79,223.79,15.33,1,1,4,0,1243.12,0
CUST-2223,50,Male,Suburban,6,Month-to-Month,2026-03-03,125.9,8,24,560.6,72.4,75.18,464.19,464.19,12.34,3,0,3,1,1082.59,1
CUST-2224,40,Male,Rural,48,Month-to-Month,2022-09-03,108.1,2,23,236.0,52.4,44.93,2114.87,2114.87,33.31,1,1,3,1,582.29,0
CUST-2225,32,Male,Suburban,43,Month-to-Month,2023-02-02,79.4,2,17,638.1,136.6,130.79,5839.66,5839.66,81.95,2,0,4,1,2511.17,0
CUST-2226,50,Female,Suburban,28,Month-to-Month,2024-05-03,62.2,5,20,628.6,26.0,118.32,3440.57,3440.57,12.61,3,1,3,0,1533.43,1
CUST-2227,42,Female,Rural,21,Month-to-Month,2024-12-02,59.8,3,16,520.6,42.3,98.41,2136.43,2136.43,8.84,1,0,4,1,1889.47,1
CUST-2228,34,Male,Urban,72,Month-to-Month,2020-09-04,113.6,6,16,376.7,92.4,86.91,6137.16,6137.16,81.28,2,0,4,0,1668.67,0
CUST-2229,50,Male,Suburban,48,Two-Year,2022-09-03,74.0,5,17,475.8,82.0,107.11,5221.41,5221.41,51.98,1,0,5,0,2570.64,0
CUST-2230,64,Female,Urban,55,Month-to-Month,2022-02-02,72.8,6,13,339.5,53.7,136.37,7463.92,7463.92,42.44,1,1,3,2,1767.36,1
CUST-2231,19,Male,Rural,56,Month-to-Month,2022-01-03,103.4,8,22,563.6,20.6,69.24,3892.52,3892.52,28.51,3,3,1,1,232.65,1
CUST-2232,31,Male,Urban,34,One-Year,2023-11-03,87.4,3,16,704.3,22.7,66.84,2252.04,2252.04,19.4,2,0,4,0,1283.33,0
CUST-2233,70,Female,Urban,21,Two-Year,2024-12-02,96.7,10,19,683.6,87.9,109.79,2191.23,2191.23,35.55,5,1,2,0,948.59,0
CUST-2234,57,Female,Suburban,66,Two-Year,2021-03-05,75.3,4,13,454.9,2.0,103.92,6522.63,6522.63,8.56,3,0,3,0,1496.45,0
CUST-2235,57,Male,Suburban,72,Month-to-Month,2020-09-04,74.0,4,16,704.1,68.7,87.95,6505.18,6505.18,59.51,2,4,1,0,253.3,1
CUST-2236,68,Male,Suburban,1,Two-Year,2026-08-02,63.0,2,23,510.9,18.5,126.63,132.28,132.28,18.85,1,1,3,0,1641.12,1
CUST-2237,56,Male,Rural,2,Month-to-Month,2026-07-03,106.3,5,22,31.0,72.7,76.41,148.69,148.69,49.19,3,0,2,0,733.54,1
CUST-2238,68,Female,Rural,72,One-Year,2020-09-04,87.6,3,25,684.1,13.5,100.72,7283.98,7283.98,58.44,0,1,3,0,1305.33,0
CUST-2239,23,Female,Urban,11,One-Year,2025-10-02,93.8,5,22,483.3,30.7,106.4,1147.7,1147.7,2.74,2,2,2,0,817.15,1
CUST-2240,23,Male,Urban,68,Month-to-Month,2021-01-03,54.4,5,16,534.0,91.1,72.57,4923.68,4923.68,39.39,4,1,3,2,940.51,1
CUST-2241,20,Female,Urban,17,Month-to-Month,2025-04-03,105.9,5,20,378.6,91.5,40.89,668.59,668.59,12.62,1,0,4,0,785.09,0
CUST-2242,24,Female,Urban,5,Month-to-Month,2026-04-02,94.4,3,16,691.3,15.3,122.35,625.54,625.54,15.55,4,0,3,1,1761.84,1
CUST-2243,68,Male,Urban,3,Two-Year,2026-06-02,106.9,6,17,317.1,30.7,85.08,255.65,255.65,46.28,1,1,3,0,1102.64,0
CUST-2244,25,Female,Rural,6,Month-to-Month,2026-03-03,95.4,10,19,675.0,45.4,42.78,251.77,251.77,110.45,3,1,2,0,369.62,1
CUST-2245,59,Female,Suburban,10,One-Year,2025-11-01,93.6,1,14,273.1,57.5,143.75,1461.01,1461.01,56.98,3,1,3,0,1863.0,1
CUST-2246,69,Male,Urban,23,Month-to-Month,2024-10-02,30.4,7,17,498.3,88.2,72.31,1665.0,1665.0,12.07,3,1,3,1,937.14,1
CUST-2247,32,Male,Urban,40,Month-to-Month,2023-05-04,119.1,3,23,698.7,2.0,79.86,3163.82,3163.82,43.07,1,1,3,0,1034.99,1
CUST-2248,64,Female,Suburban,72,Two-Year,2020-09-04,45.4,3,24,717.6,8.0,81.86,5913.49,5913.49,13.9,2,0,4,0,1571.71,0
CUST-2249,46,Female,Urban,20,One-Year,2025-01-01,116.1,4,18,603.9,11.2,69.32,1449.3,1449.3,20.27,1,0,4,0,1330.94,0
CUST-2250,50,Female,Urban,24,Two-Year,2024-09-02,82.8,10,14,651.1,13.8,44.49,1021.77,1021.77,4.6,0,0,5,1,1067.76,0
CUST-2251,69,Female,Rural,25,Month-to-Month,2024-08-02,36.8,10,18,616.7,2.0,106.29,2769.91,2769.91,62.91,3,1,2,1,918.35,1
CUST-2252,47,Female,Rural,26,Month-to-Month,2024-07-03,82.4,2,18,375.2,164.6,72.16,1806.05,1806.05,36.44,1,1,3,2,935.19,1
CUST-2253,56,Male,Urban,24,Month-to-Month,2024-09-02,40.0,4,9,543.5,11.5,105.19,2450.43,2450.43,69.56,1,2,2,1,807.86,1
CUST-2254,44,Female,Rural,1,Month-to-Month,2026-08-02,118.2,6,19,501.4,5.0,117.99,123.64,123.64,8.85,2,0,4,0,2265.41,1
CUST-2255,53,Male,Urban,1,Month-to-Month,2026-08-02,69.5,6,11,647.0,41.5,33.88,34.93,34.93,4.85,2,1,3,0,439.08,1
CUST-2256,46,Male,Suburban,4,One-Year,2026-05-03,53.8,7,16,659.2,184.2,136.78,539.01,539.01,59.15,3,0,3,1,1969.63,1
CUST-2257,55,Female,Urban,4,Month-to-Month,2026-05-03,104.8,4,20,460.3,216.8,130.89,518.57,518.57,73.91,1,1,3,0,1696.33,1
CUST-2258,50,Female,Urban,41,Month-to-Month,2023-04-04,83.7,6,18,433.2,73.3,58.51,2350.72,2350.72,6.6,2,1,2,0,505.53,1
CUST-2259,54,Male,Rural,8,Month-to-Month,2026-01-01,100.6,6,26,639.2,12.8,98.24,764.32,764.32,35.94,2,0,4,0,1886.21,0
CUST-2260,44,Female,Urban,72,One-Year,2020-09-04,81.6,8,12,417.3,2.0,73.69,5072.7,5072.7,6.31,0,0,4,0,1414.85,0
CUST-2261,50,Male,Suburban,72,One-Year,2020-09-04,119.7,10,24,655.7,26.5,38.71,2657.15,2657.15,0.51,2,0,4,0,743.23,0
CUST-2262,21,Male,Urban,72,Month-to-Month,2020-09-04,73.0,3,23,475.8,8.7,86.53,6231.16,6231.16,27.36,1,0,4,1,1661.38,0
CUST-2263,39,Male,Urban,72,Month-to-Month,2020-09-04,37.7,3,12,351.9,91.4,150.64,10878.73,10878.73,105.08,2,0,3,1,2169.22,1
CUST-2264,19,Female,Urban,11,Month-to-Month,2025-10-02,52.2,4,17,381.5,226.0,133.52,1507.14,1507.14,31.25,2,0,3,1,1922.69,1
CUST-2265,27,Female,Urban,24,Two-Year,2024-09-02,98.1,5,20,20.0,5.7,63.87,1470.82,1470.82,19.62,0,0,5,1,1532.88,0
CUST-2266,22,Male,Suburban,7,Two-Year,2026-02-01,65.3,4,19,439.0,32.9,94.73,664.09,664.09,11.6,0,1,4,0,1636.93,0
CUST-2267,27,Female,Urban,54,One-Year,2022-03-05,123.5,8,18,565.1,151.3,132.54,7460.95,7460.95,11.57,3,0,3,1,1908.58,0
CUST-2268,50,Male,Suburban,72,Month-to-Month,2020-09-04,49.9,10,15,909.4,84.7,55.67,4149.59,4149.59,10.68,5,1,2,1,480.99,1
CUST-2269,71,Female,Suburban,63,Month-to-Month,2021-06-04,115.5,7,18,338.9,132.5,105.69,6681.49,6681.49,8.21,2,0,3,1,1521.94,0
CUST-2270,55,Male,Suburban,19,One-Year,2025-02-01,72.0,5,13,388.5,166.6,108.29,1982.13,1982.13,2.41,0,1,4,0,1871.25,0
CUST-2271,30,Male,Urban,47,Two-Year,2022-10-04,124.2,7,21,329.8,34.6,73.49,3335.23,3335.23,49.53,1,0,4,1,1411.01,0
CUST-2272,48,Female,Rural,4,Two-Year,2026-05-03,100.2,3,13,311.9,76.9,122.45,488.69,488.69,13.26,0,0,5,0,2938.8,0
CUST-2273,64,Male,Urban,2,Two-Year,2026-07-03,90.8,6,21,554.7,80.3,102.02,206.43,206.43,5.94,0,0,5,1,2448.48,0
CUST-2274,53,Male,Urban,46,Month-to-Month,2022-11-03,104.9,5,19,379.7,64.8,115.09,5547.53,5547.53,32.44,3,1,2,2,994.38,1
CUST-2275,62,Female,Urban,19,Two-Year,2025-02-01,121.8,7,20,319.8,25.6,97.38,1911.52,1911.52,95.32,0,1,4,1,1682.73,0
CUST-2276,41,Female,Urban,72,One-Year,2020-09-04,83.5,7,23,522.6,116.0,132.21,9437.61,9437.61,40.82,2,2,3,1,1523.06,0
CUST-2277,69,Male,Urban,4,One-Year,2026-05-03,28.7,2,28,549.2,95.2,112.18,442.0,442.0,7.45,4,1,2,0,969.24,1
CUST-2278,32,Male,Suburban,64,Month-to-Month,2021-05-05,121.0,8,15,324.2,38.3,108.68,6617.12,6617.12,18.71,1,0,4,0,2086.66,1
CUST-2279,46,Male,Urban,22,Month-to-Month,2024-11-02,76.9,5,20,646.2,35.5,56.26,1176.79,1176.79,61.04,1,2,3,0,648.12,1
CUST-2280,25,Female,Urban,58,Month-to-Month,2021-11-03,161.8,3,23,750.2,2.0,122.57,7090.89,7090.89,1.82,3,2,2,0,941.34,1
CUST-2281,22,Male,Suburban,56,Month-to-Month,2022-01-03,66.9,7,9,577.9,120.5,60.95,3266.19,3266.19,14.36,2,3,2,0,409.58,1
CUST-2282,46,Female,Urban,72,Month-to-Month,2020-09-04,73.6,7,12,547.4,21.7,67.34,4681.87,4681.87,17.18,2,1,3,0,872.73,1
CUST-2283,64,Female,Urban,12,Two-Year,2025-09-02,107.3,6,30,38.1,41.4,133.49,1678.83,1678.83,21.09,2,1,2,0,1153.35,1
CUST-2284,21,Male,Urban,72,Month-to-Month,2020-09-04,107.8,8,17,297.4,34.4,42.65,3137.51,3137.51,28.63,3,0,3,1,614.16,1
CUST-2285,29,Male,Suburban,6,Month-to-Month,2026-03-03,97.7,9,23,201.4,73.7,135.72,810.43,810.43,23.82,1,0,4,0,2605.82,0
CUST-2286,62,Male,Urban,3,Month-to-Month,2026-06-02,68.2,9,14,617.4,32.1,84.49,262.54,262.54,6.21,1,0,4,0,1622.21,1
CUST-2287,19,Male,Urban,19,Month-to-Month,2025-02-01,50.2,4,14,626.3,12.9,48.04,883.32,883.32,18.88,0,0,4,0,922.37,0
CUST-2288,44,Female,Urban,58,Two-Year,2021-11-03,64.7,4,25,529.9,131.9,129.57,7431.88,7431.88,16.12,2,1,3,0,1679.23,0
CUST-2289,48,Male,Suburban,22,Month-to-Month,2024-11-02,39.5,4,18,404.7,13.2,59.62,1284.72,1284.72,92.74,3,0,2,1,572.35,1
CUST-2290,68,Male,Suburban,59,Month-to-Month,2021-10-04,146.9,4,17,402.3,2.0,103.26,6394.19,6394.19,47.53,3,0,4,1,1982.59,1
CUST-2291,68,Female,Suburban,43,Two-Year,2023-02-02,54.3,14,25,1144.2,14.2,118.08,5281.1,5281.1,70.37,0,4,2,1,680.14,1
CUST-2292,53,Male,Urban,8,Two-Year,2026-01-01,76.2,7,14,593.8,39.5,96.39,773.13,773.13,43.28,1,1,3,1,1249.21,1
CUST-2293,53,Female,Urban,72,Month-to-Month,2020-09-04,105.8,5,20,433.2,35.8,120.76,8628.67,8628.67,2.05,2,0,4,0,2318.59,0
CUST-2294,43,Male,Urban,3,One-Year,2026-06-02,85.2,5,22,538.2,103.4,148.04,466.24,466.24,22.49,0,0,4,1,2842.37,0
CUST-2295,60,Female,Urban,72,One-Year,2020-09-04,67.3,5,24,219.5,14.1,90.41,6318.36,6318.36,52.68,4,1,2,0,781.14,1
CUST-2296,44,Female,Urban,12,One-Year,2025-09-02,80.5,5,17,553.0,97.1,57.09,678.77,678.77,31.33,2,1,3,0,739.89,1
CUST-2297,22,Female,Urban,23,Month-to-Month,2024-10-02,66.7,9,15,404.8,6.6,107.59,2526.97,2526.97,49.74,1,0,3,0,1549.3,1
CUST-2298,37,Female,Urban,19,Two-Year,2025-02-01,77.4,8,19,540.9,41.7,78.42,1520.35,1520.35,114.4,2,0,4,0,1505.66,0
CUST-2299,28,Male,Suburban,7,Month-to-Month,2026-02-01,96.7,3,18,279.3,130.3,105.65,745.04,745.04,9.95,4,0,2,0,1014.24,1
CUST-2300,27,Male,Urban,15,Month-to-Month,2025-06-02,53.9,3,23,778.1,34.6,102.28,1603.53,1603.53,143.42,1,0,3,1,1472.83,1
CUST-2301,57,Female,Suburban,8,Month-to-Month,2026-01-01,117.4,8,17,290.8,214.8,139.73,1089.53,1089.53,4.5,2,1,1,1,603.63,1
CUST-2302,55,Female,Urban,8,Month-to-Month,2026-01-01,87.2,11,20,388.4,64.8,108.3,872.35,872.35,88.41,3,0,3,0,1559.52,1
CUST-2303,23,Male,Urban,7,Two-Year,2026-02-01,67.5,8,20,251.7,91.9,65.56,473.17,473.17,7.51,1,1,3,0,849.66,1
CUST-2304,25,Male,Urban,23,One-Year,2024-10-02,75.5,5,20,319.3,46.3,117.99,2641.17,2641.17,44.48,2,1,4,0,2038.87,1
CUST-2305,40,Male,Urban,53,Month-to-Month,2022-04-04,120.0,4,13,425.1,36.5,123.32,6778.54,6778.54,53.52,4,2,1,0,473.55,1
CUST-2306,64,Male,Urban,28,Month-to-Month,2024-05-03,109.6,6,17,458.9,5.8,30.2,857.36,857.36,58.34,1,3,3,1,304.42,0
CUST-2307,43,Male,Urban,72,Month-to-Month,2020-09-04,92.2,4,17,406.6,8.3,61.68,4388.14,4388.14,20.15,0,0,4,0,1184.26,0
CUST-2308,63,Female,Rural,34,Two-Year,2023-11-03,67.0,4,6,541.5,55.1,145.71,5027.31,5027.31,6.5,2,2,2,0,1119.05,1
CUST-2309,60,Male,Suburban,39,One-Year,2023-06-04,102.0,7,9,873.6,61.8,54.71,2225.03,2225.03,55.64,2,0,4,0,1050.43,0
CUST-2310,29,Male,Urban,37,One-Year,2023-08-04,85.4,0,20,415.0,271.9,86.81,3368.77,3368.77,36.19,2,1,3,0,1125.06,0
CUST-2311,43,Female,Suburban,20,One-Year,2025-01-01,137.4,3,19,359.9,126.8,112.02,2191.43,2191.43,10.44,3,0,2,2,1075.39,0
CUST-2312,30,Female,Suburban,39,One-Year,2023-06-04,83.9,2,23,697.9,121.0,82.03,3330.04,3330.04,17.45,4,0,3,0,1181.23,0
CUST-2313,57,Female,Suburban,3,One-Year,2026-06-02,135.5,1,11,279.4,22.0,103.86,297.2,297.2,12.36,1,0,4,0,1994.11,1
CUST-2314,35,Female,Suburban,65,Month-to-Month,2021-04-04,90.8,6,30,747.0,34.5,60.38,3731.32,3731.32,86.19,0,2,3,1,695.58,1
CUST-2315,42,Male,Urban,50,Two-Year,2022-07-04,53.9,8,17,119.7,7.0,75.04,3790.13,3790.13,56.98,2,1,3,1,972.52,0
CUST-2316,50,Female,Urban,10,One-Year,2025-11-01,183.9,4,14,630.2,56.6,148.31,1480.38,1480.38,74.96,0,2,3,0,1708.53,1
CUST-2317,64,Female,Urban,48,One-Year,2022-09-03,41.6,6,14,279.6,4.7,68.65,3285.05,3285.05,1.85,1,1,3,1,889.7,1
CUST-2318,57,Male,Urban,1,Two-Year,2026-08-02,25.7,6,13,273.9,38.5,40.68,39.6,39.6,37.86,0,2,3,1,468.63,1
CUST-2319,60,Female,Urban,9,One-Year,2025-12-02,22.8,8,19,521.0,54.3,118.52,1077.08,1077.08,10.9,0,0,4,0,2275.58,0
CUST-2320,29,Female,Suburban,3,One-Year,2026-06-02,167.2,4,15,614.5,16.8,95.21,271.83,271.83,48.27,1,1,3,0,1233.92,0
CUST-2321,61,Male,Rural,50,Two-Year,2022-07-04,148.7,6,22,574.9,97.1,90.69,4504.49,4504.49,77.6,2,0,4,0,1741.25,0
CUST-2322,53,Male,Rural,47,Month-to-Month,2022-10-04,89.3,9,15,326.3,73.0,140.46,6513.78,6513.78,50.82,3,1,3,1,1820.36,0
CUST-2323,65,Male,Rural,56,Month-to-Month,2022-01-03,98.0,10,15,605.7,10.4,43.42,2356.89,2356.89,84.61,1,2,2,0,333.47,1
CUST-2324,21,Male,Suburban,1,One-Year,2026-08-02,92.5,7,17,300.0,267.5,121.44,121.57,121.57,17.8,3,0,3,1,1748.74,1
CUST-2325,22,Male,Rural,23,Month-to-Month,2024-10-02,31.9,10,18,404.5,50.8,54.67,1281.33,1281.33,34.25,3,0,3,2,787.25,1
CUST-2326,54,Female,Urban,41,Two-Year,2023-04-04,128.8,9,21,346.2,2.0,34.9,1475.68,1475.68,22.54,4,1,3,0,452.3,0
CUST-2327,25,Male,Urban,6,One-Year,2026-03-03,124.8,8,27,423.0,28.0,80.07,478.61,478.61,62.03,1,2,2,0,614.94,1
CUST-2328,59,Female,Urban,35,One-Year,2023-10-03,48.1,5,21,352.5,252.1,171.76,5855.23,5855.23,28.98,0,1,4,0,2968.01,0
CUST-2329,66,Female,Suburban,3,Two-Year,2026-06-02,94.8,5,16,482.3,151.2,130.72,380.78,380.78,43.31,2,0,4,0,2509.82,0
CUST-2330,45,Female,Urban,7,Month-to-Month,2026-02-01,82.8,8,16,206.5,10.7,53.57,377.96,377.96,34.89,3,1,2,0,462.84,1
CUST-2331,48,Female,Suburban,22,One-Year,2024-11-02,78.7,5,24,556.1,125.5,97.03,2111.02,2111.02,69.35,4,1,3,0,1257.51,1
CUST-2332,26,Male,Urban,35,One-Year,2023-10-03,64.6,3,22,359.5,62.6,126.1,4332.98,4332.98,26.3,0,1,4,0,2179.01,0
CUST-2333,71,Male,Urban,6,Month-to-Month,2026-03-03,81.6,8,22,260.2,2.0,47.77,287.28,287.28,4.03,1,1,3,0,619.1,1
CUST-2334,68,Female,Suburban,7,Month-to-Month,2026-02-01,69.2,2,15,635.8,92.1,62.24,438.14,438.14,104.08,4,2,3,0,717.0,1
CUST-2335,46,Female,Urban,8,Two-Year,2026-01-01,116.9,3,18,784.9,34.6,51.01,397.22,397.22,28.41,2,2,3,0,587.64,0
CUST-2336,31,Female,Urban,9,One-Year,2025-12-02,84.2,9,18,550.1,32.8,99.77,887.0,887.0,53.44,1,1,3,0,1293.02,1
CUST-2337,57,Male,Urban,9,One-Year,2025-12-02,64.2,3,8,493.1,31.4,33.03,303.44,303.44,39.77,2,0,4,0,634.18,0
CUST-2338,58,Female,Urban,17,Month-to-Month,2025-04-03,84.2,4,19,380.0,59.0,101.43,1704.89,1704.89,19.78,0,0,4,0,1947.46,1
CUST-2339,39,Male,Suburban,35,Month-to-Month,2023-10-03,80.8,9,13,210.3,81.4,132.13,4598.7,4598.7,105.77,4,1,2,0,1141.6,1
CUST-2340,28,Female,Urban,19,Month-to-Month,2025-02-01,79.5,2,16,553.8,67.8,125.18,2411.72,2411.72,46.2,1,0,4,0,2403.46,0
CUST-2341,40,Female,Suburban,50,Month-to-Month,2022-07-04,105.3,2,17,168.5,18.0,104.38,5057.63,5057.63,9.22,0,0,5,0,2505.12,0
CUST-2342,18,Male,Urban,42,Two-Year,2023-03-05,76.7,4,23,533.4,79.7,62.2,2708.22,2708.22,191.65,1,0,3,0,895.68,0
CUST-2343,63,Female,Suburban,5,Month-to-Month,2026-04-02,67.9,10,20,138.6,9.5,120.31,591.83,591.83,311.31,5,2,1,1,461.99,1
CUST-2344,54,Male,Urban,2,Two-Year,2026-07-03,44.2,2,22,486.5,230.9,169.74,345.85,345.85,11.96,2,2,3,2,1955.4,0
CUST-2345,38,Male,Suburban,70,Two-Year,2020-11-03,84.7,6,17,681.6,41.7,52.39,3592.93,3592.93,147.43,1,1,3,0,678.97,0
CUST-2346,43,Female,Suburban,3,Two-Year,2026-06-02,122.4,4,12,515.6,6.2,130.62,397.67,397.67,33.62,1,1,3,1,1692.84,0
CUST-2347,63,Female,Urban,6,Month-to-Month,2026-03-03,81.3,5,17,649.3,55.9,131.47,771.26,771.26,7.17,2,1,3,1,1703.85,1
CUST-2348,53,Female,Rural,1,Two-Year,2026-08-02,69.9,2,15,715.0,55.9,146.01,149.63,149.63,133.98,3,0,4,5,2803.39,0
CUST-2349,71,Female,Suburban,33,Month-to-Month,2023-12-03,62.3,4,21,457.1,2.6,62.1,1968.32,1968.32,3.76,0,0,4,0,1192.32,0
CUST-2350,40,Male,Urban,29,Month-to-Month,2024-04-03,33.3,5,21,783.7,2.0,132.72,3774.78,3774.78,35.51,3,0,3,0,1911.17,1
CUST-2351,18,Female,Urban,72,Month-to-Month,2020-09-04,120.3,12,15,399.3,360.6,99.73,7229.03,7229.03,63.51,3,2,2,1,765.93,1
CUST-2352,71,Female,Rural,72,Two-Year,2020-09-04,99.5,7,17,273.6,32.1,49.97,3645.76,3645.76,61.87,3,1,4,2,863.48,0
CUST-2353,68,Male,Suburban,18,Month-to-Month,2025-03-03,108.1,9,18,272.0,18.3,40.05,694.82,694.82,0.22,2,0,3,1,576.72,0
CUST-2354,57,Female,Urban,16,Month-to-Month,2025-05-03,92.5,4,12,621.6,51.6,81.93,1287.22,1287.22,19.38,2,0,3,0,1179.79,0
CUST-2355,32,Male,Urban,12,Month-to-Month,2025-09-02,60.8,6,14,406.0,2.0,26.7,307.64,307.64,3.25,4,3,1,1,100.0,1
CUST-2356,38,Female,Suburban,6,Month-to-Month,2026-03-03,75.5,7,20,371.8,2.0,69.15,428.77,428.77,10.52,2,2,3,0,796.61,1
CUST-2357,64,Male,Suburban,5,Month-to-Month,2026-04-02,70.0,6,17,583.3,7.8,98.15,514.49,514.49,97.34,2,0,3,0,1413.36,0
CUST-2358,26,Male,Suburban,5,Two-Year,2026-04-02,72.5,7,20,169.2,105.4,49.82,243.71,243.71,75.53,0,0,4,0,956.54,0
CUST-2359,70,Male,Urban,4,One-Year,2026-05-03,72.7,7,25,922.5,18.5,121.91,486.82,486.82,37.68,0,2,2,0,936.27,1
CUST-2360,26,Female,Suburban,10,Two-Year,2025-11-01,118.1,8,16,239.7,45.5,65.49,655.33,655.33,80.04,2,0,3,2,943.06,0
CUST-2361,27,Male,Urban,13,One-Year,2025-08-02,145.7,3,20,560.8,16.5,32.81,412.22,412.22,13.31,3,0,4,1,629.95,0
CUST-2362,69,Male,Urban,72,Two-Year,2020-09-04,58.8,10,24,547.7,51.2,75.75,5545.42,5545.42,61.64,6,1,2,0,654.48,0
CUST-2363,70,Female,Suburban,29,Month-to-Month,2024-04-03,79.9,4,19,424.1,46.2,47.85,1389.98,1389.98,40.43,2,0,4,1,918.72,0
CUST-2364,43,Female,Rural,72,One-Year,2020-09-04,91.5,11,19,649.8,33.3,121.45,8756.51,8756.51,46.35,1,0,3,0,1748.88,0
CUST-2365,58,Male,Urban,16,One-Year,2025-05-03,55.6,5,16,598.2,36.9,68.95,1054.5,1054.5,3.14,3,0,3,0,992.88,1
CUST-2366,52,Male,Urban,21,Month-to-Month,2024-12-02,86.6,8,15,430.3,68.9,48.79,981.55,981.55,15.02,1,1,3,1,632.32,0
CUST-2367,69,Male,Suburban,13,Two-Year,2025-08-02,95.5,7,16,562.7,120.0,95.17,1294.65,1294.65,1.75,2,0,4,0,1827.26,0
CUST-2368,42,Male,Urban,7,One-Year,2026-02-01,82.7,7,20,53.5,25.0,80.73,589.96,589.96,5.71,3,1,2,0,697.51,1
CUST-2369,43,Female,Suburban,6,One-Year,2026-03-03,103.8,9,23,377.6,49.4,64.1,366.07,366.07,11.09,3,0,3,2,923.04,0
CUST-2370,28,Female,Suburban,72,One-Year,2020-09-04,85.0,9,18,549.5,125.1,81.38,5883.07,5883.07,30.84,1,0,4,0,1562.5,0
CUST-2371,55,Female,Urban,72,Month-to-Month,2020-09-04,5.0,9,10,331.0,11.9,115.21,7934.16,7934.16,49.93,3,1,3,0,1493.12,1
CUST-2372,19,Male,Rural,2,One-Year,2026-07-03,56.2,3,19,435.2,252.9,136.38,280.76,280.76,4.02,1,2,3,0,1571.1,1
CUST-2373,24,Female,Suburban,6,Month-to-Month,2026-03-03,128.0,7,18,416.6,90.3,63.23,362.28,362.28,1.97,3,0,4,0,1214.02,0
CUST-2374,35,Female,Rural,19,One-Year,2025-02-01,100.6,8,10,142.4,29.6,138.49,2644.29,2644.29,75.29,3,1,3,1,1794.83,1
CUST-2375,44,Female,Suburban,7,One-Year,2026-02-01,5.0,4,16,613.9,30.6,64.63,457.81,457.81,4.89,2,0,4,0,1240.9,0
CUST-2376,51,Female,Rural,15,Two-Year,2025-06-02,39.7,3,28,473.2,14.9,88.59,1275.17,1275.17,20.82,1,0,4,0,1700.93,0
CUST-2377,44,Female,Urban,5,Month-to-Month,2026-04-02,106.7,7,19,238.0,20.3,93.72,473.02,473.02,4.19,2,0,3,0,1349.57,1
CUST-2378,34,Female,Urban,21,Month-to-Month,2024-12-02,67.7,2,23,782.7,57.5,58.19,1275.96,1275.96,26.8,2,0,3,1,837.94,0
CUST-2379,60,Male,Rural,11,Month-to-Month,2025-10-02,5.0,6,16,484.1,2.0,58.79,620.65,620.65,3.93,2,1,3,1,761.92,1
CUST-2380,61,Female,Urban,15,Month-to-Month,2025-06-02,116.8,6,15,493.1,2.0,80.58,1231.02,1231.02,50.28,2,1,3,1,1044.32,1
CUST-2381,68,Female,Urban,4,One-Year,2026-05-03,106.7,3,15,432.7,279.7,96.43,376.9,376.9,3.13,0,2,3,0,1110.87,0
CUST-2382,71,Female,Suburban,19,Two-Year,2025-02-01,60.1,5,20,793.1,17.5,62.77,1165.63,1165.63,19.69,0,1,4,0,1084.67,0
CUST-2383,41,Male,Suburban,72,One-Year,2020-09-04,122.4,8,13,617.8,115.0,112.76,8154.54,8154.54,19.1,4,0,2,2,1082.5,0
CUST-2384,42,Female,Urban,14,Two-Year,2025-07-03,61.3,7,20,323.6,61.6,118.62,1731.73,1731.73,88.74,3,2,1,0,455.5,0
CUST-2385,24,Female,Rural,69,Month-to-Month,2020-12-04,66.3,9,16,76.2,38.4,122.87,8249.74,8249.74,19.66,2,0,4,0,2359.1,0
CUST-2386,69,Male,Suburban,61,Month-to-Month,2021-08-04,70.4,2,23,572.3,85.6,51.84,3318.24,3318.24,2.58,2,2,3,1,597.2,1
CUST-2387,23,Male,Urban,72,Month-to-Month,2020-09-04,28.1,5,20,427.2,3.3,110.26,7614.38,7614.38,27.44,2,1,3,0,1428.97,1
CUST-2388,70,Female,Suburban,52,Two-Year,2022-05-05,97.4,7,16,385.9,91.7,146.44,7950.07,7950.07,45.18,0,1,3,0,1897.86,0
CUST-2389,41,Female,Urban,36,One-Year,2023-09-03,100.6,6,16,423.2,126.4,110.75,3794.76,3794.76,14.4,2,1,3,2,1435.32,0
CUST-2390,50,Female,Urban,64,One-Year,2021-05-05,71.2,6,11,125.8,21.4,97.74,6044.04,6044.04,32.83,2,0,4,1,1876.61,0
CUST-2391,66,Male,Urban,3,Month-to-Month,2026-06-02,106.2,5,22,474.6,23.3,138.36,434.85,434.85,4.54,3,2,1,0,531.3,1
CUST-2392,46,Female,Urban,21,Month-to-Month,2024-12-02,37.3,4,13,405.1,7.1,126.04,2584.94,2584.94,19.39,2,0,4,0,2419.97,1
CUST-2393,60,Male,Urban,72,Two-Year,2020-09-04,105.6,9,16,369.6,125.9,108.02,7394.09,7394.09,6.35,3,1,2,0,933.29,0
CUST-2394,39,Male,Suburban,49,Month-to-Month,2022-08-04,94.8,4,16,462.0,107.2,129.16,6572.54,6572.54,11.19,0,1,3,1,1673.91,1
CUST-2395,43,Male,Suburban,72,One-Year,2020-09-04,64.3,11,20,730.7,36.0,51.2,3839.01,3839.01,35.86,0,0,4,0,983.04,0
CUST-2396,45,Male,Suburban,50,Month-to-Month,2022-07-04,97.4,5,16,389.2,30.8,77.13,3950.76,3950.76,49.03,8,0,1,0,370.22,1
CUST-2397,67,Male,Suburban,69,Month-to-Month,2020-12-04,58.6,8,17,675.3,36.3,112.71,8118.83,8118.83,13.06,1,1,5,0,2434.54,0
CUST-2398,38,Male,Urban,41,One-Year,2023-04-04,118.2,7,22,479.2,35.4,63.5,2542.49,2542.49,160.53,0,0,4,0,1219.2,0
CUST-2399,66,Male,Urban,47,Month-to-Month,2022-10-04,100.8,1,17,691.1,36.5,82.67,3941.95,3941.95,11.73,3,2,1,0,317.45,1
CUST-2400,24,Male,Rural,25,One-Year,2024-08-02,95.9,6,18,439.1,10.2,46.4,1188.11,1188.11,5.69,2,1,3,0,601.34,0
CUST-2401,34,Female,Urban,72,One-Year,2020-09-04,71.1,7,19,293.0,2.0,128.55,9693.95,9693.95,70.73,2,0,3,0,1851.12,1
CUST-2402,37,Male,Urban,58,Month-to-Month,2021-11-03,108.3,8,21,833.3,93.4,142.02,8565.12,8565.12,36.71,1,0,4,0,2726.78,0
CUST-2403,58,Male,Suburban,61,One-Year,2021-08-04,121.1,7,13,633.1,27.4,84.12,4905.06,4905.06,39.83,3,0,4,0,1615.1,1
CUST-2404,66,Female,Urban,37,One-Year,2023-08-04,133.2,9,16,707.8,43.9,53.66,1953.46,1953.46,55.35,2,1,3,1,695.43,1
CUST-2405,37,Male,Rural,12,Month-to-Month,2025-09-02,68.6,6,27,558.5,23.9,106.69,1295.02,1295.02,265.39,0,0,4,0,2048.45,0
CUST-2406,71,Female,Urban,2,One-Year,2026-07-03,109.6,6,13,461.6,31.2,54.24,112.34,112.34,11.7,3,0,3,0,781.06,0
CUST-2407,39,Male,Urban,72,One-Year,2020-09-04,126.9,7,18,628.4,5.1,52.05,3665.03,3665.03,27.8,0,0,4,0,999.36,0
CUST-2408,45,Male,Urban,29,Month-to-Month,2024-04-03,77.7,4,14,555.9,30.1,141.29,3895.84,3895.84,42.64,1,0,4,0,2712.77,0
CUST-2409,57,Female,Suburban,12,Two-Year,2025-09-02,127.2,4,21,354.6,40.4,42.51,494.15,494.15,5.53,2,2,3,0,489.72,1
CUST-2410,66,Female,Urban,6,Month-to-Month,2026-03-03,89.8,3,18,534.7,116.3,86.05,512.45,512.45,12.83,4,1,3,0,1115.21,1
CUST-2411,24,Female,Urban,59,Two-Year,2021-10-04,54.4,8,15,388.4,25.3,92.6,5223.64,5223.64,12.82,0,1,4,0,1600.13,0
CUST-2412,18,Female,Rural,60,Two-Year,2021-09-03,63.7,6,11,219.3,6.0,38.3,2192.83,2192.83,13.88,3,1,3,2,496.37,0
CUST-2413,49,Female,Rural,56,Month-to-Month,2022-01-03,41.7,7,18,439.1,92.5,43.36,2404.27,2404.27,44.33,1,0,3,1,624.38,1
CUST-2414,30,Male,Urban,35,Month-to-Month,2023-10-03,83.8,8,20,341.4,30.6,91.96,3266.2,3266.2,31.42,2,0,3,1,1324.22,0
CUST-2415,47,Male,Urban,15,Month-to-Month,2025-06-02,80.2,4,24,828.5,160.5,62.25,953.41,953.41,44.04,4,0,2,0,597.6,1
CUST-2416,40,Male,Urban,12,Month-to-Month,2025-09-02,90.7,3,20,260.2,207.7,85.04,1023.83,1023.83,25.14,0,1,4,0,1469.49,0
CUST-2417,68,Male,Rural,1,Two-Year,2026-08-02,125.9,7,10,371.7,133.5,102.22,101.56,101.56,108.9,1,1,3,0,1324.77,0
CUST-2418,36,Female,Rural,59,One-Year,2021-10-04,84.5,4,18,347.5,16.7,67.47,3789.2,3789.2,25.74,2,1,2,0,582.94,0
CUST-2419,49,Female,Urban,4,Month-to-Month,2026-05-03,77.0,9,13,590.9,19.0,109.57,427.87,427.87,32.38,2,0,4,1,2103.74,0
CUST-2420,47,Male,Suburban,33,One-Year,2023-12-03,79.0,5,22,495.5,102.7,151.09,5070.67,5070.67,12.4,2,1,4,1,2610.84,0
CUST-2421,46,Female,Urban,24,Two-Year,2024-09-02,29.4,4,20,793.4,38.4,117.38,2802.91,2802.91,2.12,1,1,3,0,1521.24,0
CUST-2422,66,Female,Urban,25,One-Year,2024-08-02,105.5,3,15,721.6,23.0,143.45,3501.66,3501.66,59.15,2,1,2,0,1239.41,1
CUST-2423,62,Male,Urban,72,One-Year,2020-09-04,80.5,5,19,469.0,22.6,73.12,5122.19,5122.19,67.94,2,2,2,0,561.56,0
CUST-2424,46,Male,Urban,2,One-Year,2026-07-03,87.4,10,16,255.0,56.0,68.5,130.39,130.39,66.6,0,1,4,0,1183.68,0
CUST-2425,47,Male,Urban,49,Month-to-Month,2022-08-04,79.0,0,19,517.5,146.5,71.42,3613.34,3613.34,56.62,1,0,4,0,1371.26,0
CUST-2426,33,Male,Urban,2,Month-to-Month,2026-07-03,88.8,4,10,492.1,62.7,136.17,282.64,282.64,10.95,2,1,3,1,1764.76,1
CUST-2427,57,Male,Suburban,2,One-Year,2026-07-03,45.6,9,17,181.4,62.9,79.28,156.43,156.43,29.93,1,1,3,0,1027.47,1
CUST-2428,36,Female,Urban,19,Month-to-Month,2025-02-01,85.0,7,18,413.7,89.3,120.16,2328.99,2328.99,59.05,0,2,3,1,1384.24,1
CUST-2429,35,Male,Suburban,3,One-Year,2026-06-02,66.9,3,19,486.0,92.8,116.53,334.38,334.38,34.37,1,1,4,0,2013.64,0
CUST-2430,18,Male,Urban,52,One-Year,2022-05-05,86.0,6,15,457.9,156.1,54.98,2970.1,2970.1,111.43,1,1,3,0,712.54,0
CUST-2431,31,Female,Urban,25,One-Year,2024-08-02,54.6,5,17,274.0,11.5,127.88,3327.05,3327.05,39.63,0,0,4,0,2455.3,0
CUST-2432,68,Female,Urban,1,Month-to-Month,2026-08-02,99.4,4,16,447.8,271.4,121.66,117.49,117.49,28.79,1,0,3,1,1751.9,1
CUST-2433,64,Female,Urban,2,Month-to-Month,2026-07-03,85.6,6,7,428.9,25.9,54.6,112.26,112.26,188.33,3,1,2,0,471.74,1
CUST-2434,67,Male,Urban,32,Month-to-Month,2024-01-03,46.1,6,13,537.9,21.5,140.82,4494.18,4494.18,26.77,2,1,2,0,1216.68,1
CUST-2435,19,Male,Urban,54,Month-to-Month,2022-03-05,113.4,7,12,286.2,46.3,118.56,6518.13,6518.13,119.35,2,0,4,1,2276.35,0
CUST-2436,71,Female,Urban,19,Month-to-Month,2025-02-01,69.6,6,17,660.9,20.0,98.92,1874.72,1874.72,0.43,0,1,3,0,1282.0,1
CUST-2437,45,Male,Urban,27,One-Year,2024-06-03,74.2,3,23,539.4,17.2,141.25,3653.06,3653.06,27.95,4,1,1,0,610.2,1
CUST-2438,66,Male,Suburban,53,Month-to-Month,2022-04-04,108.9,9,19,211.9,221.4,145.21,7957.83,7957.83,11.94,1,0,4,0,2788.03,0
CUST-2439,67,Female,Suburban,31,Month-to-Month,2024-02-02,117.2,6,19,498.6,7.1,40.0,1188.63,1188.63,17.63,1,1,4,0,691.2,0
CUST-2440,47,Female,Urban,9,Month-to-Month,2025-12-02,71.0,4,17,457.6,299.0,183.83,1631.33,1631.33,3.22,1,1,3,2,2382.44,1
CUST-2441,55,Male,Urban,32,Month-to-Month,2024-01-03,88.3,8,13,434.7,63.3,103.22,3463.55,3463.55,10.74,3,0,3,0,1486.37,0
CUST-2442,68,Male,Urban,33,Month-to-Month,2023-12-03,105.5,3,13,185.5,207.0,90.48,2963.95,2963.95,29.51,0,0,4,1,1737.22,0
CUST-2443,21,Male,Suburban,44,Month-to-Month,2023-01-03,122.9,9,19,392.8,148.0,141.21,6412.24,6412.24,44.72,0,1,4,0,2440.11,0
CUST-2444,18,Male,Urban,32,Two-Year,2024-01-03,87.7,6,19,335.7,67.9,40.7,1259.28,1259.28,84.41,1,1,3,0,527.47,0
CUST-2445,25,Male,Urban,72,Month-to-Month,2020-09-04,99.2,4,14,369.2,57.9,108.94,8102.57,8102.57,9.23,3,2,3,0,1254.99,1
CUST-2446,46,Male,Urban,8,One-Year,2026-01-01,57.6,10,15,613.3,319.2,91.19,726.69,726.69,55.54,2,2,3,0,1050.51,1
CUST-2447,56,Male,Rural,72,Two-Year,2020-09-04,39.6,10,23,329.0,47.1,42.13,3036.37,3036.37,0.87,1,2,2,0,323.56,0
CUST-2448,20,Female,Urban,26,Month-to-Month,2024-07-03,101.6,4,17,844.6,12.8,67.63,1840.79,1840.79,78.49,2,1,3,2,876.48,0
CUST-2449,49,Female,Suburban,37,Two-Year,2023-08-04,60.8,4,22,895.9,322.0,114.28,4391.63,4391.63,31.61,1,0,4,0,2194.18,0
CUST-2450,27,Female,Urban,4,Month-to-Month,2026-05-03,57.3,10,24,514.8,25.4,97.87,385.52,385.52,65.42,4,0,2,1,939.55,1
CUST-2451,27,Male,Rural,16,Month-to-Month,2025-05-03,104.2,11,16,218.8,5.9,90.92,1520.1,1520.1,10.31,0,1,3,0,1178.32,1
CUST-2452,36,Male,Suburban,49,Month-to-Month,2022-08-04,80.6,7,15,218.7,82.0,116.42,5478.18,5478.18,16.34,2,0,4,0,2235.26,0
CUST-2453,63,Male,Urban,41,Month-to-Month,2023-04-04,91.8,10,13,535.4,38.4,50.78,1983.33,1983.33,3.57,2,1,3,0,658.11,0
CUST-2454,51,Male,Suburban,2,Month-to-Month,2026-07-03,46.5,8,18,408.4,31.9,129.94,260.73,260.73,2.88,2,0,5,0,3118.56,0
CUST-2455,50,Male,Urban,26,Month-to-Month,2024-07-03,57.7,5,21,319.3,64.9,133.48,3564.15,3564.15,61.3,3,1,2,1,1153.27,1
CUST-2456,40,Female,Suburban,4,One-Year,2026-05-03,133.9,4,12,452.3,3.5,50.4,195.97,195.97,12.33,1,2,3,3,580.61,1
CUST-2457,45,Female,Suburban,72,Two-Year,2020-09-04,65.3,6,23,216.2,77.9,91.14,6286.67,6286.67,15.22,1,0,4,0,1749.89,0
CUST-2458,49,Female,Urban,72,Month-to-Month,2020-09-04,78.9,2,23,879.0,45.5,87.95,6551.19,6551.19,26.47,2,1,3,0,1139.83,0
CUST-2459,67,Male,Suburban,1,Month-to-Month,2026-08-02,92.1,4,23,553.6,43.8,137.51,144.2,144.2,38.87,0,1,4,0,2376.17,1
CUST-2460,24,Female,Urban,65,Month-to-Month,2021-04-04,52.9,3,17,744.7,149.7,151.6,10045.48,10045.48,1.67,3,1,2,0,1309.82,1
CUST-2461,46,Male,Urban,72,Month-to-Month,2020-09-04,125.6,3,20,623.3,115.6,50.11,3779.39,3779.39,29.88,3,4,1,1,144.32,1
CUST-2462,25,Male,Urban,15,One-Year,2025-06-02,85.2,1,17,587.1,49.3,142.57,2209.69,2209.69,32.96,4,0,3,0,2053.01,1
CUST-2463,18,Male,Suburban,42,Month-to-Month,2023-03-05,77.9,11,18,289.9,56.1,41.3,1691.56,1691.56,66.49,2,0,3,1,594.72,0
CUST-2464,20,Female,Urban,20,Month-to-Month,2025-01-01,117.0,6,21,20.0,106.9,104.24,2003.45,2003.45,5.88,1,1,3,0,1350.95,0
CUST-2465,41,Female,Urban,35,One-Year,2023-10-03,112.4,5,27,637.6,34.4,66.0,2381.36,2381.36,20.94,2,1,4,0,1140.48,0
CUST-2466,40,Male,Suburban,14,Two-Year,2025-07-03,144.0,5,16,453.4,72.3,80.75,1148.54,1148.54,22.5,1,0,4,0,1550.4,0
CUST-2467,25,Female,Urban,13,Month-to-Month,2025-08-02,71.9,3,14,847.3,50.6,104.66,1403.15,1403.15,65.83,1,0,4,1,2009.47,0
CUST-2468,71,Female,Urban,19,One-Year,2025-02-01,150.8,5,11,372.8,45.0,98.89,1919.94,1919.94,15.76,1,1,4,1,1708.82,1
CUST-2469,64,Male,Urban,6,Month-to-Month,2026-03-03,104.4,5,18,454.2,271.8,85.03,510.44,510.44,2.96,0,1,4,1,1469.32,0
CUST-2470,54,Male,Urban,59,Month-to-Month,2021-10-04,135.7,4,20,389.7,2.0,136.82,8428.23,8428.23,32.18,1,0,3,0,1970.21,1
CUST-2471,20,Male,Urban,15,Month-to-Month,2025-06-02,114.6,8,12,690.3,34.8,33.52,515.55,515.55,37.96,1,0,4,1,643.58,0
CUST-2472,68,Female,Urban,17,Month-to-Month,2025-04-03,65.7,3,11,20.0,173.0,90.44,1461.92,1461.92,30.56,2,2,3,1,1041.87,1
CUST-2473,50,Male,Rural,72,Two-Year,2020-09-04,60.0,8,16,521.4,171.2,142.83,10493.82,10493.82,23.56,2,1,3,0,1851.08,0
CUST-2474,45,Female,Suburban,23,Month-to-Month,2024-10-02,30.9,3,17,332.6,89.5,136.29,3148.51,3148.51,8.39,0,0,5,1,3270.96,0
CUST-2475,64,Male,Urban,26,Month-to-Month,2024-07-03,24.7,11,27,463.6,58.3,125.43,3143.22,3143.22,27.07,1,2,2,0,963.3,1
CUST-2476,25,Female,Urban,72,Month-to-Month,2020-09-04,66.6,7,21,730.2,76.3,79.28,5671.13,5671.13,1.29,0,0,5,0,1902.72,0
CUST-2477,51,Male,Urban,72,Month-to-Month,2020-09-04,123.0,5,24,257.2,19.0,105.28,7598.48,7598.48,29.27,0,0,4,0,2021.38,0
CUST-2478,52,Female,Suburban,7,One-Year,2026-02-01,70.1,3,16,253.9,43.6,119.43,833.37,833.37,23.51,3,0,4,0,2293.06,0
CUST-2479,49,Female,Urban,22,Month-to-Month,2024-11-02,64.7,3,17,788.9,49.9,98.95,2162.61,2162.61,106.74,1,1,3,1,1282.39,1
CUST-2480,41,Female,Urban,72,Month-to-Month,2020-09-04,106.0,8,20,386.8,4.3,103.73,7566.54,7566.54,13.5,2,1,2,0,896.23,1
CUST-2481,31,Female,Rural,16,One-Year,2025-05-03,59.2,7,27,354.4,130.8,108.28,1759.96,1759.96,0.77,3,0,4,0,2078.98,1
CUST-2482,49,Male,Urban,16,Month-to-Month,2025-05-03,140.2,10,23,357.3,39.7,37.27,608.1,608.1,49.97,4,2,1,0,143.12,1
CUST-2483,63,Female,Urban,8,Month-to-Month,2026-01-01,77.1,4,16,155.8,149.0,78.77,646.63,646.63,6.42,3,0,3,0,1134.29,1
CUST-2484,60,Male,Rural,4,Month-to-Month,2026-05-03,112.9,4,19,730.7,32.1,110.62,457.22,457.22,27.52,2,0,3,0,1592.93,1
CUST-2485,33,Male,Suburban,45,Month-to-Month,2022-12-03,79.0,14,22,709.8,34.2,57.9,2624.82,2624.82,8.47,3,1,3,0,750.38,0
CUST-2486,21,Female,Urban,49,Month-to-Month,2022-08-04,85.7,8,16,138.5,18.2,80.11,3757.75,3757.75,27.13,1,1,2,0,692.15,1
CUST-2487,69,Male,Suburban,72,Month-to-Month,2020-09-04,118.8,8,13,388.5,67.2,96.56,6858.3,6858.3,30.45,1,2,3,1,1112.37,1
CUST-2488,54,Female,Urban,49,One-Year,2022-08-04,91.9,6,12,168.0,51.7,109.91,5118.35,5118.35,37.93,1,0,4,0,2110.27,0
CUST-2489,71,Female,Suburban,10,One-Year,2025-11-01,129.8,3,16,595.4,158.7,78.61,793.58,793.58,16.34,0,3,2,1,528.26,0
CUST-2490,38,Male,Urban,2,One-Year,2026-07-03,61.5,6,27,558.0,36.5,98.92,207.24,207.24,2.21,3,0,3,0,1424.45,0
CUST-2491,31,Female,Suburban,72,Two-Year,2020-09-04,46.0,4,24,271.0,67.9,103.78,7716.56,7716.56,31.8,3,2,2,0,797.03,0
CUST-2492,48,Male,Rural,14,Month-to-Month,2025-07-03,32.5,7,22,370.4,79.9,134.17,1875.79,1875.79,69.96,3,1,3,1,1738.84,1
CUST-2493,65,Male,Rural,13,Two-Year,2025-08-02,122.6,6,11,693.8,25.1,92.24,1224.09,1224.09,26.09,1,1,2,0,796.95,0
CUST-2494,35,Male,Rural,72,Month-to-Month,2020-09-04,112.0,4,21,425.0,138.3,79.67,5874.99,5874.99,10.08,1,1,3,1,1032.52,0
CUST-2495,24,Female,Urban,29,Month-to-Month,2024-04-03,77.0,9,27,338.1,31.2,89.79,2628.6,2628.6,18.67,1,1,3,1,1163.68,1
CUST-2496,27,Female,Urban,8,Month-to-Month,2026-01-01,94.0,3,16,624.6,65.9,47.23,392.41,392.41,27.2,3,0,3,0,680.11,1
CUST-2497,24,Female,Urban,72,Month-to-Month,2020-09-04,117.1,5,21,464.3,62.2,104.22,7370.15,7370.15,3.21,3,0,3,0,1500.77,0
CUST-2498,50,Female,Suburban,72,Two-Year,2020-09-04,79.3,5,15,681.8,35.6,135.69,9939.07,9939.07,29.38,2,0,4,0,2605.25,0
CUST-2499,40,Male,Rural,3,Month-to-Month,2026-06-02,32.2,8,20,622.6,13.2,87.9,252.22,252.22,4.05,3,0,3,0,1265.76,0
CUST-2500,38,Male,Urban,66,Month-to-Month,2021-03-05,32.6,6,16,567.5,58.4,67.35,4284.3,4284.3,6.85,2,0,4,0,1293.12,0
CUST-2501,36,Female,Rural,17,Month-to-Month,2025-04-03,52.2,4,18,291.3,30.6,76.23,1352.73,1352.73,17.47,7,1,1,1,329.31,1
CUST-2502,65,Male,Suburban,25,Month-to-Month,2024-08-02,88.1,9,20,690.1,31.0,133.36,3348.36,3348.36,56.22,4,0,2,2,1280.26,1
CUST-2503,36,Male,Rural,72,Month-to-Month,2020-09-04,56.8,1,16,451.4,44.1,125.12,9237.8,9237.8,60.77,2,1,3,0,1621.56,0
CUST-2504,53,Male,Rural,72,Month-to-Month,2020-09-04,116.0,6,15,464.2,73.5,128.39,9585.45,9585.45,11.63,2,0,4,1,2465.09,1
CUST-2505,46,Female,Urban,10,Month-to-Month,2025-11-01,46.8,7,17,179.6,85.0,102.62,1070.75,1070.75,27.02,1,0,4,0,1970.3,1
CUST-2506,35,Female,Urban,8,Two-Year,2026-01-01,64.2,5,23,328.1,36.2,76.02,583.21,583.21,3.44,0,0,4,0,1459.58,0
CUST-2507,19,Male,Urban,3,Month-to-Month,2026-06-02,30.4,6,12,284.5,8.3,41.47,126.92,126.92,212.72,4,1,2,0,358.3,1
CUST-2508,18,Male,Urban,28,Month-to-Month,2024-05-03,71.6,6,18,542.1,102.0,152.49,4325.16,4325.16,37.14,2,1,3,1,1976.27,1
CUST-2509,64,Female,Suburban,1,One-Year,2026-08-02,85.2,4,22,612.9,71.9,56.39,56.95,56.95,8.88,2,0,3,0,812.02,1
CUST-2510,22,Female,Suburban,18,Two-Year,2025-03-03,117.3,4,21,400.9,104.8,69.72,1210.46,1210.46,80.49,1,1,3,1,903.57,0
CUST-2511,37,Male,Rural,3,Month-to-Month,2026-06-02,88.6,6,19,476.0,24.7,116.59,359.33,359.33,15.06,2,1,4,2,2014.68,0
CUST-2512,28,Female,Suburban,18,Month-to-Month,2025-03-03,107.2,3,17,438.1,155.9,88.72,1567.51,1567.51,11.27,2,1,3,0,1149.81,1
CUST-2513,59,Male,Urban,2,Two-Year,2026-07-03,115.2,6,18,768.0,19.8,95.12,184.96,184.96,12.36,0,1,3,0,1232.76,0
CUST-2514,19,Male,Urban,60,Month-to-Month,2021-09-03,96.8,6,18,31.7,22.2,115.92,7099.36,7099.36,23.3,0,0,4,0,2225.66,0
CUST-2515,20,Female,Urban,8,Month-to-Month,2026-01-01,58.1,2,23,254.4,50.0,96.45,749.64,749.64,1.19,6,0,2,1,925.92,1
CUST-2516,40,Female,Urban,14,Month-to-Month,2025-07-03,97.1,9,19,397.5,385.5,139.25,1949.25,1949.25,36.89,0,0,5,0,3342.0,0
CUST-2517,29,Male,Urban,67,Two-Year,2021-02-03,129.6,3,9,507.2,14.7,33.03,2172.63,2172.63,103.32,2,2,3,1,380.51,0
CUST-2518,37,Female,Urban,46,Two-Year,2022-11-03,75.6,11,22,360.8,118.5,98.86,4694.66,4694.66,59.16,2,0,3,0,1423.58,0
CUST-2519,22,Female,Urban,9,One-Year,2025-12-02,101.6,4,18,156.5,2.0,77.63,730.42,730.42,58.32,4,0,3,1,1117.87,1
CUST-2520,54,Female,Urban,3,Month-to-Month,2026-06-02,100.9,4,14,569.2,17.6,128.9,399.25,399.25,52.06,5,1,1,0,556.85,1
CUST-2521,55,Female,Suburban,42,Month-to-Month,2023-03-05,73.9,7,23,754.5,27.6,80.59,3349.88,3349.88,15.44,4,0,2,1,773.66,0
CUST-2522,47,Female,Urban,17,Month-to-Month,2025-04-03,113.1,6,23,167.8,68.0,107.64,1768.17,1768.17,7.39,4,2,1,0,413.34,1
CUST-2523,26,Male,Urban,48,Two-Year,2022-09-03,73.5,8,11,521.1,7.8,115.16,5637.33,5637.33,13.21,0,0,4,0,2211.07,0
CUST-2524,51,Male,Urban,20,Two-Year,2025-01-01,98.6,7,14,653.8,9.0,80.13,1667.3,1667.3,6.64,1,1,4,0,1384.65,1
CUST-2525,70,Male,Rural,14,Month-to-Month,2025-07-03,77.8,6,18,532.2,10.3,56.54,783.76,783.76,66.62,1,1,3,2,732.76,1
CUST-2526,61,Male,Urban,20,One-Year,2025-01-01,86.3,5,17,640.8,70.6,138.4,2640.89,2640.89,19.13,4,1,1,0,597.89,0
CUST-2527,52,Female,Urban,46,Month-to-Month,2022-11-03,113.0,5,8,382.6,7.9,129.17,5718.62,5718.62,58.49,3,0,3,0,1860.05,0
CUST-2528,69,Female,Suburban,72,Month-to-Month,2020-09-04,26.6,5,13,291.2,33.0,133.43,9494.24,9494.24,12.0,1,3,2,1,896.65,1
CUST-2529,39,Male,Suburban,2,One-Year,2026-07-03,103.5,2,17,685.6,11.1,58.03,116.05,116.05,5.43,0,1,3,0,752.07,1
CUST-2530,61,Male,Rural,25,Month-to-Month,2024-08-02,106.2,5,16,517.9,31.3,65.97,1614.71,1614.71,71.56,0,0,4,0,1266.62,1
CUST-2531,41,Female,Urban,2,Month-to-Month,2026-07-03,67.8,9,12,484.7,81.4,142.87,285.38,285.38,56.14,0,1,3,0,1851.6,1
CUST-2532,34,Male,Urban,21,Month-to-Month,2024-12-02,84.1,5,18,493.6,21.1,42.64,936.52,936.52,28.43,0,0,5,0,1023.36,0
CUST-2533,27,Female,Urban,72,One-Year,2020-09-04,55.7,3,11,188.1,62.5,109.8,7571.23,7571.23,4.6,5,1,2,0,948.67,1
CUST-2534,47,Male,Suburban,15,Two-Year,2025-06-02,61.0,7,17,333.6,18.6,61.4,948.95,948.95,14.35,3,0,3,1,884.16,0
CUST-2535,63,Female,Urban,72,Two-Year,2020-09-04,93.1,4,16,482.5,87.0,120.99,8672.36,8672.36,2.07,0,1,3,0,1568.03,0
CUST-2536,40,Female,Urban,33,One-Year,2023-12-03,163.8,6,17,761.2,97.6,135.5,4540.22,4540.22,79.97,0,0,4,0,2601.6,0
CUST-2537,49,Male,Urban,72,Month-to-Month,2020-09-04,104.9,8,14,256.6,24.2,75.56,5695.67,5695.67,9.62,3,2,2,1,580.3,1
CUST-2538,34,Male,Urban,47,Month-to-Month,2022-10-04,59.6,7,9,319.8,2.0,42.68,1997.85,1997.85,25.93,2,2,2,1,327.78,1
CUST-2539,67,Male,Urban,4,Two-Year,2026-05-03,108.3,7,25,555.4,9.0,110.55,424.34,424.34,99.57,1,1,4,0,1910.3,0
CUST-2540,68,Female,Suburban,9,One-Year,2025-12-02,102.4,6,12,20.0,43.9,37.99,353.12,353.12,34.15,1,0,4,1,729.41,0
CUST-2541,34,Female,Suburban,17,One-Year,2025-04-03,33.2,4,22,414.1,31.3,31.42,521.57,521.57,34.15,0,0,4,0,603.26,0
CUST-2542,31,Male,Urban,7,One-Year,2026-02-01,75.5,6,12,229.5,27.6,130.01,946.95,946.95,62.61,2,0,4,1,2496.19,1
CUST-2543,26,Female,Urban,23,Two-Year,2024-10-02,80.7,3,18,837.3,56.3,127.37,2807.04,2807.04,41.38,1,1,3,0,1650.72,0
CUST-2544,57,Female,Suburban,21,Month-to-Month,2024-12-02,88.5,2,19,592.6,11.4,93.64,1912.95,1912.95,23.28,3,1,3,0,1213.57,1
CUST-2545,19,Male,Urban,72,Month-to-Month,2020-09-04,84.1,10,19,283.4,39.7,107.47,8100.02,8100.02,4.56,1,0,5,1,2579.28,0
CUST-2546,62,Male,Urban,19,One-Year,2025-02-01,89.4,4,16,464.3,14.8,136.77,2697.45,2697.45,24.03,1,0,4,0,2625.98,1
CUST-2547,42,Female,Urban,51,Two-Year,2022-06-04,56.9,3,16,275.5,257.8,70.89,3513.73,3513.73,7.03,0,1,4,1,1224.98,0
CUST-2548,56,Female,Suburban,72,One-Year,2020-09-04,75.2,8,29,262.9,3.2,50.39,3728.38,3728.38,23.69,2,1,3,1,653.05,0
CUST-2549,26,Female,Rural,69,Month-to-Month,2020-12-04,77.0,2,18,218.9,2.0,109.16,7220.43,7220.43,0.78,2,0,3,0,1571.9,0
CUST-2550,71,Female,Suburban,8,Month-to-Month,2026-01-01,119.8,7,22,323.5,54.0,63.46,490.31,490.31,15.21,3,0,3,0,913.82,1
CUST-2551,39,Female,Urban,23,One-Year,2024-10-02,64.1,6,17,520.5,4.2,49.47,1101.66,1101.66,1.99,3,0,2,1,474.91,0
CUST-2552,60,Male,Urban,15,One-Year,2025-06-02,77.7,9,11,665.0,108.3,92.1,1318.39,1318.39,5.51,3,0,3,0,1326.24,1
CUST-2553,63,Female,Rural,17,One-Year,2025-04-03,74.3,6,22,257.5,111.3,124.92,2120.37,2120.37,41.55,5,0,2,0,1199.23,1
CUST-2554,21,Female,Urban,15,Month-to-Month,2025-06-02,132.6,4,15,281.5,36.8,54.73,811.97,811.97,130.99,2,1,3,1,709.3,1
CUST-2555,43,Female,Rural,58,Two-Year,2021-11-03,105.0,6,16,855.6,118.5,92.17,5393.75,5393.75,29.11,1,0,4,0,1769.66,0
CUST-2556,46,Male,Rural,20,One-Year,2025-01-01,57.0,15,14,474.0,87.7,97.82,1993.32,1993.32,6.5,1,0,5,0,2347.68,0
CUST-2557,62,Male,Urban,25,One-Year,2024-08-02,96.9,8,18,395.7,9.5,46.22,1166.52,1166.52,16.53,2,0,4,1,887.42,0
CUST-2558,51,Male,Rural,72,Month-to-Month,2020-09-04,54.7,6,26,300.2,127.6,98.97,6967.98,6967.98,9.35,4,0,3,1,1425.17,0
CUST-2559,40,Male,Urban,3,Month-to-Month,2026-06-02,92.8,6,11,331.4,134.8,144.79,416.24,416.24,1.72,3,1,2,1,1250.99,1
CUST-2560,54,Male,Suburban,22,Two-Year,2024-11-02,126.0,9,14,458.6,25.3,114.6,2579.7,2579.7,85.49,1,0,4,1,2200.32,0
CUST-2561,28,Female,Urban,49,Month-to-Month,2022-08-04,26.3,6,21,656.7,97.0,97.44,4683.42,4683.42,27.34,2,0,4,1,1870.85,0
CUST-2562,23,Female,Urban,6,Month-to-Month,2026-03-03,54.8,7,16,248.7,148.0,61.6,360.25,360.25,5.64,1,1,3,0,798.34,1
CUST-2563,35,Male,Suburban,32,Month-to-Month,2024-01-03,89.7,11,18,406.2,89.0,41.03,1337.97,1337.97,47.93,1,0,4,0,787.78,0
CUST-2564,38,Female,Suburban,9,One-Year,2025-12-02,73.1,6,18,771.7,6.4,33.7,301.54,301.54,6.58,2,2,2,1,258.82,0
CUST-2565,59,Male,Urban,67,Month-to-Month,2021-02-03,91.4,6,24,174.0,6.5,112.24,7297.88,7297.88,8.1,1,1,3,1,1454.63,1
CUST-2566,53,Male,Suburban,14,Month-to-Month,2025-07-03,82.5,9,24,677.7,262.6,145.39,2089.71,2089.71,32.21,2,2,2,2,1116.6,1
CUST-2567,58,Male,Urban,14,Two-Year,2025-07-03,34.6,6,12,827.7,50.7,118.4,1708.39,1708.39,19.46,1,0,5,0,2841.6,0
CUST-2568,55,Female,Urban,30,One-Year,2024-03-03,103.7,4,16,457.4,67.2,70.41,2214.81,2214.81,78.79,3,1,2,1,608.34,1
CUST-2569,51,Male,Urban,7,Month-to-Month,2026-02-01,45.0,5,21,686.9,158.2,59.07,412.17,412.17,31.78,3,0,3,0,850.61,0
CUST-2570,34,Male,Urban,12,Month-to-Month,2025-09-02,91.2,3,14,105.1,2.0,107.45,1229.66,1229.66,7.05,1,1,3,0,1392.55,1
CUST-2571,54,Male,Urban,18,Two-Year,2025-03-03,71.4,11,19,401.8,36.2,136.51,2461.42,2461.42,22.53,1,1,2,0,1179.45,1
CUST-2572,42,Female,Urban,15,Month-to-Month,2025-06-02,157.0,7,16,644.2,54.3,85.15,1216.36,1216.36,45.41,2,2,3,0,980.93,1
CUST-2573,55,Male,Urban,25,One-Year,2024-08-02,81.4,6,17,190.4,2.0,113.2,2956.67,2956.67,32.08,2,1,3,0,1467.07,0
CUST-2574,29,Female,Urban,31,Month-to-Month,2024-02-02,95.5,7,11,685.4,63.7,118.28,3547.44,3547.44,13.56,2,1,2,0,1021.94,1
CUST-2575,40,Female,Urban,28,Two-Year,2024-05-03,101.6,5,19,904.3,123.7,141.73,4137.26,4137.26,17.1,0,1,3,0,1836.82,0
CUST-2576,70,Female,Rural,35,One-Year,2023-10-03,95.1,3,18,318.9,3.7,28.81,1053.73,1053.73,38.34,2,1,3,0,373.38,0
CUST-2577,59,Female,Urban,13,One-Year,2025-08-02,84.2,2,20,583.7,106.0,150.76,2013.87,2013.87,25.62,1,1,3,1,1953.85,0
CUST-2578,39,Male,Rural,5,Month-to-Month,2026-04-02,55.3,9,15,623.4,246.7,161.52,774.27,774.27,2.68,0,1,4,0,2791.07,1
CUST-2579,38,Male,Suburban,47,Two-Year,2022-10-04,81.6,9,15,738.9,164.4,150.46,7112.89,7112.89,27.84,0,2,4,0,2311.07,0
CUST-2580,44,Female,Suburban,63,Month-to-Month,2021-06-04,29.0,6,18,244.4,50.1,147.09,9131.62,9131.62,21.23,4,1,2,0,1270.86,1
CUST-2581,48,Male,Suburban,10,Two-Year,2025-11-01,99.6,8,18,332.4,128.0,117.74,1215.1,1215.1,59.05,0,0,4,0,2260.61,0
CUST-2582,23,Female,Suburban,18,Month-to-Month,2025-03-03,172.6,3,18,566.3,95.7,48.75,860.14,860.14,4.17,3,0,3,0,702.0,0
CUST-2583,44,Female,Urban,23,One-Year,2024-10-02,90.3,7,22,466.4,110.6,136.22,3117.79,3117.79,0.04,4,0,3,1,1961.57,0
CUST-2584,57,Female,Urban,26,Month-to-Month,2024-07-03,95.2,4,12,778.0,33.0,45.46,1190.67,1190.67,60.17,1,0,4,1,872.83,0
CUST-2585,51,Female,Suburban,36,One-Year,2023-09-03,38.4,9,20,395.0,42.0,116.15,3987.1,3987.1,8.3,3,0,3,1,1672.56,0
CUST-2586,29,Female,Suburban,2,Month-to-Month,2026-07-03,60.5,4,24,373.6,17.8,76.43,154.52,154.52,1.12,1,0,3,1,1100.59,1
CUST-2587,62,Female,Suburban,42,Month-to-Month,2023-03-05,111.8,12,21,516.5,3.4,26.28,1086.57,1086.57,8.74,4,0,3,1,378.43,1
CUST-2588,70,Male,Urban,3,Month-to-Month,2026-06-02,41.6,7,19,512.3,59.1,83.98,252.68,252.68,76.01,1,1,3,2,1088.38,1
CUST-2589,24,Female,Suburban,21,Month-to-Month,2024-12-02,63.2,12,17,428.3,24.1,120.23,2430.11,2430.11,6.57,1,0,3,1,1731.31,1
CUST-2590,27,Male,Urban,58,Month-to-Month,2021-11-03,102.0,4,17,284.2,45.4,41.86,2388.02,2388.02,13.5,2,1,3,0,542.51,1
CUST-2591,62,Male,Urban,20,Month-to-Month,2025-01-01,109.3,9,23,475.6,213.8,57.32,1155.78,1155.78,33.01,1,0,3,2,825.41,0
CUST-2592,34,Female,Urban,6,Two-Year,2026-03-03,81.7,9,16,533.4,4.2,77.7,469.54,469.54,6.92,2,1,3,0,1006.99,0
CUST-2593,43,Male,Suburban,72,Month-to-Month,2020-09-04,88.7,8,29,297.0,134.4,45.33,3152.13,3152.13,36.26,0,0,5,0,1087.92,0
CUST-2594,38,Male,Rural,72,One-Year,2020-09-04,88.6,1,16,245.4,5.9,133.38,9521.44,9521.44,42.93,1,1,3,0,1728.6,0
CUST-2595,45,Male,Urban,49,Month-to-Month,2022-08-04,48.0,5,13,516.7,68.9,130.2,6392.24,6392.24,9.2,0,1,4,0,2249.86,0
CUST-2596,63,Female,Suburban,18,One-Year,2025-03-03,82.8,9,21,1007.0,27.3,101.56,1751.52,1751.52,3.54,5,0,2,0,974.98,1
CUST-2597,19,Female,Urban,7,Month-to-Month,2026-02-01,92.3,4,26,677.8,6.9,28.02,198.09,198.09,17.99,1,2,2,1,215.19,1
CUST-2598,71,Female,Urban,72,Two-Year,2020-09-04,82.3,9,16,416.6,91.9,104.32,7309.53,7309.53,41.98,0,0,4,1,2002.94,0
CUST-2599,60,Male,Urban,25,Two-Year,2024-08-02,27.2,15,15,413.1,78.0,113.87,2966.37,2966.37,58.78,4,0,2,0,1093.15,0
CUST-2600,18,Female,Urban,63,Month-to-Month,2021-06-04,131.1,7,22,481.3,66.5,102.52,6309.27,6309.27,1.31,1,0,4,1,1968.38,0
CUST-2601,68,Female,Urban,14,One-Year,2025-07-03,52.2,2,16,345.9,217.7,166.55,2398.7,2398.7,26.92,5,1,2,1,1438.99,1
CUST-2602,70,Male,Urban,14,Month-to-Month,2025-07-03,87.2,5,21,524.5,2.0,120.9,1706.51,1706.51,10.41,2,2,2,1,928.51,1
CUST-2603,53,Male,Suburban,72,One-Year,2020-09-04,94.7,2,18,187.1,37.1,72.55,5320.42,5320.42,18.83,1,1,3,1,940.25,0
CUST-2604,68,Male,Suburban,25,Month-to-Month,2024-08-02,71.4,9,20,370.0,53.8,112.97,2937.72,2937.72,26.33,3,2,1,0,433.8,1
CUST-2605,43,Female,Urban,5,Month-to-Month,2026-04-02,92.3,5,15,697.2,28.8,82.35,426.07,426.07,46.51,0,1,3,0,1067.26,0
CUST-2606,46,Female,Urban,9,Month-to-Month,2025-12-02,61.7,5,15,581.2,72.0,142.55,1235.19,1235.19,1.42,1,2,2,1,1094.78,1
CUST-2607,38,Female,Urban,22,One-Year,2024-11-02,149.4,13,13,576.9,149.2,118.46,2719.16,2719.16,6.54,2,0,3,0,1705.82,0
CUST-2608,28,Male,Urban,2,Month-to-Month,2026-07-03,77.2,6,17,655.4,77.6,103.58,199.67,199.67,33.53,1,1,3,0,1342.4,1
CUST-2609,57,Female,Urban,21,One-Year,2024-12-02,112.0,8,14,392.7,54.8,90.79,1871.58,1871.58,20.35,1,1,3,0,1176.64,0
CUST-2610,28,Female,Urban,18,Month-to-Month,2025-03-03,52.2,3,17,201.0,87.0,81.49,1470.21,1470.21,8.25,2,1,2,0,704.07,1
CUST-2611,53,Female,Rural,50,Month-to-Month,2022-07-04,106.6,13,17,489.1,7.5,43.16,2251.52,2251.52,2.35,3,1,2,0,372.9,1
CUST-2612,66,Female,Suburban,15,One-Year,2025-06-02,63.5,6,10,536.2,64.6,66.2,1005.63,1005.63,86.19,2,1,4,3,1143.94,1
CUST-2613,56,Male,Urban,72,Two-Year,2020-09-04,43.2,8,13,764.5,34.0,68.34,5104.97,5104.97,15.78,2,0,4,1,1312.13,0
CUST-2614,57,Male,Urban,7,Two-Year,2026-02-01,53.0,6,19,326.8,25.0,46.45,339.51,339.51,18.5,0,0,4,0,891.84,0
CUST-2615,52,Female,Urban,30,One-Year,2024-03-03,59.6,4,12,405.7,46.0,125.36,3854.25,3854.25,1.76,3,1,3,1,1624.67,1
CUST-2616,71,Female,Suburban,4,One-Year,2026-05-03,88.3,1,13,664.3,106.2,41.18,164.42,164.42,46.96,0,0,4,1,790.66,0
CUST-2617,51,Female,Urban,44,One-Year,2023-01-03,171.3,6,24,612.5,34.6,135.5,5895.23,5895.23,169.76,4,0,3,0,1951.2,1
CUST-2618,64,Male,Urban,72,Month-to-Month,2020-09-04,167.1,5,22,187.9,78.8,51.57,3629.56,3629.56,134.07,1,1,3,0,668.35,0
CUST-2619,41,Female,Suburban,57,Month-to-Month,2021-12-04,75.3,5,21,660.8,57.8,39.53,2254.7,2254.7,13.05,2,1,3,0,512.31,0
CUST-2620,71,Male,Urban,27,Month-to-Month,2024-06-03,113.8,8,24,765.6,161.1,163.61,4217.82,4217.82,113.68,3,1,3,1,2120.39,1
CUST-2621,39,Male,Urban,22,Month-to-Month,2024-11-02,47.4,4,18,360.3,38.3,145.71,3118.47,3118.47,18.33,2,0,4,0,2797.63,1
CUST-2622,22,Female,Urban,60,Month-to-Month,2021-09-03,21.9,2,20,660.2,111.4,63.77,3771.99,3771.99,17.14,3,0,3,0,918.29,0
CUST-2623,50,Female,Urban,72,Two-Year,2020-09-04,85.9,5,20,573.1,119.9,58.38,4351.9,4351.9,62.36,2,3,1,0,196.16,1
CUST-2624,53,Male,Urban,72,Month-to-Month,2020-09-04,101.4,5,24,299.8,40.6,53.83,3827.74,3827.74,54.92,1,1,4,1,930.18,0
CUST-2625,64,Male,Urban,17,One-Year,2025-04-03,108.5,5,23,219.4,43.6,90.34,1495.78,1495.78,22.55,1,0,4,0,1734.53,1
CUST-2626,37,Male,Urban,72,One-Year,2020-09-04,117.4,4,16,526.0,26.4,65.89,4878.19,4878.19,20.76,2,0,4,1,1265.09,0
CUST-2627,36,Male,Urban,6,Month-to-Month,2026-03-03,75.1,6,30,652.4,44.5,70.35,440.81,440.81,120.96,0,0,4,0,1350.72,0
CUST-2628,52,Female,Suburban,10,Month-to-Month,2025-11-01,87.2,5,21,389.2,18.6,120.9,1242.22,1242.22,18.38,4,0,4,0,2321.28,1
CUST-2629,69,Female,Urban,4,Month-to-Month,2026-05-03,109.6,3,19,240.4,127.0,146.42,563.76,563.76,69.25,1,0,4,1,2811.26,1
CUST-2630,60,Male,Urban,11,One-Year,2025-10-02,120.8,5,14,62.5,18.7,139.33,1505.09,1505.09,48.03,2,2,2,2,1070.05,1
CUST-2631,34,Female,Suburban,48,Two-Year,2022-09-03,57.8,2,14,475.3,19.4,87.1,4223.82,4223.82,3.96,3,1,3,0,1128.82,1
CUST-2632,62,Female,Suburban,63,Month-to-Month,2021-06-04,91.3,3,24,317.0,146.9,75.34,4602.14,4602.14,6.06,3,0,4,1,1446.53,0
CUST-2633,60,Female,Suburban,50,Two-Year,2022-07-04,104.5,6,14,302.6,49.4,96.22,4876.71,4876.71,1.34,1,1,4,0,1662.68,0
CUST-2634,51,Male,Urban,33,Month-to-Month,2023-12-03,89.4,4,23,758.4,7.2,126.25,4056.27,4056.27,1.25,3,2,2,2,969.6,0
CUST-2635,26,Female,Urban,24,One-Year,2024-09-02,66.3,6,16,589.7,27.6,32.69,787.91,787.91,32.46,1,2,3,0,376.59,0
CUST-2636,43,Male,Suburban,41,One-Year,2023-04-04,85.1,7,15,575.1,79.4,141.71,5930.24,5930.24,2.8,3,0,4,0,2720.83,0
CUST-2637,19,Male,Suburban,17,Month-to-Month,2025-04-03,100.9,7,20,441.2,33.8,56.13,981.58,981.58,5.12,2,2,2,1,431.08,0
CUST-2638,70,Male,Urban,61,Month-to-Month,2021-08-04,62.2,6,18,547.1,35.8,66.07,4151.4,4151.4,9.81,2,0,3,0,951.41,0
CUST-2639,26,Male,Rural,38,Month-to-Month,2023-07-04,49.1,10,14,506.6,44.9,73.6,2873.64,2873.64,28.21,1,1,3,0,953.86,0
CUST-2640,26,Male,Urban,40,Month-to-Month,2023-05-04,146.8,4,25,388.8,16.4,132.54,5109.21,5109.21,9.1,2,0,4,0,2544.77,0
CUST-2641,57,Male,Rural,26,One-Year,2024-07-03,90.6,5,26,446.9,35.9,50.62,1380.52,1380.52,17.64,2,2,3,0,583.14,0
CUST-2642,34,Male,Rural,72,Month-to-Month,2020-09-04,113.2,3,11,671.9,15.8,53.01,3920.59,3920.59,15.26,3,1,2,0,458.01,0
CUST-2643,18,Female,Suburban,10,One-Year,2025-11-01,91.3,9,24,514.2,28.1,113.29,1088.05,1088.05,17.66,1,2,2,0,870.07,0
CUST-2644,42,Female,Rural,16,Month-to-Month,2025-05-03,116.5,7,12,883.5,49.4,139.9,2282.62,2282.62,92.59,4,0,3,0,2014.56,1
CUST-2645,60,Male,Suburban,50,One-Year,2022-07-04,87.4,4,10,683.2,76.9,48.58,2421.71,2421.71,122.38,3,0,3,2,699.55,0
CUST-2646,57,Female,Urban,23,One-Year,2024-10-02,102.6,7,14,438.8,65.3,94.86,2166.06,2166.06,2.63,3,0,4,0,1821.31,0
CUST-2647,59,Female,Urban,72,One-Year,2020-09-04,51.7,7,18,489.7,55.7,138.52,10149.58,10149.58,4.1,1,1,3,1,1795.22,0
CUST-2648,42,Female,Urban,14,Month-to-Month,2025-07-03,32.0,5,19,454.3,58.8,135.73,1837.11,1837.11,1.97,0,0,4,0,2606.02,0
CUST-2649,56,Male,Urban,16,Month-to-Month,2025-05-03,70.7,2,17,705.7,46.5,141.05,2369.51,2369.51,17.17,1,1,4,0,2437.34,1
CUST-2650,52,Female,Suburban,72,One-Year,2020-09-04,42.2,6,16,241.5,62.0,138.04,9983.09,9983.09,66.66,3,0,5,0,3312.96,0
CUST-2651,20,Female,Urban,21,Month-to-Month,2024-12-02,21.5,7,16,428.7,30.6,65.78,1394.45,1394.45,56.3,3,0,3,0,947.23,1
CUST-2652,67,Female,Urban,24,Month-to-Month,2024-09-02,94.1,12,15,579.0,149.3,71.32,1698.88,1698.88,15.34,2,0,4,0,1369.34,1
CUST-2653,54,Male,Suburban,14,Month-to-Month,2025-07-03,31.9,3,27,549.1,58.0,137.38,1943.69,1943.69,48.62,3,0,3,0,1978.27,1
CUST-2654,61,Female,Rural,11,One-Year,2025-10-02,113.5,7,18,721.3,179.3,133.77,1495.6,1495.6,135.18,4,0,3,0,1926.29,1
CUST-2655,61,Female,Urban,36,One-Year,2023-09-03,128.2,4,15,378.8,33.7,73.59,2608.31,2608.31,7.55,3,0,3,1,1059.7,0
CUST-2656,68,Female,Urban,5,One-Year,2026-04-02,41.7,5,16,170.4,32.6,111.88,557.28,557.28,116.24,3,0,3,1,1611.07,0
CUST-2657,47,Male,Urban,70,Month-to-Month,2020-11-03,93.7,7,29,543.6,217.9,93.02,6352.26,6352.26,51.56,0,1,4,0,1607.39,1
CUST-2658,55,Male,Suburban,50,Month-to-Month,2022-07-04,140.7,5,16,489.5,84.9,104.59,5371.72,5371.72,4.26,0,0,3,0,1506.1,0
CUST-2659,51,Female,Urban,7,Two-Year,2026-02-01,70.8,6,18,535.1,47.5,58.96,422.52,422.52,55.39,2,3,1,0,198.11,1
CUST-2660,29,Female,Suburban,39,Month-to-Month,2023-06-04,103.3,5,15,383.9,82.4,101.96,4100.08,4100.08,3.78,1,0,3,0,1468.22,0
CUST-2661,36,Male,Urban,31,Month-to-Month,2024-02-02,156.8,6,19,564.5,32.8,136.09,4304.36,4304.36,1.06,4,1,3,0,1763.73,1
CUST-2662,54,Female,Urban,7,One-Year,2026-02-01,34.7,5,21,409.4,92.4,127.58,850.2,850.2,50.63,0,1,3,1,1653.44,1
CUST-2663,61,Male,Rural,11,Month-to-Month,2025-10-02,54.4,7,18,574.8,15.3,102.74,1095.24,1095.24,78.88,0,1,4,0,1775.35,0
CUST-2664,66,Female,Urban,18,Month-to-Month,2025-03-03,101.9,7,13,427.2,195.9,82.67,1471.48,1471.48,17.9,1,1,2,0,714.27,1
CUST-2665,34,Female,Urban,40,Month-to-Month,2023-05-04,150.2,4,22,737.1,40.2,38.31,1491.67,1491.67,0.85,1,0,4,1,735.55,0
CUST-2666,27,Female,Urban,34,Month-to-Month,2023-11-03,63.7,5,27,133.1,6.3,107.67,3672.38,3672.38,31.86,2,0,4,0,2067.26,1
CUST-2667,66,Female,Urban,25,Month-to-Month,2024-08-02,158.1,6,24,132.2,121.2,109.43,2844.67,2844.67,9.3,0,1,3,0,1418.21,1
CUST-2668,64,Male,Urban,49,Two-Year,2022-08-04,89.0,5,16,569.8,146.1,71.36,3579.88,3579.88,27.47,0,1,5,0,1541.38,0
CUST-2669,29,Female,Urban,47,Month-to-Month,2022-10-04,26.0,5,24,186.3,85.1,145.26,6667.84,6667.84,13.39,1,1,3,0,1882.57,0
CUST-2670,33,Male,Urban,32,Month-to-Month,2024-01-03,132.7,6,15,481.0,64.6,98.17,3109.26,3109.26,34.09,5,0,2,0,942.43,1
CUST-2671,41,Female,Urban,51,One-Year,2022-06-04,71.1,6,16,363.8,171.4,116.47,5673.83,5673.83,10.55,4,0,4,0,2236.22,0
CUST-2672,36,Female,Suburban,14,Two-Year,2025-07-03,98.5,8,18,692.9,63.2,68.84,916.17,916.17,5.62,1,0,3,0,991.3,1
CUST-2673,25,Female,Suburban,70,Month-to-Month,2020-11-03,35.2,1,23,460.6,101.9,141.41,9824.59,9824.59,48.86,3,0,3,0,2036.3,0
CUST-2674,48,Male,Urban,32,Two-Year,2024-01-03,62.4,8,20,357.3,41.4,133.72,4376.57,4376.57,27.09,1,0,4,0,2567.42,0
CUST-2675,38,Female,Suburban,57,One-Year,2021-12-04,40.1,6,16,753.4,84.4,119.91,7081.48,7081.48,13.37,3,0,2,0,1151.14,0
CUST-2676,34,Male,Urban,26,Month-to-Month,2024-07-03,36.9,5,13,566.2,447.9,103.6,2675.14,2675.14,34.6,3,0,3,0,1491.84,1
CUST-2677,40,Male,Urban,9,Month-to-Month,2025-12-02,87.9,7,19,248.8,31.3,39.4,343.26,343.26,11.85,1,0,3,0,567.36,0
CUST-2678,54,Female,Urban,26,Month-to-Month,2024-07-03,102.0,8,19,105.1,82.8,91.39,2319.44,2319.44,15.91,0,1,4,0,1579.22,1
CUST-2679,71,Male,Urban,16,One-Year,2025-05-03,68.6,6,13,688.6,10.5,42.91,682.82,682.82,16.5,1,1,4,0,741.48,0
CUST-2680,33,Female,Urban,40,Month-to-Month,2023-05-04,41.9,5,18,510.3,65.5,73.0,2963.68,2963.68,8.99,4,0,3,1,1051.2,1
CUST-2681,23,Male,Urban,22,Month-to-Month,2024-11-02,46.7,6,17,605.6,25.3,48.51,1071.79,1071.79,20.35,1,3,2,0,325.99,1
CUST-2682,25,Male,Suburban,60,One-Year,2021-09-03,96.1,5,16,661.6,130.9,80.3,4982.11,4982.11,59.11,2,1,3,0,1040.69,0
CUST-2683,42,Female,Rural,38,Month-to-Month,2023-07-04,88.3,8,15,558.2,29.0,137.78,4983.56,4983.56,123.88,3,0,3,0,1984.03,1
CUST-2684,35,Female,Urban,38,Two-Year,2023-07-04,96.6,2,26,505.5,38.3,117.38,4679.95,4679.95,8.67,1,1,3,1,1521.24,0
CUST-2685,42,Male,Suburban,9,Two-Year,2025-12-02,131.8,5,20,430.1,255.3,79.2,743.39,743.39,97.8,1,1,3,0,1026.43,0
CUST-2686,29,Female,Suburban,72,Month-to-Month,2020-09-04,102.3,8,18,528.1,15.8,104.29,7245.8,7245.8,11.4,0,0,5,0,2502.96,0
CUST-2687,32,Female,Suburban,61,Two-Year,2021-08-04,97.3,5,13,391.4,54.1,36.62,2132.89,2132.89,22.21,4,1,2,0,316.4,0
CUST-2688,43,Female,Urban,52,Month-to-Month,2022-05-05,156.1,12,10,690.8,129.6,157.55,8288.99,8288.99,3.71,2,0,4,0,3024.96,0
CUST-2689,58,Male,Urban,14,Month-to-Month,2025-07-03,76.8,7,19,577.3,24.6,89.83,1285.46,1285.46,32.78,1,2,3,0,1034.84,1
CUST-2690,62,Female,Urban,26,Month-to-Month,2024-07-03,156.5,7,20,717.3,2.0,83.42,2163.56,2163.56,25.03,3,0,3,1,1201.25,0
CUST-2691,43,Female,Urban,5,One-Year,2026-04-02,127.7,7,22,510.5,147.3,74.74,365.41,365.41,39.76,2,0,2,2,717.5,1
CUST-2692,64,Female,Suburban,26,One-Year,2024-07-03,76.1,7,18,465.1,62.8,87.08,2295.59,2295.59,32.11,2,0,4,0,1671.94,0
CUST-2693,49,Male,Urban,6,Month-to-Month,2026-03-03,109.1,9,20,434.9,17.0,88.07,535.6,535.6,139.49,2,1,3,2,1141.39,1
CUST-2694,27,Female,Urban,27,Month-to-Month,2024-06-03,78.5,5,15,758.0,21.0,103.85,2705.34,2705.34,51.46,1,1,3,1,1345.9,1
CUST-2695,33,Female,Suburban,35,Month-to-Month,2023-10-03,41.9,8,14,237.6,104.5,45.95,1656.41,1656.41,117.82,2,1,4,0,794.02,0
CUST-2696,24,Female,Suburban,17,Two-Year,2025-04-03,84.8,4,18,118.2,66.8,74.37,1295.84,1295.84,26.09,0,2,3,1,856.74,0
CUST-2697,34,Male,Urban,23,Two-Year,2024-10-02,41.0,3,17,415.7,85.7,82.37,1815.85,1815.85,11.57,0,1,4,1,1423.35,0
CUST-2698,40,Female,Suburban,69,One-Year,2020-12-04,92.0,3,23,431.6,56.0,50.55,3474.86,3474.86,26.57,2,0,3,0,727.92,0
CUST-2699,43,Female,Urban,4,One-Year,2026-05-03,109.0,5,16,649.8,101.5,67.79,268.27,268.27,22.01,3,1,3,1,878.56,0
CUST-2700,38,Male,Urban,52,One-Year,2022-05-05,78.5,10,25,701.1,111.8,68.99,3574.02,3574.02,19.5,0,0,4,0,1324.61,0
CUST-2701,39,Male,Urban,7,Month-to-Month,2026-02-01,91.9,5,21,428.3,31.8,122.96,857.39,857.39,17.94,4,0,3,1,1770.62,1
CUST-2702,24,Female,Suburban,2,Month-to-Month,2026-07-03,91.4,5,22,376.5,150.3,126.57,253.75,253.75,58.38,4,0,3,0,1822.61,1
CUST-2703,31,Male,Rural,7,One-Year,2026-02-01,110.3,7,28,20.0,45.7,137.98,944.34,944.34,47.3,2,2,2,0,1059.69,1
CUST-2704,32,Female,Urban,48,Month-to-Month,2022-09-03,87.7,5,22,876.8,11.3,62.34,2983.23,2983.23,36.14,2,0,3,1,897.7,1
CUST-2705,70,Female,Urban,18,Month-to-Month,2025-03-03,75.6,6,25,563.9,16.0,128.79,2225.37,2225.37,36.25,1,0,3,0,1854.58,1
CUST-2706,24,Female,Urban,68,Two-Year,2021-01-03,109.0,6,20,690.8,86.0,137.24,9030.59,9030.59,16.39,2,1,3,1,1778.63,0
CUST-2707,26,Male,Urban,25,Two-Year,2024-08-02,89.8,9,10,649.8,30.8,81.13,1944.69,1944.69,20.19,2,0,4,1,1557.7,0
CUST-2708,68,Male,Urban,1,Month-to-Month,2026-08-02,20.9,6,19,128.7,19.8,100.39,97.24,97.24,5.79,0,0,4,0,1927.49,0
CUST-2709,65,Female,Urban,42,One-Year,2023-03-05,74.5,7,14,362.2,60.3,102.82,4104.39,4104.39,30.28,0,1,3,0,1332.55,0
CUST-2710,25,Male,Suburban,4,Two-Year,2026-05-03,69.5,4,19,450.8,99.1,75.26,287.13,287.13,5.29,4,0,3,1,1083.74,1
CUST-2711,67,Female,Suburban,52,Month-to-Month,2022-05-05,89.4,7,21,420.9,7.5,56.27,3012.84,3012.84,86.41,1,2,3,0,648.23,0
CUST-2712,40,Male,Urban,7,Month-to-Month,2026-02-01,86.2,5,12,602.6,38.8,50.24,341.1,341.1,18.8,1,0,3,0,723.46,1
CUST-2713,46,Male,Urban,14,Month-to-Month,2025-07-03,26.5,5,17,208.9,95.9,135.72,1903.88,1903.88,1.53,1,1,3,1,1758.93,1
CUST-2714,35,Male,Urban,48,Month-to-Month,2022-09-03,40.2,6,15,375.1,152.1,109.17,5172.23,5172.23,0.06,2,0,3,0,1572.05,0
CUST-2715,48,Female,Urban,72,Two-Year,2020-09-04,56.4,5,22,450.4,2.0,64.21,4544.08,4544.08,39.48,3,1,2,0,554.77,0
CUST-2716,47,Female,Suburban,16,Month-to-Month,2025-05-03,86.9,8,16,281.1,69.4,94.06,1558.7,1558.7,33.09,3,1,3,0,1219.02,1
CUST-2717,69,Male,Rural,59,Month-to-Month,2021-10-04,117.2,1,12,621.3,59.1,43.14,2541.75,2541.75,51.48,3,0,2,0,414.14,1
CUST-2718,56,Male,Urban,7,Month-to-Month,2026-02-01,36.9,4,22,502.7,47.4,44.3,310.62,310.62,48.43,0,0,4,1,850.56,0
CUST-2719,52,Male,Urban,55,Month-to-Month,2022-02-02,64.8,8,15,669.3,11.3,114.03,6246.0,6246.0,0.11,2,0,3,0,1642.03,0
CUST-2720,35,Female,Suburban,36,Month-to-Month,2023-09-03,83.5,5,19,816.0,88.0,141.84,4988.25,4988.25,6.4,2,2,1,0,544.67,1
CUST-2721,59,Male,Urban,8,One-Year,2026-01-01,57.1,9,18,418.4,32.4,66.7,543.38,543.38,13.8,1,0,4,0,1280.64,0
CUST-2722,56,Female,Suburban,12,Month-to-Month,2025-09-02,87.6,12,20,603.4,17.4,74.66,855.35,855.35,2.22,1,0,4,0,1433.47,0
CUST-2723,34,Female,Urban,5,One-Year,2026-04-02,104.2,6,21,108.5,123.3,86.48,422.95,422.95,6.87,2,0,3,0,1245.31,1
CUST-2724,31,Female,Suburban,16,One-Year,2025-05-03,62.3,4,16,186.8,23.8,83.67,1360.34,1360.34,30.48,0,1,4,0,1445.82,0
CUST-2725,48,Male,Urban,8,Month-to-Month,2026-01-01,94.8,9,20,507.9,14.4,74.76,570.17,570.17,21.38,0,0,5,0,1794.24,0
CUST-2726,41,Female,Suburban,34,One-Year,2023-11-03,81.6,4,21,394.1,24.3,73.06,2366.22,2366.22,68.95,0,1,4,0,1262.48,0
CUST-2727,52,Male,Suburban,72,One-Year,2020-09-04,50.5,10,24,740.4,13.0,102.84,7310.27,7310.27,8.87,2,0,5,0,2468.16,0
CUST-2728,61,Male,Urban,1,Month-to-Month,2026-08-02,80.8,3,14,561.8,97.6,70.94,69.17,69.17,26.83,3,0,3,1,1021.54,1
CUST-2729,62,Female,Suburban,26,Month-to-Month,2024-07-03,98.7,8,20,192.4,13.1,135.36,3590.09,3590.09,69.24,3,1,2,1,1169.51,1
CUST-2730,51,Female,Suburban,28,One-Year,2024-05-03,127.4,7,14,505.4,82.0,72.77,2089.71,2089.71,2.18,1,0,3,0,1047.89,0
CUST-2731,20,Male,Urban,72,Two-Year,2020-09-04,134.3,8,19,368.7,11.5,51.41,3529.86,3529.86,71.43,3,2,2,0,394.83,1
CUST-2732,54,Male,Urban,24,Month-to-Month,2024-09-02,68.0,7,23,690.8,16.7,139.27,3321.22,3321.22,14.75,1,0,4,0,2673.98,1
CUST-2733,60,Female,Urban,26,Month-to-Month,2024-07-03,66.2,7,21,413.2,27.3,55.4,1504.24,1504.24,68.69,3,1,3,1,717.98,1
CUST-2734,57,Male,Urban,21,Month-to-Month,2024-12-02,86.2,12,10,391.9,194.8,115.94,2389.2,2389.2,40.08,0,0,4,0,2226.05,0
CUST-2735,43,Female,Urban,11,Month-to-Month,2025-10-02,68.7,5,22,271.0,159.3,86.73,925.12,925.12,39.1,1,1,3,0,1124.02,1
CUST-2736,40,Female,Suburban,2,One-Year,2026-07-03,121.4,3,19,243.4,5.8,34.78,69.71,69.71,1.72,2,0,4,1,667.78,0
CUST-2737,61,Male,Urban,18,Month-to-Month,2025-03-03,88.0,3,26,308.1,26.6,138.57,2482.02,2482.02,99.17,2,0,3,0,1995.41,0
CUST-2738,56,Male,Rural,2,Month-to-Month,2026-07-03,86.7,8,26,624.6,27.6,72.19,140.33,140.33,19.74,3,0,3,1,1039.54,1
CUST-2739,32,Male,Urban,27,Month-to-Month,2024-06-03,104.3,3,19,756.6,15.5,101.47,2664.83,2664.83,4.01,2,1,4,1,1753.4,0
CUST-2740,66,Female,Urban,13,Month-to-Month,2025-08-02,89.8,3,12,742.6,37.2,129.74,1718.11,1718.11,50.96,1,0,3,0,1868.26,0
CUST-2741,21,Female,Urban,26,Month-to-Month,2024-07-03,94.2,4,18,535.1,89.6,102.03,2605.8,2605.8,70.56,1,0,4,0,1958.98,0
CUST-2742,46,Male,Urban,5,Month-to-Month,2026-04-02,92.9,5,20,309.9,6.8,108.0,566.25,566.25,92.82,2,0,3,0,1555.2,1
CUST-2743,39,Female,Urban,72,Month-to-Month,2020-09-04,80.7,9,22,228.7,72.4,126.09,8887.65,8887.65,24.71,4,0,4,0,2420.93,0
CUST-2744,42,Female,Urban,72,One-Year,2020-09-04,57.9,6,20,492.4,19.6,71.82,5195.8,5195.8,18.1,5,1,2,1,620.52,0
CUST-2745,30,Male,Urban,7,Two-Year,2026-02-01,137.8,2,14,269.5,66.8,107.34,719.31,719.31,30.65,1,1,3,1,1391.13,1
CUST-2746,35,Female,Suburban,14,Month-to-Month,2025-07-03,57.8,3,13,814.4,74.4,59.85,841.15,841.15,12.33,1,1,3,1,775.66,0
CUST-2747,50,Male,Suburban,32,Month-to-Month,2024-01-03,134.6,5,26,588.6,84.7,44.06,1404.37,1404.37,17.46,2,0,3,2,634.46,0
CUST-2748,33,Male,Urban,4,Month-to-Month,2026-05-03,95.2,7,11,451.5,128.6,157.76,621.53,621.53,27.11,1,0,4,1,3028.99,1
CUST-2749,62,Male,Suburban,15,Month-to-Month,2025-06-02,67.0,4,14,493.9,149.4,58.06,864.77,864.77,60.88,2,1,3,1,752.46,0
CUST-2750,59,Male,Suburban,10,Month-to-Month,2025-11-01,101.6,7,15,450.3,92.5,88.18,853.45,853.45,67.22,1,1,3,0,1142.81,0
CUST-2751,61,Male,Urban,72,Month-to-Month,2020-09-04,108.6,11,21,647.0,42.6,39.15,2909.07,2909.07,4.92,2,1,4,0,676.51,0
CUST-2752,19,Male,Rural,63,One-Year,2021-06-04,136.5,8,18,510.7,2.9,131.55,8637.22,8637.22,5.03,1,1,3,0,1704.89,0
CUST-2753,52,Female,Suburban,29,Month-to-Month,2024-04-03,45.5,8,16,334.6,179.8,64.53,1934.53,1934.53,7.13,2,0,4,0,1238.98,0
CUST-2754,59,Female,Urban,25,Month-to-Month,2024-08-02,80.8,2,14,512.3,59.8,124.41,3205.07,3205.07,31.75,0,0,5,0,2985.84,0
CUST-2755,51,Female,Urban,72,One-Year,2020-09-04,126.3,6,21,409.3,49.7,114.77,8303.42,8303.42,7.93,3,1,2,1,991.61,0
CUST-2756,47,Male,Urban,72,One-Year,2020-09-04,107.4,7,16,379.1,17.8,32.85,2325.85,2325.85,33.19,1,0,4,0,630.72,0
CUST-2757,30,Male,Urban,72,Month-to-Month,2020-09-04,99.6,3,17,391.0,74.9,119.19,8300.15,8300.15,45.23,2,2,2,0,915.38,1
CUST-2758,30,Male,Suburban,5,Month-to-Month,2026-04-02,129.4,6,17,421.8,341.0,187.62,968.1,968.1,68.44,3,2,2,1,1440.92,1
CUST-2759,35,Female,Urban,6,Month-to-Month,2026-03-03,79.6,4,15,20.0,26.0,88.82,508.59,508.59,70.69,2,0,4,0,1705.34,0
CUST-2760,49,Female,Suburban,38,Month-to-Month,2023-07-04,13.1,5,18,550.0,104.5,73.96,2720.83,2720.83,8.46,2,0,4,0,1420.03,0
CUST-2761,49,Male,Suburban,26,Month-to-Month,2024-07-03,74.0,7,13,571.5,22.4,91.03,2343.52,2343.52,13.1,1,0,4,0,1747.78,0
CUST-2762,52,Male,Suburban,1,Month-to-Month,2026-08-02,145.4,6,19,261.7,43.5,45.44,44.05,44.05,7.02,1,0,4,0,872.45,0
CUST-2763,56,Female,Suburban,3,Month-to-Month,2026-06-02,94.0,6,24,168.9,15.6,137.27,415.23,415.23,39.93,1,0,4,2,2635.58,1
CUST-2764,63,Male,Urban,72,One-Year,2020-09-04,59.7,5,19,711.1,46.7,74.02,5448.91,5448.91,40.63,5,0,2,0,710.59,0
CUST-2765,69,Male,Urban,67,One-Year,2021-02-03,125.0,6,15,838.1,40.0,83.55,5826.85,5826.85,0.14,4,1,3,0,1082.81,0
CUST-2766,46,Female,Suburban,15,Month-to-Month,2025-06-02,110.3,7,13,434.6,2.6,71.55,1042.17,1042.17,6.31,1,0,5,1,1717.2,1
CUST-2767,66,Female,Urban,72,Month-to-Month,2020-09-04,89.4,11,26,653.0,31.3,32.89,2315.89,2315.89,14.27,3,0,3,1,473.62,0
CUST-2768,46,Male,Urban,30,Month-to-Month,2024-03-03,102.6,3,17,422.2,4.2,29.58,906.63,906.63,8.13,2,1,4,0,511.14,0
CUST-2769,70,Male,Rural,54,Month-to-Month,2022-03-05,54.5,6,15,487.1,38.9,95.51,5011.6,5011.6,28.05,3,0,4,1,1833.79,0
CUST-2770,61,Female,Suburban,19,Month-to-Month,2025-02-01,74.1,4,16,377.7,254.8,120.99,2272.1,2272.1,1.44,1,0,4,0,2323.01,0
CUST-2771,33,Male,Urban,4,Two-Year,2026-05-03,83.1,11,22,585.9,22.5,141.83,581.7,581.7,61.25,3,0,3,0,2042.35,0
CUST-2772,61,Male,Suburban,19,One-Year,2025-02-01,118.0,8,24,507.4,47.1,62.34,1169.75,1169.75,21.97,2,2,2,0,478.77,1
CUST-2773,64,Male,Suburban,21,Two-Year,2024-12-02,68.5,6,18,703.8,9.1,68.73,1392.28,1392.28,31.53,5,0,3,0,989.71,0
CUST-2774,27,Male,Urban,27,One-Year,2024-06-03,84.2,4,17,390.9,10.9,140.23,3698.92,3698.92,30.35,5,0,3,1,2019.31,1
CUST-2775,47,Male,Urban,4,Two-Year,2026-05-03,128.2,5,15,532.5,28.6,34.79,133.33,133.33,20.97,0,0,5,0,834.96,0
CUST-2776,42,Female,Rural,72,One-Year,2020-09-04,160.7,6,15,594.8,43.7,105.46,7725.37,7725.37,29.33,2,1,2,1,911.17,0
CUST-2777,56,Male,Urban,10,Two-Year,2025-11-01,58.9,9,12,533.6,78.6,48.47,462.69,462.69,2.77,5,0,3,0,697.97,0
CUST-2778,37,Male,Urban,8,Month-to-Month,2026-01-01,89.2,5,24,512.7,39.7,139.78,1126.52,1126.52,16.99,5,1,2,0,1207.7,1
CUST-2779,22,Female,Urban,25,Month-to-Month,2024-08-02,39.8,11,19,713.0,2.0,58.43,1526.49,1526.49,43.31,1,4,2,3,336.56,1
CUST-2780,18,Female,Suburban,26,One-Year,2024-07-03,84.6,8,18,264.2,20.5,121.7,3278.07,3278.07,15.96,0,1,3,0,1577.23,0
CUST-2781,47,Female,Urban,20,Two-Year,2025-01-01,76.3,4,16,557.4,2.0,130.09,2490.69,2490.69,10.26,2,0,3,0,1873.3,0
CUST-2782,66,Female,Urban,49,Month-to-Month,2022-08-04,122.5,5,16,322.9,162.5,146.79,7346.98,7346.98,29.14,1,0,3,2,2113.78,0
CUST-2783,20,Male,Urban,24,Month-to-Month,2024-09-02,49.8,6,27,295.1,2.0,89.34,2184.92,2184.92,22.66,1,1,4,0,1543.8,1
CUST-2784,62,Female,Rural,31,Month-to-Month,2024-02-02,45.7,8,13,383.1,3.3,137.44,4174.74,4174.74,26.68,3,0,3,1,1979.14,0
CUST-2785,31,Male,Urban,43,One-Year,2023-02-02,130.6,7,22,515.9,23.0,106.26,4390.67,4390.67,111.28,1,1,3,0,1377.13,0
CUST-2786,47,Female,Suburban,1,Month-to-Month,2026-08-02,66.0,6,18,536.1,65.0,125.16,129.59,129.59,5.69,2,1,3,0,1622.07,1
CUST-2787,67,Male,Rural,28,One-Year,2024-05-03,90.9,7,14,408.8,28.8,57.39,1615.65,1615.65,33.54,3,0,4,0,1101.89,0
CUST-2788,21,Female,Urban,71,Two-Year,2020-10-04,93.9,5,25,597.5,4.1,73.73,5338.7,5338.7,1.09,3,0,4,0,1415.62,0
CUST-2789,35,Female,Rural,1,Two-Year,2026-08-02,61.4,3,21,611.5,117.6,111.43,110.96,110.96,36.46,2,0,4,1,2139.46,0
CUST-2790,54,Male,Rural,18,Month-to-Month,2025-03-03,61.4,4,16,779.8,78.3,53.51,936.44,936.44,7.69,3,0,4,0,1027.39,1
CUST-2791,42,Female,Rural,72,Month-to-Month,2020-09-04,118.8,8,27,376.9,32.8,140.98,9907.3,9907.3,57.56,0,0,5,0,3383.52,1
CUST-2792,65,Female,Urban,15,Month-to-Month,2025-06-02,105.3,2,20,315.6,73.4,48.63,731.99,731.99,11.0,0,0,4,1,933.7,0
CUST-2793,18,Female,Suburban,21,Month-to-Month,2024-12-02,84.5,3,17,470.6,20.9,112.41,2297.95,2297.95,17.94,3,2,2,0,863.31,1
CUST-2794,70,Male,Suburban,72,Month-to-Month,2020-09-04,80.9,5,22,200.6,48.8,38.99,2778.84,2778.84,25.38,4,0,4,1,748.61,0
CUST-2795,63,Female,Rural,8,One-Year,2026-01-01,94.5,6,19,849.7,138.1,57.52,440.58,440.58,32.95,3,0,4,0,1104.38,0
CUST-2796,32,Male,Urban,3,Month-to-Month,2026-06-02,96.5,4,19,392.3,7.4,97.79,307.91,307.91,12.44,3,1,2,0,844.91,1
CUST-2797,26,Male,Suburban,65,Two-Year,2021-04-04,122.8,6,19,307.1,122.0,95.33,6268.75,6268.75,5.97,3,0,2,0,915.17,0
CUST-2798,32,Male,Urban,67,Two-Year,2021-02-03,84.4,5,15,463.6,101.0,40.57,2621.98,2621.98,35.29,1,0,3,0,584.21,0
CUST-2799,66,Male,Urban,21,Month-to-Month,2024-12-02,98.3,3,11,467.6,193.6,99.31,2008.37,2008.37,20.41,2,2,2,0,762.7,1
CUST-2800,41,Female,Urban,24,Two-Year,2024-09-02,106.5,2,17,493.4,46.9,60.79,1456.52,1456.52,2.08,2,1,3,0,787.84,0
CUST-2801,21,Male,Suburban,60,One-Year,2021-09-03,107.1,7,22,532.8,20.9,128.37,7336.17,7336.17,26.94,1,2,3,0,1478.82,0
CUST-2802,29,Female,Urban,45,Month-to-Month,2022-12-03,128.5,8,19,276.7,28.3,110.68,4936.79,4936.79,22.03,1,0,4,0,2125.06,0
CUST-2803,54,Male,Urban,11,Month-to-Month,2025-10-02,84.6,7,15,513.7,66.4,119.77,1376.09,1376.09,25.13,3,0,3,0,1724.69,1
CUST-2804,54,Male,Rural,1,Month-to-Month,2026-08-02,68.0,4,21,399.3,9.9,135.84,140.23,140.23,3.96,0,3,3,0,1369.27,1
CUST-2805,60,Male,Urban,22,Month-to-Month,2024-11-02,74.3,15,28,371.4,28.2,110.86,2543.78,2543.78,22.42,0,1,3,1,1436.75,1
CUST-2806,23,Male,Suburban,65,One-Year,2021-04-04,104.2,12,17,615.3,84.3,56.1,3504.69,3504.69,47.86,2,0,3,0,807.84,0
CUST-2807,56,Male,Urban,72,Month-to-Month,2020-09-04,81.8,4,24,163.0,55.4,141.1,10027.95,10027.95,4.98,1,2,3,0,1625.47,1
CUST-2808,63,Male,Urban,72,One-Year,2020-09-04,153.6,4,6,580.6,4.2,38.64,2797.38,2797.38,34.2,3,0,4,0,741.89,0
CUST-2809,41,Female,Suburban,70,Month-to-Month,2020-11-03,85.4,5,17,772.2,44.6,53.85,3852.53,3852.53,6.86,0,1,4,1,930.53,0
CUST-2810,28,Male,Rural,29,Month-to-Month,2024-04-03,56.4,5,8,520.9,48.3,65.03,1865.59,1865.59,12.94,1,0,4,1,1248.58,1
CUST-2811,30,Male,Urban,20,One-Year,2025-01-01,94.7,4,11,812.6,78.4,56.9,1117.4,1117.4,15.77,3,0,3,1,819.36,0
CUST-2812,51,Male,Suburban,49,One-Year,2022-08-04,131.2,6,15,582.7,2.0,27.41,1316.91,1316.91,50.45,4,1,2,0,236.82,0
CUST-2813,42,Female,Urban,45,Month-to-Month,2022-12-03,60.5,9,15,400.0,36.4,83.26,3855.15,3855.15,8.97,1,1,3,0,1079.05,0
CUST-2814,24,Female,Urban,26,Month-to-Month,2024-07-03,59.7,6,21,308.4,141.5,125.34,3220.33,3220.33,10.71,0,0,4,1,2406.53,0
CUST-2815,69,Female,Urban,4,Two-Year,2026-05-03,79.4,8,13,428.1,2.0,73.74,280.69,280.69,71.43,4,0,3,2,1061.86,0
CUST-2816,21,Male,Urban,72,One-Year,2020-09-04,65.6,6,24,475.1,72.5,62.88,4649.7,4649.7,47.61,0,1,3,0,814.92,0
CUST-2817,25,Male,Urban,20,Month-to-Month,2025-01-01,44.5,5,21,398.6,16.4,129.0,2492.62,2492.62,24.7,0,2,4,0,1981.44,0
CUST-2818,37,Female,Urban,15,Month-to-Month,2025-06-02,38.8,4,11,586.3,31.9,74.43,1130.76,1130.76,13.29,1,0,3,1,1071.79,0
CUST-2819,46,Male,Urban,33,Month-to-Month,2023-12-03,92.0,7,15,211.7,140.1,142.48,4480.6,4480.6,54.91,4,0,3,0,2051.71,1
CUST-2820,71,Male,Urban,37,Month-to-Month,2023-08-04,106.5,10,12,252.9,29.3,49.92,1826.17,1826.17,28.94,1,1,3,0,646.96,1
CUST-2821,70,Male,Urban,8,One-Year,2026-01-01,64.0,9,22,488.9,51.2,71.03,565.74,565.74,14.04,3,1,3,0,920.55,0
CUST-2822,68,Male,Suburban,60,One-Year,2021-09-03,82.9,9,13,335.5,6.1,118.32,7435.05,7435.05,13.23,0,1,3,1,1533.43,0
CUST-2823,62,Male,Rural,12,One-Year,2025-09-02,90.5,3,23,419.9,25.5,32.33,371.98,371.98,21.39,2,0,3,0,465.55,0
CUST-2824,63,Female,Suburban,7,Month-to-Month,2026-02-01,51.8,7,16,222.4,9.9,132.35,949.75,949.75,103.93,5,0,3,0,1905.84,1
CUST-2825,27,Male,Urban,18,Two-Year,2025-03-03,110.8,5,11,393.9,53.6,78.64,1481.31,1481.31,36.08,1,2,2,2,603.96,0
CUST-2826,60,Female,Rural,44,Month-to-Month,2023-01-03,91.4,7,15,398.4,40.0,143.47,6171.85,6171.85,39.81,5,1,2,3,1239.58,1
CUST-2827,51,Male,Suburban,72,Two-Year,2020-09-04,100.7,10,20,336.2,20.0,108.65,7608.18,7608.18,17.12,2,0,4,0,2086.08,0
CUST-2828,43,Male,Urban,55,Month-to-Month,2022-02-02,105.4,6,16,520.0,500.0,209.18,12025.0,12025.0,131.38,2,0,4,0,4016.26,0
CUST-2829,58,Female,Urban,72,Month-to-Month,2020-09-04,157.8,5,21,259.9,10.8,34.24,2462.71,2462.71,18.29,2,0,4,1,657.41,0
CUST-2830,66,Male,Suburban,5,One-Year,2026-04-02,54.3,3,19,707.3,113.5,125.05,645.42,645.42,0.42,1,0,4,0,2400.96,0
CUST-2831,20,Female,Suburban,3,Month-to-Month,2026-06-02,58.2,6,22,501.4,2.4,126.03,389.23,389.23,56.54,4,0,3,0,1814.83,1
CUST-2832,23,Female,Suburban,27,One-Year,2024-06-03,135.5,7,21,332.2,122.0,156.86,4161.53,4161.53,25.17,3,0,3,1,2258.78,0
CUST-2833,22,Male,Suburban,12,One-Year,2025-09-02,104.6,5,11,20.0,42.1,35.16,408.73,408.73,5.7,3,1,2,0,303.78,0
CUST-2834,22,Female,Suburban,58,Month-to-Month,2021-11-03,87.1,10,14,804.3,114.5,51.73,3061.21,3061.21,0.81,4,0,3,1,744.91,0
CUST-2835,71,Male,Rural,37,One-Year,2023-08-04,70.7,3,15,547.4,89.4,122.55,4534.94,4534.94,169.69,1,1,2,1,1058.83,1
CUST-2836,64,Female,Urban,72,Month-to-Month,2020-09-04,78.0,8,15,647.8,55.3,37.77,2716.86,2716.86,36.48,0,2,3,0,435.11,0
CUST-2837,40,Male,Urban,10,Month-to-Month,2025-11-01,78.6,6,18,567.8,30.2,30.84,309.83,309.83,21.94,1,1,4,0,532.92,1
CUST-2838,66,Female,Suburban,22,Two-Year,2024-11-02,40.2,4,16,612.5,71.2,98.36,2061.27,2061.27,14.22,0,2,3,1,1133.11,0
CUST-2839,26,Male,Urban,23,Two-Year,2024-10-02,114.2,13,25,499.7,116.2,103.31,2258.53,2258.53,2.62,0,0,4,1,1983.55,0
CUST-2840,52,Female,Suburban,9,Month-to-Month,2025-12-02,24.7,10,18,519.8,45.5,102.38,904.29,904.29,36.28,1,0,4,0,1965.7,1
CUST-2841,37,Female,Rural,30,Month-to-Month,2024-03-03,59.5,5,21,484.0,34.8,31.84,938.36,938.36,16.11,2,0,3,0,458.5,0
CUST-2842,66,Female,Suburban,20,Month-to-Month,2025-01-01,72.0,6,15,600.7,10.0,84.38,1724.51,1724.51,160.11,2,0,4,0,1620.1,0
CUST-2843,59,Female,Suburban,20,One-Year,2025-01-01,149.3,5,16,608.1,147.3,80.06,1573.29,1573.29,4.02,4,0,3,0,1152.86,0
CUST-2844,52,Female,Urban,15,Two-Year,2025-06-02,82.0,5,22,520.2,20.2,114.98,1700.48,1700.48,9.89,1,1,4,1,1986.85,0
CUST-2845,67,Female,Urban,1,Month-to-Month,2026-08-02,94.5,3,12,612.5,8.6,66.33,66.66,66.66,18.08,3,0,3,0,955.15,1
CUST-2846,35,Male,Urban,25,One-Year,2024-08-02,58.7,5,27,624.7,4.5,66.68,1682.27,1682.27,55.88,0,0,4,0,1280.26,0
CUST-2847,34,Male,Suburban,14,Month-to-Month,2025-07-03,111.1,6,15,347.6,90.3,113.78,1566.36,1566.36,52.52,3,0,3,0,1638.43,1
CUST-2848,41,Male,Suburban,1,Month-to-Month,2026-08-02,173.6,4,22,341.1,73.1,111.93,112.58,112.58,9.8,4,1,2,0,967.08,1
CUST-2849,20,Male,Suburban,13,Two-Year,2025-08-02,99.7,0,17,603.3,8.3,32.96,433.53,433.53,15.69,0,0,4,0,632.83,0
CUST-2850,49,Male,Urban,11,Month-to-Month,2025-10-02,74.9,10,26,327.7,49.1,104.35,1120.44,1120.44,2.13,2,0,3,0,1502.64,1
CUST-2851,52,Female,Urban,17,Month-to-Month,2025-04-03,24.0,6,21,528.2,10.8,102.27,1692.65,1692.65,16.64,0,1,3,0,1325.42,0
CUST-2852,55,Male,Suburban,5,One-Year,2026-04-02,105.8,4,18,279.2,31.4,82.33,427.72,427.72,6.45,3,1,3,0,1067.0,0
CUST-2853,30,Female,Urban,24,Month-to-Month,2024-09-02,55.4,6,13,409.4,99.3,135.1,3290.21,3290.21,88.21,2,1,4,0,2334.53,1
CUST-2854,64,Male,Urban,39,Month-to-Month,2023-06-04,62.3,4,10,20.0,16.8,28.57,1093.18,1093.18,57.76,2,0,3,2,411.41,0
CUST-2855,42,Male,Suburban,33,Two-Year,2023-12-03,113.0,9,20,343.6,2.0,136.66,4532.68,4532.68,6.31,3,1,3,1,1771.11,1
CUST-2856,26,Female,Suburban,54,One-Year,2022-03-05,70.8,7,16,478.5,14.0,70.34,3877.14,3877.14,23.62,0,0,5,0,1688.16,0
CUST-2857,21,Female,Urban,20,One-Year,2025-01-01,82.2,8,20,313.7,33.3,98.49,1875.77,1875.77,111.22,2,1,2,0,850.95,1
CUST-2858,31,Female,Rural,25,Month-to-Month,2024-08-02,107.5,5,20,143.1,18.0,31.64,824.21,824.21,18.5,0,0,3,0,455.62,0
CUST-2859,54,Female,Urban,55,Month-to-Month,2022-02-02,63.8,5,23,309.1,83.3,119.01,6687.74,6687.74,20.8,1,1,3,0,1542.37,0
CUST-2860,51,Male,Rural,19,Two-Year,2025-02-01,46.3,7,21,394.9,101.2,102.7,1930.28,1930.28,14.62,4,0,3,2,1478.88,1
CUST-2861,28,Female,Urban,40,Month-to-Month,2023-05-04,98.9,8,13,541.0,17.9,138.12,5763.62,5763.62,23.72,2,1,2,1,1193.36,1
CUST-2862,58,Male,Urban,19,Month-to-Month,2025-02-01,107.6,7,13,441.8,20.3,76.64,1391.48,1391.48,31.77,3,0,4,1,1471.49,1
CUST-2863,20,Male,Rural,18,Month-to-Month,2025-03-03,67.7,10,25,280.4,53.4,116.02,2141.44,2141.44,3.3,3,0,2,0,1113.79,1
CUST-2864,45,Male,Urban,47,Month-to-Month,2022-10-04,66.2,7,21,645.1,90.8,47.15,2221.88,2221.88,3.4,2,0,3,0,678.96,0
CUST-2865,46,Male,Suburban,7,Month-to-Month,2026-02-01,52.0,8,16,762.3,208.2,63.65,452.89,452.89,51.29,0,2,3,0,733.25,0
CUST-2866,26,Male,Suburban,14,Two-Year,2025-07-03,106.4,3,21,316.7,23.2,137.62,1921.17,1921.17,142.11,1,0,4,0,2642.3,0
CUST-2867,20,Female,Rural,9,Two-Year,2025-12-02,142.6,6,14,774.2,157.3,77.72,674.8,674.8,23.65,3,2,3,0,895.33,0
CUST-2868,42,Female,Rural,15,One-Year,2025-06-02,112.9,6,19,402.4,13.0,131.88,1930.88,1930.88,69.16,0,1,4,0,2278.89,1
CUST-2869,51,Male,Urban,9,One-Year,2025-12-02,82.3,9,20,533.9,2.7,35.49,318.23,318.23,71.13,1,1,3,0,459.95,0
CUST-2870,29,Male,Suburban,29,Two-Year,2024-04-03,106.5,6,16,685.9,102.2,113.67,3434.5,3434.5,16.15,3,0,3,0,1636.85,0
CUST-2871,59,Male,Urban,53,One-Year,2022-04-04,60.0,5,21,675.2,42.3,94.78,4806.49,4806.49,13.96,2,3,2,1,636.92,1
CUST-2872,26,Male,Urban,51,Month-to-Month,2022-06-04,96.1,5,16,393.7,5.2,136.89,6705.42,6705.42,45.77,1,1,3,0,1774.09,0
CUST-2873,32,Female,Suburban,15,Month-to-Month,2025-06-02,52.4,8,16,677.6,4.8,72.18,1045.1,1045.1,84.48,1,0,4,0,1385.86,1
CUST-2874,57,Male,Urban,72,Month-to-Month,2020-09-04,81.3,9,24,546.3,2.0,30.87,2252.01,2252.01,67.25,1,0,4,0,592.7,0
CUST-2875,42,Female,Suburban,30,Month-to-Month,2024-03-03,117.3,5,19,425.6,23.8,83.09,2459.37,2459.37,13.46,0,1,4,1,1435.8,1
CUST-2876,22,Male,Urban,17,Month-to-Month,2025-04-03,109.4,4,24,321.8,86.4,132.74,2177.43,2177.43,15.35,1,2,2,0,1019.44,1
CUST-2877,28,Female,Suburban,60,Month-to-Month,2021-09-03,102.1,7,14,415.6,71.1,41.71,2407.99,2407.99,46.64,4,2,2,0,320.33,1
CUST-2878,51,Male,Rural,43,Month-to-Month,2023-02-02,97.5,6,9,583.6,500.0,104.16,4556.88,4556.88,13.37,2,0,3,0,1499.9,0
CUST-2879,41,Female,Urban,46,Month-to-Month,2022-11-03,62.9,3,11,381.3,58.6,128.29,5879.26,5879.26,66.86,1,2,3,0,1477.9,1
CUST-2880,32,Male,Suburban,8,Month-to-Month,2026-01-01,89.3,4,19,499.4,7.6,120.9,1003.25,1003.25,24.92,3,0,4,0,2321.28,1
CUST-2881,55,Female,Rural,21,Month-to-Month,2024-12-02,108.5,5,18,357.6,249.6,85.43,1776.81,1776.81,12.12,2,0,4,0,1640.26,0
CUST-2882,25,Male,Urban,65,One-Year,2021-04-04,77.7,5,17,612.6,76.8,112.12,7401.3,7401.3,11.81,5,0,2,0,1076.35,0
CUST-2883,22,Male,Urban,24,Month-to-Month,2024-09-02,78.9,6,20,295.4,30.5,36.96,913.28,913.28,53.63,2,1,2,1,319.33,1
CUST-2884,65,Female,Suburban,38,Two-Year,2023-07-04,70.9,8,12,856.9,18.4,115.81,4600.43,4600.43,4.66,2,1,2,1,1000.6,0
CUST-2885,43,Female,Urban,30,Two-Year,2024-03-03,76.5,7,17,493.4,16.3,62.55,1945.8,1945.8,94.05,7,1,1,0,270.22,1
CUST-2886,35,Female,Urban,61,One-Year,2021-08-04,61.8,6,15,330.8,203.4,82.02,5140.96,5140.96,18.67,0,1,4,0,1417.31,0
CUST-2887,23,Female,Suburban,11,One-Year,2025-10-02,85.7,8,16,357.8,35.3,108.23,1180.16,1180.16,65.01,2,0,3,0,1558.51,1
CUST-2888,54,Female,Urban,29,Two-Year,2024-04-03,75.4,4,23,266.8,43.4,136.33,4144.45,4144.45,55.01,2,0,3,0,1963.15,0
CUST-2889,65,Male,Rural,5,Month-to-Month,2026-04-02,40.8,2,22,636.6,117.8,47.45,231.67,231.67,52.88,2,2,1,0,182.21,1
CUST-2890,30,Male,Suburban,39,Two-Year,2023-06-04,163.0,5,12,508.3,215.8,73.9,2928.59,2928.59,39.28,1,0,4,0,1418.88,0
CUST-2891,45,Male,Suburban,44,One-Year,2023-01-03,53.9,5,14,508.9,2.0,54.71,2318.32,2318.32,24.22,1,0,4,0,1050.43,0
CUST-2892,22,Female,Urban,2,One-Year,2026-07-03,81.0,9,23,526.1,300.9,176.84,357.43,357.43,17.3,3,0,3,0,2546.5,1
CUST-2893,30,Male,Urban,37,Month-to-Month,2023-08-04,86.8,8,21,321.0,5.1,126.64,4774.66,4774.66,30.43,0,1,5,1,2735.42,0
CUST-2894,34,Male,Urban,18,Month-to-Month,2025-03-03,69.0,4,13,397.7,117.8,147.0,2537.59,2537.59,26.2,1,0,4,1,2822.4,0
CUST-2895,67,Female,Rural,5,One-Year,2026-04-02,82.3,6,17,119.1,195.1,97.78,478.88,478.88,15.13,2,0,3,2,1408.03,1
CUST-2896,57,Female,Urban,18,One-Year,2025-03-03,60.4,7,25,800.6,53.5,59.67,1089.26,1089.26,23.79,2,0,4,1,1145.66,0
CUST-2897,62,Male,Urban,8,One-Year,2026-01-01,106.8,5,17,205.5,52.2,54.86,443.36,443.36,15.9,3,0,3,0,789.98,1
CUST-2898,49,Male,Urban,18,Month-to-Month,2025-03-03,84.3,3,9,343.9,71.9,137.2,2511.14,2511.14,37.55,0,1,4,0,2370.82,1
CUST-2899,46,Male,Urban,16,Month-to-Month,2025-05-03,106.6,7,13,412.0,28.3,55.83,859.73,859.73,63.07,2,0,3,1,803.95,1
CUST-2900,68,Male,Urban,45,Month-to-Month,2022-12-03,129.1,7,15,493.2,11.8,87.81,3957.5,3957.5,54.11,1,0,3,0,1264.46,0
CUST-2901,20,Male,Suburban,49,Month-to-Month,2022-08-04,76.6,7,14,466.2,4.5,63.82,3260.9,3260.9,14.58,2,0,4,0,1225.34,0
CUST-2902,57,Female,Urban,31,Month-to-Month,2024-02-02,108.2,8,14,535.3,138.4,103.14,3342.43,3342.43,24.93,2,1,3,0,1336.69,0
CUST-2903,51,Female,Urban,1,Month-to-Month,2026-08-02,131.1,6,15,811.5,51.5,72.49,69.78,69.78,0.37,3,1,4,0,1252.63,0
CUST-2904,57,Female,Urban,72,Month-to-Month,2020-09-04,81.3,8,11,522.3,77.0,70.24,5256.74,5256.74,71.48,1,0,4,0,1348.61,0
CUST-2905,44,Male,Suburban,39,Month-to-Month,2023-06-04,105.7,9,27,255.7,26.2,78.08,3068.41,3068.41,9.85,1,1,4,0,1349.22,0
CUST-2906,30,Female,Suburban,2,Month-to-Month,2026-07-03,71.0,2,19,728.6,106.9,79.33,162.67,162.67,20.36,3,1,2,0,685.41,0
CUST-2907,62,Male,Urban,57,Two-Year,2021-12-04,120.9,10,8,710.6,28.0,125.76,6917.89,6917.89,5.79,2,0,4,0,2414.59,0
CUST-2908,50,Male,Suburban,8,One-Year,2026-01-01,70.0,13,18,507.6,2.0,92.08,754.16,754.16,39.67,1,0,5,0,2209.92,1
CUST-2909,23,Female,Urban,29,One-Year,2024-04-03,106.1,9,15,554.5,26.7,49.26,1367.27,1367.27,27.58,3,2,1,0,189.16,0
CUST-2910,41,Male,Rural,21,Month-to-Month,2024-12-02,114.9,6,19,326.7,123.5,70.65,1503.39,1503.39,15.88,3,2,2,0,542.59,1
CUST-2911,36,Male,Urban,18,One-Year,2025-03-03,49.6,10,14,637.2,135.6,51.5,942.58,942.58,26.81,3,0,3,0,741.6,1
CUST-2912,33,Female,Suburban,72,Month-to-Month,2020-09-04,65.0,9,27,296.2,177.4,86.07,6299.13,6299.13,6.47,0,0,4,0,1652.54,0
CUST-2913,57,Male,Rural,19,Two-Year,2025-02-01,63.8,4,20,329.5,45.0,108.74,1974.88,1974.88,52.31,4,0,3,0,1565.86,0
CUST-2914,45,Female,Suburban,3,One-Year,2026-06-02,117.4,9,13,578.9,203.9,76.63,227.23,227.23,10.82,1,1,4,2,1324.17,0
CUST-2915,50,Male,Urban,72,One-Year,2020-09-04,49.7,10,19,630.6,44.9,43.15,3182.73,3182.73,33.41,1,0,3,0,621.36,0
CUST-2916,65,Female,Urban,72,Two-Year,2020-09-04,94.8,5,13,287.5,10.9,63.55,4711.41,4711.41,80.38,2,0,4,0,1220.16,0
CUST-2917,58,Male,Suburban,38,Month-to-Month,2023-07-04,106.8,4,19,378.5,45.3,102.24,3852.29,3852.29,1.38,0,0,5,0,2453.76,0
CUST-2918,30,Male,Urban,21,Month-to-Month,2024-12-02,90.1,7,22,386.2,131.9,99.16,2011.98,2011.98,17.16,3,1,2,1,856.74,1
CUST-2919,60,Female,Suburban,4,One-Year,2026-05-03,123.2,6,16,641.2,100.1,78.22,312.86,312.86,5.07,4,0,3,1,1126.37,1
CUST-2920,62,Male,Suburban,52,Month-to-Month,2022-05-05,27.3,7,22,384.8,37.0,132.09,6971.89,6971.89,83.76,3,0,3,1,1902.1,0
CUST-2921,42,Male,Suburban,3,Month-to-Month,2026-06-02,103.2,3,13,393.1,15.5,81.21,253.87,253.87,15.62,0,0,4,0,1559.23,0
CUST-2922,70,Male,Urban,3,One-Year,2026-06-02,79.5,3,18,691.0,56.6,85.81,262.1,262.1,8.4,3,1,3,0,1112.1,1
CUST-2923,59,Male,Suburban,26,Month-to-Month,2024-07-03,39.8,4,16,194.2,174.0,54.74,1469.16,1469.16,39.5,6,0,2,0,525.5,1
CUST-2924,53,Male,Suburban,6,One-Year,2026-03-03,52.6,8,20,339.4,12.7,100.43,588.4,588.4,27.42,5,0,3,2,1446.19,1
CUST-2925,44,Male,Suburban,1,Two-Year,2026-08-02,132.0,8,17,20.0,114.1,94.93,98.09,98.09,59.43,2,0,3,0,1366.99,0
CUST-2926,55,Female,Urban,19,Month-to-Month,2025-02-01,104.0,7,21,41.5,10.4,43.24,830.76,830.76,48.95,7,3,1,1,145.29,1
CUST-2927,24,Male,Urban,5,Month-to-Month,2026-04-02,109.1,1,16,339.5,163.8,77.61,389.95,389.95,128.65,0,1,4,1,1341.1,1
CUST-2928,22,Male,Urban,6,Month-to-Month,2026-03-03,113.8,4,20,137.6,76.8,59.79,350.38,350.38,3.32,0,1,4,0,1033.17,0
CUST-2929,60,Male,Urban,3,Month-to-Month,2026-06-02,44.3,6,21,227.5,7.5,40.17,116.94,116.94,2.93,1,0,4,0,771.26,0
CUST-2930,62,Male,Suburban,8,Month-to-Month,2026-01-01,92.4,6,24,79.5,14.7,77.29,621.03,621.03,83.27,2,0,3,2,1112.98,1
CUST-2931,68,Female,Rural,42,Month-to-Month,2023-03-05,118.0,10,18,391.8,170.1,92.29,4027.91,4027.91,109.11,3,0,2,0,885.98,1
CUST-2932,48,Male,Urban,55,Month-to-Month,2022-02-02,72.9,4,16,570.1,46.0,73.32,3925.89,3925.89,18.27,0,2,3,0,844.65,1
CUST-2933,40,Female,Suburban,20,Month-to-Month,2025-01-01,125.9,9,16,439.9,39.3,59.82,1169.92,1169.92,21.3,0,1,4,0,1033.69,0
CUST-2934,59,Male,Urban,24,One-Year,2024-09-02,66.6,7,12,617.5,3.9,75.77,1899.93,1899.93,16.1,2,0,4,0,1454.78,0
CUST-2935,27,Female,Urban,2,Two-Year,2026-07-03,88.7,7,25,214.2,5.7,88.82,169.23,169.23,52.63,5,0,3,1,1279.01,1
CUST-2936,49,Female,Urban,3,One-Year,2026-06-02,96.9,5,22,764.3,76.5,106.79,319.9,319.9,51.56,1,0,4,1,2050.37,0
CUST-2937,60,Female,Urban,10,Month-to-Month,2025-11-01,107.6,8,19,432.3,97.5,64.91,650.97,650.97,8.71,1,1,3,0,841.23,1
CUST-2938,70,Female,Rural,26,Month-to-Month,2024-07-03,76.4,8,23,227.7,131.1,128.37,3396.27,3396.27,16.95,4,1,1,0,554.56,1
CUST-2939,47,Female,Urban,45,One-Year,2022-12-03,115.4,8,18,431.9,45.4,34.92,1523.31,1523.31,8.36,5,1,2,2,301.71,0
CUST-2940,56,Male,Suburban,31,Month-to-Month,2024-02-02,97.8,5,19,517.7,25.9,115.18,3596.08,3596.08,1.67,3,1,3,0,1492.73,1
CUST-2941,48,Male,Urban,17,Month-to-Month,2025-04-03,35.8,9,14,593.4,63.8,67.12,1096.48,1096.48,2.02,3,1,3,0,869.88,1
CUST-2942,35,Female,Rural,5,Two-Year,2026-04-02,140.1,9,12,679.6,62.7,76.96,375.83,375.83,5.56,1,0,5,0,1847.04,0
CUST-2943,53,Male,Urban,50,Month-to-Month,2022-07-04,56.3,5,20,467.9,2.3,92.13,4383.13,4383.13,1.06,0,0,4,0,1768.9,0
CUST-2944,19,Male,Urban,15,Month-to-Month,2025-06-02,142.6,6,21,438.1,181.6,122.44,1828.04,1828.04,19.26,4,1,3,0,1586.82,1
CUST-2945,31,Female,Urban,44,Two-Year,2023-01-03,80.3,11,21,512.3,66.9,83.46,3552.93,3552.93,2.32,1,1,4,0,1442.19,0
CUST-2946,30,Male,Urban,24,Two-Year,2024-09-02,74.7,4,20,677.7,2.0,133.16,3066.97,3066.97,65.8,1,0,4,1,2556.67,0
CUST-2947,46,Female,Urban,45,Month-to-Month,2022-12-03,97.0,3,18,318.1,208.6,155.0,6866.41,6866.41,43.58,0,0,4,0,2976.0,0
CUST-2948,29,Female,Rural,72,Month-to-Month,2020-09-04,64.0,6,18,297.2,198.3,80.62,5560.39,5560.39,53.58,2,1,3,0,1044.84,0
CUST-2949,56,Female,Suburban,72,One-Year,2020-09-04,28.4,7,16,433.3,189.6,121.17,8867.68,8867.68,33.63,2,1,3,0,1570.36,0
CUST-2950,19,Female,Suburban,26,One-Year,2024-07-03,81.7,5,14,651.2,142.8,129.34,3262.25,3262.25,38.16,3,0,4,2,2483.33,0
CUST-2951,49,Male,Urban,24,Month-to-Month,2024-09-02,96.3,4,16,355.1,13.3,51.94,1272.77,1272.77,4.21,0,1,4,0,897.52,0
CUST-2952,30,Male,Urban,11,One-Year,2025-10-02,131.1,7,18,582.8,245.7,63.97,727.58,727.58,2.1,2,1,3,1,829.05,0
CUST-2953,63,Male,Urban,72,Two-Year,2020-09-04,49.3,3,23,525.6,93.3,151.19,11148.35,11148.35,158.53,1,0,4,0,2902.85,0
CUST-2954,44,Male,Rural,21,Month-to-Month,2024-12-02,102.4,4,15,372.1,66.5,145.19,3129.13,3129.13,16.34,2,1,2,0,1254.44,1
CUST-2955,66,Female,Suburban,5,Two-Year,2026-04-02,81.9,7,20,342.5,185.8,89.71,455.0,455.0,1.84,0,1,4,0,1550.19,0
CUST-2956,58,Female,Rural,19,Two-Year,2025-02-01,86.0,3,20,512.1,31.2,57.18,1072.98,1072.98,6.09,1,1,3,0,741.05,0
CUST-2957,34,Male,Suburban,5,Month-to-Month,2026-04-02,114.2,10,23,239.9,174.1,68.9,339.28,339.28,72.56,3,1,2,0,595.3,1
CUST-2958,57,Male,Urban,23,One-Year,2024-10-02,69.7,8,20,693.7,60.5,113.1,2619.23,2619.23,8.06,1,1,3,1,1465.78,0
CUST-2959,48,Female,Urban,28,Month-to-Month,2024-05-03,90.0,7,18,722.4,56.3,120.3,3283.53,3283.53,22.03,2,0,3,0,1732.32,0
CUST-2960,51,Male,Urban,14,One-Year,2025-07-03,117.7,5,15,420.6,67.5,83.47,1150.43,1150.43,38.54,2,0,4,2,1602.62,0
CUST-2961,41,Male,Urban,3,One-Year,2026-06-02,115.9,3,18,800.6,91.2,66.6,192.91,192.91,118.21,2,1,3,1,863.14,0
CUST-2962,62,Male,Urban,72,Month-to-Month,2020-09-04,48.4,7,12,493.8,38.3,82.34,6094.56,6094.56,0.5,3,0,3,0,1185.7,0
CUST-2963,52,Female,Urban,49,One-Year,2022-08-04,66.6,3,13,359.4,256.3,122.82,6159.98,6159.98,23.4,4,0,4,0,2358.14,0
CUST-2964,65,Female,Suburban,60,One-Year,2021-09-03,80.7,7,19,381.0,6.0,88.4,5305.73,5305.73,193.53,0,1,4,0,1527.55,0
CUST-2965,23,Female,Rural,16,Month-to-Month,2025-05-03,109.4,4,20,414.4,159.3,99.89,1577.39,1577.39,4.54,0,0,5,0,2397.36,0
CUST-2966,36,Female,Suburban,47,Month-to-Month,2022-10-04,77.5,2,23,354.2,69.6,35.87,1719.05,1719.05,4.62,2,2,2,1,275.48,1
CUST-2967,47,Male,Rural,22,Month-to-Month,2024-11-02,87.5,13,18,301.4,156.5,102.72,2165.98,2165.98,3.19,4,2,1,1,394.44,1
CUST-2968,24,Male,Urban,8,One-Year,2026-01-01,122.5,2,19,646.3,29.9,69.42,530.24,530.24,24.81,2,0,3,1,999.65,0
CUST-2969,27,Female,Urban,5,Two-Year,2026-04-02,74.8,3,12,413.3,114.8,106.22,541.71,541.71,14.99,3,0,4,0,2039.42,0
CUST-2970,58,Male,Suburban,14,One-Year,2025-07-03,129.2,6,8,111.3,62.2,42.31,595.31,595.31,44.09,2,1,2,0,365.56,0
CUST-2971,49,Female,Urban,5,Month-to-Month,2026-04-02,36.8,5,22,891.0,115.6,143.45,733.98,733.98,29.64,2,0,4,0,2754.24,1
CUST-2972,51,Female,Urban,72,Month-to-Month,2020-09-04,73.2,5,14,567.4,25.5,129.51,9119.18,9119.18,30.43,1,0,4,1,2486.59,0
CUST-2973,45,Female,Urban,2,Month-to-Month,2026-07-03,44.0,6,20,113.1,162.0,114.18,219.42,219.42,25.04,1,0,5,0,2740.32,0
CUST-2974,32,Female,Urban,20,Month-to-Month,2025-01-01,88.5,3,20,188.4,167.7,134.93,2679.7,2679.7,169.28,1,0,4,1,2590.66,0
CUST-2975,47,Female,Urban,20,Month-to-Month,2025-01-01,107.5,7,17,150.5,41.9,81.64,1620.83,1620.83,27.11,3,1,3,1,1058.05,0
CUST-2976,54,Female,Urban,12,Month-to-Month,2025-09-02,80.2,3,16,469.3,33.2,97.87,1204.86,1204.86,2.63,2,0,3,0,1409.33,1
CUST-2977,46,Male,Urban,28,Month-to-Month,2024-05-03,70.8,5,21,530.7,55.6,104.38,2812.2,2812.2,13.61,3,1,1,0,450.92,1
CUST-2978,39,Male,Suburban,6,Two-Year,2026-03-03,44.2,6,17,495.3,14.5,67.88,425.45,425.45,53.1,2,2,2,0,521.32,0
CUST-2979,21,Male,Urban,51,One-Year,2022-06-04,135.4,9,18,360.2,44.6,142.18,6929.22,6929.22,34.65,2,0,3,0,2047.39,1
CUST-2980,37,Female,Urban,14,One-Year,2025-07-03,84.3,6,21,341.5,147.6,116.44,1599.67,1599.67,40.31,1,2,3,1,1341.39,0
CUST-2981,49,Male,Urban,30,Month-to-Month,2024-03-03,71.4,5,14,480.0,29.5,143.34,4387.5,4387.5,89.2,2,1,3,0,1857.69,1
CUST-2982,53,Female,Urban,42,Two-Year,2023-03-05,131.9,5,19,337.9,86.6,87.71,3763.93,3763.93,20.53,0,0,3,1,1263.02,0
CUST-2983,67,Male,Suburban,72,One-Year,2020-09-04,74.4,7,14,457.7,63.4,38.23,2771.02,2771.02,0.69,4,1,3,0,495.46,0
CUST-2984,21,Female,Suburban,60,Two-Year,2021-09-03,57.7,7,18,590.5,19.7,62.73,3602.31,3602.31,161.5,3,0,3,0,903.31,0
CUST-2985,44,Male,Suburban,31,Month-to-Month,2024-02-02,63.7,6,19,336.1,49.3,107.24,3442.91,3442.91,21.22,2,0,3,0,1544.26,1
CUST-2986,34,Female,Urban,17,Month-to-Month,2025-04-03,59.3,6,22,698.2,124.4,148.36,2556.1,2556.1,3.59,1,0,3,1,2136.38,0
CUST-2987,29,Female,Suburban,23,Month-to-Month,2024-10-02,53.0,5,18,205.4,52.6,103.64,2445.42,2445.42,27.84,0,0,4,0,1989.89,0
CUST-2988,39,Male,Suburban,49,Month-to-Month,2022-08-04,64.2,7,17,369.2,77.6,90.89,4402.94,4402.94,31.22,4,0,3,1,1308.82,0
CUST-2989,34,Male,Urban,69,One-Year,2020-12-04,157.4,10,13,450.7,97.1,48.85,3284.15,3284.15,29.08,2,0,4,2,937.92,0
CUST-2990,27,Female,Urban,4,Two-Year,2026-05-03,50.5,6,19,209.2,3.3,42.14,172.27,172.27,117.25,3,0,3,1,606.82,0
CUST-2991,71,Male,Urban,16,Month-to-Month,2025-05-03,40.2,8,17,478.5,3.4,31.66,522.54,522.54,13.48,2,0,3,1,455.9,1
CUST-2992,18,Male,Suburban,50,Month-to-Month,2022-07-04,93.3,5,15,525.3,7.9,107.98,5567.73,5567.73,1.23,1,0,4,0,2073.22,0
CUST-2993,39,Female,Suburban,19,One-Year,2025-02-01,82.7,6,18,221.9,11.6,122.31,2374.36,2374.36,88.29,1,1,3,0,1585.14,0
CUST-2994,43,Female,Urban,14,Month-to-Month,2025-07-03,104.8,9,23,324.3,108.4,60.18,812.1,812.1,7.43,5,1,2,0,519.96,1
CUST-2995,35,Female,Suburban,18,One-Year,2025-03-03,68.4,4,18,329.7,37.2,67.98,1189.6,1189.6,48.44,2,2,3,0,783.13,0
CUST-2996,67,Male,Urban,31,One-Year,2024-02-02,58.9,7,18,168.8,13.3,82.1,2545.21,2545.21,7.99,1,0,4,0,1576.32,0
CUST-2997,31,Male,Urban,72,Month-to-Month,2020-09-04,135.2,6,16,493.5,49.3,48.82,3517.62,3517.62,61.81,3,0,3,1,703.01,0
CUST-2998,64,Female,Rural,23,One-Year,2024-10-02,36.6,4,19,411.0,93.7,86.91,1996.64,1996.64,82.9,3,0,4,0,1668.67,0
CUST-2999,46,Female,Rural,8,Month-to-Month,2026-01-01,95.8,2,17,284.6,9.8,137.66,1137.19,1137.19,3.9,2,1,3,1,1784.07,1
CUST-3000,29,Female,Urban,6,Two-Year,2026-03-03,105.7,9,22,397.3,27.4,111.82,645.79,645.79,5.58,1,3,2,0,751.43,1
CUST-3001,53,Male,Urban,2,One-Year,2026-07-03,109.7,4,26,444.8,14.0,46.3,95.31,95.31,90.79,2,0,4,1,888.96,0
CUST-3002,52,Male,Urban,27,Two-Year,2024-06-03,75.9,7,20,45.3,67.6,46.5,1195.53,1195.53,51.55,2,2,3,0,535.68,0
CUST-3003,69,Male,Urban,26,Month-to-Month,2024-07-03,47.6,8,14,439.6,9.6,77.63,1982.67,1982.67,1.39,2,1,3,0,1006.08,0
CUST-3004,29,Male,Suburban,8,Month-to-Month,2026-01-01,130.0,2,21,309.9,98.7,153.43,1190.19,1190.19,7.04,0,0,4,0,2945.86,1
CUST-3005,24,Male,Rural,40,Month-to-Month,2023-05-04,71.6,6,22,137.9,15.1,118.5,4752.63,4752.63,18.59,2,2,1,0,455.04,1
CUST-3006,46,Male,Suburban,45,Month-to-Month,2022-12-03,130.9,8,16,572.7,3.9,59.3,2674.88,2674.88,69.88,2,0,4,0,1138.56,1
CUST-3007,28,Female,Urban,10,Two-Year,2025-11-01,96.0,8,23,308.0,157.1,51.59,516.24,516.24,5.73,0,2,3,0,594.32,0
CUST-3008,50,Male,Suburban,14,Month-to-Month,2025-07-03,70.5,7,20,748.2,26.3,76.25,1044.96,1044.96,45.08,0,0,3,0,1098.0,1
CUST-3009,23,Female,Urban,72,Two-Year,2020-09-04,96.8,2,18,459.8,45.4,50.27,3627.33,3627.33,3.06,2,2,2,2,386.07,0
CUST-3010,64,Female,Rural,16,Month-to-Month,2025-05-03,119.5,6,18,452.5,6.9,46.77,763.72,763.72,22.03,1,2,3,1,538.79,1
CUST-3011,32,Female,Rural,47,Month-to-Month,2022-10-04,87.5,4,16,544.9,42.4,50.03,2326.43,2326.43,45.7,0,0,4,0,960.58,0
CUST-3012,49,Male,Suburban,20,Two-Year,2025-01-01,62.9,8,15,771.6,16.4,110.21,2298.68,2298.68,2.34,1,0,3,0,1587.02,0
CUST-3013,68,Female,Urban,52,Month-to-Month,2022-05-05,31.4,3,21,342.4,119.3,47.01,2339.03,2339.03,8.0,3,2,2,0,361.04,1
CUST-3014,28,Female,Urban,49,One-Year,2022-08-04,72.3,12,11,665.7,81.3,102.14,5248.65,5248.65,54.93,6,1,2,0,882.49,1
CUST-3015,40,Female,Urban,37,Month-to-Month,2023-08-04,109.2,3,15,380.4,70.8,122.15,4637.68,4637.68,6.25,0,0,4,0,2345.28,0
CUST-3016,43,Female,Suburban,64,Two-Year,2021-05-05,54.7,4,17,392.2,98.8,57.81,3734.31,3734.31,38.54,2,1,3,0,749.22,0
CUST-3017,51,Female,Urban,72,One-Year,2020-09-04,105.4,8,16,428.2,22.6,131.08,9157.78,9157.78,35.97,0,0,5,0,3145.92,0
CUST-3018,63,Female,Urban,29,One-Year,2024-04-03,85.8,5,24,412.2,39.3,39.88,1171.24,1171.24,25.72,2,0,4,0,765.7,0
CUST-3019,51,Male,Urban,9,Month-to-Month,2025-12-02,107.4,8,19,394.4,5.9,104.39,967.89,967.89,7.88,3,3,1,0,350.75,1
CUST-3020,46,Female,Suburban,17,Month-to-Month,2025-04-03,14.8,5,16,184.2,4.6,45.46,753.78,753.78,18.88,1,1,4,0,785.55,1
CUST-3021,21,Male,Urban,47,Two-Year,2022-10-04,42.4,2,23,437.1,25.9,121.59,5451.79,5451.79,34.03,1,0,4,0,2334.53,0
CUST-3022,34,Female,Rural,35,Two-Year,2023-10-03,71.1,5,20,390.9,112.5,107.58,3743.74,3743.74,74.72,4,0,2,1,1032.77,0
CUST-3023,52,Male,Rural,7,Month-to-Month,2026-02-01,141.0,4,20,644.6,59.2,101.64,697.57,697.57,55.96,0,0,4,0,1951.49,0
CUST-3024,30,Male,Rural,2,Month-to-Month,2026-07-03,62.4,8,16,436.5,35.9,70.18,137.36,137.36,32.72,1,3,1,1,235.8,1
CUST-3025,58,Female,Urban,38,Month-to-Month,2023-07-04,81.2,7,16,130.9,221.7,90.83,3529.13,3529.13,9.08,2,0,4,0,1743.94,0
CUST-3026,56,Female,Urban,10,Month-to-Month,2025-11-01,149.5,6,29,376.1,37.9,83.97,810.15,810.15,8.55,3,1,3,0,1088.25,1
CUST-3027,32,Male,Urban,23,One-Year,2024-10-02,97.9,8,23,548.4,41.1,118.31,2762.2,2762.2,58.85,1,0,4,0,2271.55,0
CUST-3028,46,Male,Urban,46,Month-to-Month,2022-11-03,110.8,15,19,175.4,318.3,92.09,4050.29,4050.29,38.22,2,1,3,0,1193.49,1
CUST-3029,46,Female,Urban,28,Month-to-Month,2024-05-03,65.7,5,14,74.9,9.2,120.24,3508.08,3508.08,15.51,2,0,3,0,1731.46,1
CUST-3030,28,Male,Suburban,3,One-Year,2026-06-02,120.4,8,17,539.7,19.2,83.06,251.33,251.33,124.5,1,2,3,0,956.85,1
CUST-3031,69,Female,Urban,7,Month-to-Month,2026-02-01,124.9,4,12,619.5,39.3,82.89,605.24,605.24,77.18,0,0,4,1,1591.49,0
CUST-3032,49,Male,Rural,9,One-Year,2025-12-02,100.0,7,16,576.6,55.1,35.17,328.17,328.17,38.96,0,0,4,0,675.26,0
CUST-3033,19,Female,Urban,10,Two-Year,2025-11-01,82.4,3,17,633.6,10.4,40.85,423.61,423.61,16.13,3,0,3,0,588.24,1
CUST-3034,64,Female,Suburban,28,Month-to-Month,2024-05-03,101.8,6,18,266.3,25.9,78.56,2116.04,2116.04,12.92,2,0,3,0,1131.26,1
CUST-3035,31,Male,Suburban,24,One-Year,2024-09-02,36.2,10,21,496.3,16.2,140.28,3432.67,3432.67,98.11,3,2,2,0,1077.35,1
CUST-3036,37,Male,Suburban,8,Month-to-Month,2026-01-01,117.7,4,18,516.0,123.3,72.26,572.32,572.32,20.51,2,0,3,1,1040.54,1
CUST-3037,39,Male,Rural,3,Month-to-Month,2026-06-02,59.5,3,13,654.8,117.0,43.72,130.62,130.62,56.33,2,2,3,0,503.65,1
CUST-3038,28,Female,Suburban,7,Month-to-Month,2026-02-01,76.6,6,21,628.7,17.8,77.8,532.57,532.57,98.31,1,0,4,0,1493.76,1
CUST-3039,44,Female,Rural,72,Month-to-Month,2020-09-04,124.5,7,19,579.0,37.1,32.4,2248.78,2248.78,23.71,2,0,3,0,466.56,0
CUST-3040,20,Female,Urban,21,Month-to-Month,2024-12-02,117.9,5,19,340.7,68.5,73.95,1522.87,1522.87,37.06,2,0,4,0,1419.84,1
CUST-3041,34,Male,Urban,67,Month-to-Month,2021-02-03,36.4,8,19,121.7,3.2,66.2,4457.37,4457.37,3.16,1,2,4,0,1016.83,0
CUST-3042,61,Male,Urban,63,Two-Year,2021-06-04,56.6,7,23,80.9,139.8,46.24,2886.91,2886.91,37.0,2,0,4,0,887.81,0
CUST-3043,45,Male,Urban,24,One-Year,2024-09-02,104.2,5,23,547.0,46.5,121.63,2978.64,2978.64,8.48,3,1,2,0,1050.88,1
CUST-3044,46,Male,Urban,41,Two-Year,2023-04-04,32.8,2,16,600.6,16.7,132.48,5615.83,5615.83,38.86,0,1,3,2,1716.94,0
CUST-3045,38,Female,Urban,8,One-Year,2026-01-01,127.6,5,20,318.6,32.9,144.79,1124.81,1124.81,3.73,3,2,2,0,1111.99,1
CUST-3046,64,Female,Urban,39,Month-to-Month,2023-06-04,88.5,6,28,571.3,150.8,106.12,3955.04,3955.04,23.93,0,0,4,1,2037.5,1
CUST-3047,33,Female,Urban,11,Month-to-Month,2025-10-02,127.4,4,25,542.7,2.0,60.56,698.86,698.86,25.76,1,1,3,0,784.86,1
CUST-3048,54,Male,Urban,59,Month-to-Month,2021-10-04,62.7,7,20,255.9,10.0,109.01,6677.69,6677.69,23.13,3,2,2,0,837.2,1
CUST-3049,37,Female,Rural,3,Month-to-Month,2026-06-02,65.3,8,18,652.7,13.9,111.78,327.46,327.46,49.47,2,1,3,0,1448.67,1
CUST-3050,23,Female,Urban,49,One-Year,2022-08-04,116.0,3,19,508.5,4.0,69.21,3276.87,3276.87,49.16,2,0,3,1,996.62,0
CUST-3051,36,Female,Suburban,4,Month-to-Month,2026-05-03,76.1,1,16,86.0,16.6,92.53,386.81,386.81,42.89,4,0,3,0,1332.43,1
CUST-3052,22,Female,Urban,70,Month-to-Month,2020-11-03,47.8,4,15,367.4,110.4,136.07,9270.05,9270.05,34.95,2,0,2,0,1306.27,1
CUST-3053,20,Male,Rural,12,Month-to-Month,2025-09-02,101.8,5,23,630.3,48.7,54.06,630.68,630.68,82.16,1,0,4,0,1037.95,0
CUST-3054,18,Male,Rural,35,Month-to-Month,2023-10-03,37.2,4,23,312.8,60.4,36.42,1224.97,1224.97,30.0,3,1,3,1,472.0,1
CUST-3055,55,Female,Suburban,22,Month-to-Month,2024-11-02,128.3,3,17,637.8,11.0,88.72,1910.44,1910.44,14.99,2,1,2,0,766.54,1
CUST-3056,32,Male,Suburban,15,Month-to-Month,2025-06-02,90.5,5,22,667.0,21.2,104.59,1622.35,1622.35,2.14,2,0,4,0,2008.13,1
CUST-3057,51,Male,Urban,35,One-Year,2023-10-03,58.3,4,17,311.1,162.2,115.45,4068.97,4068.97,26.86,0,0,4,1,2216.64,0
CUST-3058,52,Female,Rural,72,Month-to-Month,2020-09-04,119.4,9,15,260.8,15.4,95.87,6621.0,6621.0,9.05,4,0,3,0,1380.53,1
CUST-3059,66,Female,Rural,2,One-Year,2026-07-03,119.9,10,21,565.8,154.2,93.34,195.41,195.41,17.13,3,2,2,0,716.85,1
CUST-3060,42,Female,Rural,72,Month-to-Month,2020-09-04,85.1,3,20,539.3,70.7,110.53,7989.59,7989.59,1.79,0,0,5,0,2652.72,0
CUST-3061,41,Male,Suburban,31,Month-to-Month,2024-02-02,153.3,6,15,552.6,45.4,36.74,1129.45,1129.45,35.84,2,2,3,1,423.24,0
CUST-3062,29,Male,Urban,55,One-Year,2022-02-02,152.6,5,11,424.4,12.4,44.25,2502.93,2502.93,76.22,2,0,3,0,637.2,0
CUST-3063,35,Female,Rural,16,One-Year,2025-05-03,94.7,2,14,707.0,72.8,87.07,1401.53,1401.53,13.76,1,0,4,0,1671.74,0
CUST-3064,32,Female,Urban,21,Month-to-Month,2024-12-02,117.0,6,13,611.6,141.4,154.65,3376.18,3376.18,57.19,2,0,4,0,2969.28,1
CUST-3065,61,Female,Suburban,67,Two-Year,2021-02-03,124.3,4,12,370.9,11.3,100.81,6890.94,6890.94,4.73,4,0,2,3,967.78,0
CUST-3066,33,Female,Urban,18,Month-to-Month,2025-03-03,51.0,8,21,576.2,2.0,66.16,1210.91,1210.91,44.95,3,1,2,0,571.62,1
CUST-3067,44,Female,Rural,26,Month-to-Month,2024-07-03,93.6,8,19,475.8,87.6,90.8,2322.5,2322.5,2.91,2,0,3,0,1307.52,0
CUST-3068,25,Female,Urban,1,One-Year,2026-08-02,64.5,6,11,189.5,59.6,131.19,137.62,137.62,10.47,1,0,4,0,2518.85,1
CUST-3069,63,Male,Urban,6,One-Year,2026-03-03,60.3,7,23,177.7,45.5,94.2,573.79,573.79,15.63,1,1,3,0,1220.83,0
CUST-3070,42,Female,Suburban,34,Month-to-Month,2023-11-03,88.6,1,20,444.1,39.6,36.44,1231.76,1231.76,5.97,1,0,4,0,699.65,0
CUST-3071,34,Female,Suburban,42,Month-to-Month,2023-03-05,90.9,9,19,347.7,44.7,79.65,3227.38,3227.38,7.14,0,2,4,0,1223.42,1
CUST-3072,46,Female,Suburban,29,Two-Year,2024-04-03,36.6,4,16,263.2,30.5,74.2,2163.77,2163.77,42.01,2,2,2,1,569.86,0
CUST-3073,70,Male,Urban,6,Month-to-Month,2026-03-03,95.3,7,15,376.3,5.6,129.33,788.88,788.88,3.52,5,0,2,0,1241.57,1
CUST-3074,25,Female,Urban,20,Month-to-Month,2025-01-01,77.5,6,23,551.0,97.2,74.7,1474.8,1474.8,95.08,0,1,4,0,1290.82,0
CUST-3075,32,Male,Suburban,15,Month-to-Month,2025-06-02,126.9,2,18,504.1,41.0,38.59,553.65,553.65,51.19,1,0,4,0,740.93,0
CUST-3076,44,Female,Rural,23,Two-Year,2024-10-02,119.9,6,16,447.3,113.3,82.8,1961.23,1961.23,15.44,2,0,4,1,1589.76,0
CUST-3077,63,Male,Suburban,68,Month-to-Month,2021-01-03,59.3,8,18,155.8,261.9,69.34,4787.72,4787.72,34.68,2,0,3,0,998.5,1
CUST-3078,67,Female,Urban,50,One-Year,2022-07-04,124.4,7,14,114.4,12.2,122.55,6240.59,6240.59,44.48,1,2,2,0,941.18,0
CUST-3079,69,Male,Rural,3,One-Year,2026-06-02,101.1,4,20,689.7,102.5,108.25,316.47,316.47,31.59,2,0,4,1,2078.4,1
CUST-3080,24,Male,Urban,72,Month-to-Month,2020-09-04,78.5,6,15,436.6,246.7,115.98,8042.18,8042.18,33.71,1,0,4,0,2226.82,0
CUST-3081,20,Male,Urban,21,One-Year,2024-12-02,69.6,10,12,596.3,83.8,78.95,1650.0,1650.0,86.68,2,2,2,2,606.34,0
CUST-3082,46,Female,Urban,45,Two-Year,2022-12-03,50.6,8,20,473.6,18.4,75.78,3321.88,3321.88,74.53,2,0,3,0,1091.23,0
CUST-3083,61,Male,Urban,5,Month-to-Month,2026-04-02,48.5,3,15,315.8,147.4,137.72,707.95,707.95,85.79,0,3,3,0,1388.22,1
CUST-3084,70,Male,Suburban,37,Month-to-Month,2023-08-04,30.2,3,16,377.6,102.4,61.07,2266.81,2266.81,75.76,1,0,4,0,1172.54,0
CUST-3085,41,Female,Urban,9,Two-Year,2025-12-02,85.6,3,14,659.7,38.8,39.03,338.34,338.34,40.48,3,1,3,0,505.83,0
CUST-3086,20,Male,Urban,19,One-Year,2025-02-01,23.2,6,18,555.5,55.2,97.89,1803.42,1803.42,23.69,0,1,3,3,1268.65,0
CUST-3087,37,Female,Urban,1,Month-to-Month,2026-08-02,59.0,8,19,310.5,83.2,136.25,141.52,141.52,23.39,2,2,3,0,1569.6,1
CUST-3088,63,Female,Urban,6,One-Year,2026-03-03,104.7,5,15,611.3,8.6,90.95,552.88,552.88,51.68,2,1,3,0,1178.71,1
CUST-3089,32,Female,Suburban,4,One-Year,2026-05-03,129.8,3,16,313.0,170.1,142.07,562.63,562.63,90.17,1,0,4,0,2727.74,0
CUST-3090,42,Male,Urban,9,One-Year,2025-12-02,50.5,9,20,521.4,284.5,170.35,1567.0,1567.0,3.23,2,0,4,2,3270.72,1
CUST-3091,47,Female,Urban,4,Two-Year,2026-05-03,103.3,6,24,154.0,26.1,37.75,155.66,155.66,73.3,0,2,3,0,434.88,0
CUST-3092,31,Male,Suburban,39,Month-to-Month,2023-06-04,75.7,3,23,415.1,81.6,105.0,3937.11,3937.11,66.32,3,0,3,0,1512.0,0
CUST-3093,24,Male,Suburban,1,Month-to-Month,2026-08-02,69.5,6,22,495.8,35.6,126.1,130.41,130.41,3.21,1,0,4,0,2421.12,0
CUST-3094,34,Male,Suburban,32,One-Year,2024-01-03,89.6,4,21,348.1,2.0,99.31,3319.83,3319.83,37.4,0,0,4,0,1906.75,0
CUST-3095,61,Female,Urban,5,Month-to-Month,2026-04-02,65.4,4,17,589.3,207.2,124.1,595.06,595.06,125.01,5,1,2,0,1072.22,1
CUST-3096,37,Male,Rural,72,One-Year,2020-09-04,82.5,4,18,233.8,10.0,117.13,8285.0,8285.0,66.79,1,0,4,0,2248.9,0
CUST-3097,53,Female,Rural,72,Month-to-Month,2020-09-04,87.1,5,17,585.6,5.1,107.09,7454.44,7454.44,2.27,2,1,3,0,1387.89,1
CUST-3098,26,Female,Suburban,9,Month-to-Month,2025-12-02,119.8,9,23,509.3,118.0,100.38,897.09,897.09,90.75,1,0,5,1,2409.12,0
CUST-3099,55,Male,Suburban,32,Month-to-Month,2024-01-03,126.3,8,19,310.6,2.2,30.4,945.57,945.57,6.65,4,0,3,1,437.76,1
CUST-3100,65,Male,Urban,1,One-Year,2026-08-02,67.0,2,21,154.8,75.7,106.89,105.42,105.42,2.63,3,2,2,0,820.92,1
CUST-3101,39,Female,Rural,72,One-Year,2020-09-04,76.9,7,23,734.3,172.9,75.45,5292.22,5292.22,9.05,0,0,5,1,1810.8,0
CUST-3102,71,Female,Urban,25,Month-to-Month,2024-08-02,109.1,5,14,444.8,33.9,59.3,1408.91,1408.91,23.11,4,1,2,0,512.35,1
CUST-3103,70,Female,Urban,2,Month-to-Month,2026-07-03,79.6,7,10,351.7,4.6,103.84,197.69,197.69,59.1,4,0,3,1,1495.3,1
CUST-3104,70,Male,Urban,14,Month-to-Month,2025-07-03,106.4,5,25,379.4,16.0,79.51,1114.8,1114.8,10.88,3,1,2,0,686.97,1
CUST-3105,19,Male,Urban,3,One-Year,2026-06-02,112.1,4,24,273.5,192.6,136.32,409.52,409.52,17.31,1,1,2,0,1177.8,1
CUST-3106,41,Male,Rural,17,Month-to-Month,2025-04-03,115.6,5,18,567.4,40.7,76.25,1236.11,1236.11,5.32,2,0,4,0,1464.0,1
CUST-3107,25,Male,Suburban,37,One-Year,2023-08-04,87.6,8,13,473.0,50.7,132.65,5005.95,5005.95,12.06,2,2,3,2,1528.13,0
CUST-3108,28,Male,Suburban,21,Month-to-Month,2024-12-02,50.1,7,12,197.4,11.0,75.77,1515.89,1515.89,81.32,0,1,4,0,1309.31,0
CUST-3109,30,Female,Suburban,16,Month-to-Month,2025-05-03,80.0,10,13,459.4,162.6,106.18,1696.6,1696.6,39.97,2,1,2,0,917.4,1
CUST-3110,34,Male,Urban,5,One-Year,2026-04-02,69.8,4,23,213.0,47.3,46.62,230.66,230.66,39.22,0,1,4,0,805.59,0
CUST-3111,25,Male,Urban,10,Month-to-Month,2025-11-01,108.3,5,20,592.4,48.9,90.25,937.07,937.07,10.06,4,2,2,0,693.12,1
CUST-3112,38,Female,Suburban,4,Month-to-Month,2026-05-03,130.8,4,14,312.6,55.8,60.94,245.62,245.62,5.53,1,0,4,1,1170.05,1
CUST-3113,35,Female,Suburban,55,Month-to-Month,2022-02-02,131.6,5,15,659.7,94.8,126.96,7207.94,7207.94,76.45,1,0,4,1,2437.63,0
CUST-3114,47,Male,Urban,5,Month-to-Month,2026-04-02,111.6,6,19,715.4,14.7,109.33,573.89,573.89,100.66,0,2,2,0,839.65,1
CUST-3115,35,Female,Suburban,30,Month-to-Month,2024-03-03,57.0,6,21,380.1,185.4,54.64,1586.32,1586.32,1.93,0,0,4,0,1049.09,0
CUST-3116,63,Male,Urban,14,Month-to-Month,2025-07-03,127.1,5,12,310.6,12.5,83.67,1120.16,1120.16,26.44,0,1,3,0,1084.36,0
CUST-3117,64,Male,Urban,9,One-Year,2025-12-02,97.8,2,26,183.6,14.3,32.36,299.23,299.23,20.28,2,0,4,1,621.31,0
CUST-3118,48,Male,Urban,34,One-Year,2023-11-03,60.3,3,19,106.9,2.0,90.77,3126.79,3126.79,46.93,1,1,3,0,1176.38,0
CUST-3119,55,Female,Urban,21,One-Year,2024-12-02,110.9,11,15,179.9,2.0,128.99,2745.13,2745.13,12.57,0,1,4,0,2228.95,0
CUST-3120,49,Male,Suburban,17,Month-to-Month,2025-04-03,78.4,4,19,352.6,36.4,130.19,2172.56,2172.56,33.92,1,1,3,0,1687.26,1
CUST-3121,28,Male,Suburban,30,One-Year,2024-03-03,26.5,5,14,20.0,13.1,55.01,1584.69,1584.69,3.02,3,2,1,1,211.24,1
CUST-3122,62,Male,Urban,23,One-Year,2024-10-02,55.6,5,21,582.8,15.5,43.43,1020.99,1020.99,60.6,1,0,4,0,833.86,0
CUST-3123,42,Female,Suburban,12,Month-to-Month,2025-09-02,83.0,5,20,535.6,287.1,159.04,1916.75,1916.75,9.55,1,2,2,1,1221.43,1
CUST-3124,50,Male,Suburban,27,One-Year,2024-06-03,81.9,5,21,536.1,172.2,113.64,3068.74,3068.74,13.19,1,0,4,0,2181.89,0
CUST-3125,55,Male,Urban,37,Two-Year,2023-08-04,53.1,4,19,660.9,25.3,77.54,2936.68,2936.68,16.63,1,0,3,1,1116.58,0
CUST-3126,58,Male,Urban,1,Month-to-Month,2026-08-02,107.5,8,20,240.2,27.3,122.31,128.29,128.29,8.1,3,0,3,1,1761.26,1
CUST-3127,25,Male,Rural,21,Two-Year,2024-12-02,100.6,4,21,250.7,22.5,57.41,1234.57,1234.57,57.92,1,0,5,1,1377.84,0
CUST-3128,28,Female,Suburban,2,Month-to-Month,2026-07-03,41.9,10,16,653.3,139.0,71.69,149.61,149.61,2.49,2,0,3,1,1032.34,1
CUST-3129,39,Female,Rural,7,Month-to-Month,2026-02-01,164.0,6,19,348.1,6.7,96.38,667.81,667.81,94.89,0,0,4,0,1850.5,1
CUST-3130,68,Male,Urban,27,Month-to-Month,2024-06-03,48.6,10,14,520.7,57.0,64.9,1822.06,1822.06,93.37,1,1,3,0,841.1,1
CUST-3131,41,Male,Suburban,67,One-Year,2021-02-03,71.3,6,20,62.4,13.4,76.09,5213.93,5213.93,61.48,2,1,3,1,986.13,0
CUST-3132,58,Male,Urban,71,Month-to-Month,2020-10-04,96.3,6,11,642.9,92.3,91.14,6387.9,6387.9,106.39,1,2,1,0,349.98,0
CUST-3133,34,Male,Urban,3,Two-Year,2026-06-02,71.4,10,12,513.6,64.9,58.31,175.09,175.09,50.12,3,0,3,1,839.66,0
CUST-3134,29,Male,Urban,18,One-Year,2025-03-03,128.6,7,24,179.4,31.9,36.88,644.08,644.08,28.94,0,1,4,0,637.29,0
CUST-3135,63,Female,Urban,29,One-Year,2024-04-03,79.7,6,19,714.1,6.7,114.17,3172.31,3172.31,44.76,0,2,4,0,1753.65,0
CUST-3136,49,Female,Urban,6,Month-to-Month,2026-03-03,57.3,9,24,477.8,94.8,129.33,773.45,773.45,0.14,2,0,3,0,1862.35,1
CUST-3137,32,Female,Urban,48,Two-Year,2022-09-03,103.4,6,10,797.9,5.2,94.59,4764.26,4764.26,40.48,1,0,4,1,1816.13,0
CUST-3138,33,Female,Urban,45,Two-Year,2022-12-03,5.0,6,19,78.8,20.8,45.21,2109.82,2109.82,1.5,0,0,4,1,868.03,0
CUST-3139,71,Female,Suburban,72,Month-to-Month,2020-09-04,101.0,7,13,514.0,19.0,82.62,5661.09,5661.09,76.51,1,1,3,0,1070.76,0
CUST-3140,39,Female,Urban,1,One-Year,2026-08-02,123.7,2,21,340.5,56.2,53.88,56.41,56.41,79.4,3,0,4,0,1034.5,0
CUST-3141,45,Male,Urban,9,One-Year,2025-12-02,15.8,0,19,396.0,46.9,133.38,1196.69,1196.69,4.25,1,2,3,0,1536.54,1
CUST-3142,37,Female,Urban,58,One-Year,2021-11-03,72.9,5,18,476.7,21.3,108.39,6084.77,6084.77,39.84,4,0,3,0,1560.82,1
CUST-3143,50,Male,Urban,37,Month-to-Month,2023-08-04,35.6,5,22,125.8,36.6,34.1,1314.05,1314.05,38.61,1,0,4,0,654.72,0
CUST-3144,27,Male,Suburban,72,Month-to-Month,2020-09-04,85.4,4,17,829.5,37.3,30.78,2310.31,2310.31,24.13,4,1,1,0,132.97,1
CUST-3145,57,Female,Urban,2,Month-to-Month,2026-07-03,152.3,8,17,761.9,55.4,146.44,303.04,303.04,0.89,3,2,2,0,1124.66,1
CUST-3146,49,Male,Suburban,30,Month-to-Month,2024-03-03,91.9,7,18,490.5,148.5,51.86,1574.67,1574.67,4.24,3,1,2,0,448.07,1
CUST-3147,67,Male,Urban,28,One-Year,2024-05-03,78.4,10,12,212.8,9.9,126.07,3436.98,3436.98,37.68,1,1,3,0,1633.87,1
CUST-3148,50,Female,Urban,2,Two-Year,2026-07-03,5.0,7,23,398.2,53.0,142.87,278.34,278.34,26.4,2,0,4,0,2743.1,0
CUST-3149,19,Male,Rural,24,Two-Year,2024-09-02,51.8,4,10,491.9,2.0,60.73,1525.38,1525.38,1.66,1,0,4,1,1166.02,0
CUST-3150,50,Male,Suburban,31,One-Year,2024-02-02,81.0,4,16,327.0,77.9,98.8,2995.05,2995.05,25.51,2,0,3,0,1422.72,0
CUST-3151,50,Female,Urban,7,One-Year,2026-02-01,87.8,4,19,604.8,66.5,109.42,760.0,760.0,66.22,2,0,4,0,2100.86,0
CUST-3152,58,Female,Suburban,11,Month-to-Month,2025-10-02,95.3,10,16,476.8,77.0,96.4,1087.21,1087.21,77.4,3,1,2,0,832.9,1
CUST-3153,30,Female,Urban,34,One-Year,2023-11-03,108.0,9,21,436.8,41.9,55.83,1959.63,1959.63,41.79,1,0,3,1,803.95,0
CUST-3154,47,Male,Suburban,21,Month-to-Month,2024-12-02,57.8,3,20,590.4,13.4,93.86,1953.59,1953.59,38.03,3,0,3,0,1351.58,1
CUST-3155,50,Male,Suburban,65,Month-to-Month,2021-04-04,86.2,3,17,139.7,38.6,60.54,3894.03,3894.03,51.3,0,3,3,0,610.24,0
CUST-3156,30,Female,Suburban,14,One-Year,2025-07-03,70.1,6,16,307.4,2.0,44.28,611.05,611.05,5.01,2,0,4,0,850.18,0
CUST-3157,69,Female,Rural,11,Month-to-Month,2025-10-02,56.8,7,15,429.8,31.2,87.82,955.24,955.24,7.38,2,3,2,0,590.15,1
CUST-3158,43,Female,Urban,72,Month-to-Month,2020-09-04,58.8,4,13,315.1,118.5,85.56,6319.44,6319.44,23.28,0,2,3,0,985.65,0
CUST-3159,39,Male,Suburban,72,Two-Year,2020-09-04,101.2,4,21,194.7,26.9,32.18,2215.46,2215.46,20.99,2,1,3,0,417.05,0
CUST-3160,56,Male,Urban,1,Month-to-Month,2026-08-02,8.1,6,15,239.9,58.2,142.95,147.24,147.24,7.13,0,1,4,2,2470.18,1
CUST-3161,19,Female,Urban,49,Month-to-Month,2022-08-04,29.3,7,13,449.1,19.7,32.5,1547.09,1547.09,39.69,1,0,4,1,624.0,0
CUST-3162,55,Male,Urban,4,Month-to-Month,2026-05-03,180.0,3,23,496.9,9.4,130.25,503.36,503.36,47.29,2,1,3,0,1688.04,1
CUST-3163,56,Female,Urban,1,Month-to-Month,2026-08-02,65.1,3,13,864.3,47.8,53.99,51.94,51.94,11.06,2,2,2,3,414.64,1
CUST-3164,43,Male,Suburban,11,Month-to-Month,2025-10-02,129.1,5,13,644.3,2.4,41.67,446.25,446.25,13.14,2,1,2,0,360.03,0
CUST-3165,63,Female,Suburban,11,One-Year,2025-10-02,83.1,6,22,251.3,152.6,55.85,634.86,634.86,10.41,1,0,3,0,804.24,0
CUST-3166,67,Female,Suburban,57,Month-to-Month,2021-12-04,68.2,4,18,672.5,97.6,88.59,5068.8,5068.8,11.43,1,2,3,1,1020.56,1
CUST-3167,32,Female,Urban,41,One-Year,2023-04-04,104.7,6,21,459.2,401.4,152.69,6115.66,6115.66,15.88,1,2,2,1,1172.66,1
CUST-3168,51,Male,Urban,72,Month-to-Month,2020-09-04,87.4,10,17,423.2,324.3,177.57,12383.52,12383.52,20.36,1,0,4,3,3409.34,0
CUST-3169,59,Female,Rural,41,Month-to-Month,2023-04-04,79.6,7,23,327.6,84.9,127.86,5383.56,5383.56,23.17,4,1,2,0,1104.71,1
CUST-3170,61,Female,Urban,18,One-Year,2025-03-03,83.7,2,18,164.2,97.4,57.97,1044.03,1044.03,23.22,4,0,3,1,834.77,0
CUST-3171,66,Male,Suburban,40,One-Year,2023-05-04,96.8,7,20,451.6,48.8,51.61,1986.01,1986.01,33.62,3,1,3,1,668.87,0
CUST-3172,57,Female,Suburban,72,One-Year,2020-09-04,64.4,6,16,217.8,16.0,28.34,2015.02,2015.02,14.76,3,0,3,1,408.1,0
CUST-3173,28,Female,Suburban,41,Two-Year,2023-04-04,70.5,7,21,397.3,107.4,120.21,4901.49,4901.49,24.5,2,0,3,1,1731.02,0
CUST-3174,20,Female,Urban,48,Month-to-Month,2022-09-03,55.7,7,25,658.6,20.4,30.07,1422.28,1422.28,24.69,1,0,5,1,721.68,0
CUST-3175,23,Female,Rural,72,Month-to-Month,2020-09-04,48.8,6,17,635.3,68.2,51.17,3597.73,3597.73,3.56,1,0,5,0,1228.08,0
CUST-3176,26,Male,Urban,4,Two-Year,2026-05-03,140.5,8,18,406.0,85.3,110.77,435.51,435.51,34.74,2,0,3,0,1595.09,1
CUST-3177,23,Male,Rural,41,Month-to-Month,2023-04-04,57.8,4,19,630.1,54.0,50.38,2114.94,2114.94,11.41,5,0,3,0,725.47,0
CUST-3178,26,Male,Urban,63,Month-to-Month,2021-06-04,115.0,2,21,498.7,70.6,53.22,3504.76,3504.76,1.68,5,0,2,0,510.91,1
CUST-3179,56,Female,Urban,72,Month-to-Month,2020-09-04,74.3,5,16,720.2,22.5,55.29,3792.12,3792.12,36.46,1,1,3,0,716.56,0
CUST-3180,48,Female,Urban,8,One-Year,2026-01-01,101.2,5,16,237.3,92.9,83.24,674.37,674.37,1.74,2,1,3,0,1078.79,1
CUST-3181,49,Female,Suburban,24,Month-to-Month,2024-09-02,84.9,8,15,427.8,186.8,53.93,1239.02,1239.02,20.41,2,1,2,0,465.96,1
CUST-3182,58,Male,Urban,38,Month-to-Month,2023-07-04,31.3,7,17,362.9,43.0,117.25,4322.8,4322.8,33.97,1,0,4,1,2251.2,0
CUST-3183,67,Male,Urban,10,Month-to-Month,2025-11-01,85.9,9,16,522.8,8.4,115.25,1157.62,1157.62,229.65,2,3,2,1,774.48,1
CUST-3184,29,Female,Urban,31,One-Year,2024-02-02,103.2,5,16,511.9,62.8,76.6,2444.4,2444.4,25.34,0,0,4,0,1470.72,0
CUST-3185,25,Male,Rural,10,Month-to-Month,2025-11-01,56.4,4,29,448.0,27.1,120.86,1200.81,1200.81,13.41,3,0,4,0,2320.51,0
CUST-3186,25,Male,Suburban,14,Month-to-Month,2025-07-03,154.7,5,20,852.8,35.3,63.04,916.05,916.05,23.71,1,0,4,1,1210.37,0
CUST-3187,67,Female,Suburban,20,One-Year,2025-01-01,109.4,3,19,241.5,10.7,139.96,2859.6,2859.6,7.62,0,1,2,0,1209.25,1
CUST-3188,45,Male,Suburban,25,Two-Year,2024-08-02,109.6,3,17,293.9,63.9,80.32,1946.5,1946.5,20.17,0,0,4,1,1542.14,0
CUST-3189,37,Male,Urban,20,One-Year,2025-01-01,112.8,10,24,623.9,100.6,117.0,2383.57,2383.57,72.25,1,0,3,0,1684.8,0
CUST-3190,64,Male,Urban,23,One-Year,2024-10-02,15.0,5,23,518.0,94.5,76.26,1722.13,1722.13,5.12,2,1,3,0,988.33,1
CUST-3191,24,Male,Rural,12,Month-to-Month,2025-09-02,106.1,5,16,295.1,331.3,126.54,1558.98,1558.98,26.44,4,1,3,0,1639.96,1
CUST-3192,28,Female,Urban,6,Month-to-Month,2026-03-03,153.3,7,22,684.5,15.5,101.51,592.65,592.65,33.94,2,0,4,0,1948.99,0
CUST-3193,37,Male,Urban,2,Month-to-Month,2026-07-03,107.8,4,21,457.7,159.6,88.9,171.48,171.48,13.14,2,0,3,0,1280.16,0
CUST-3194,33,Male,Urban,8,One-Year,2026-01-01,77.1,7,17,460.6,85.7,113.37,919.45,919.45,46.6,1,0,4,0,2176.7,0
CUST-3195,21,Male,Urban,29,Month-to-Month,2024-04-03,51.5,6,21,342.7,79.9,53.78,1577.81,1577.81,38.14,3,0,4,1,1032.58,0
CUST-3196,23,Female,Urban,51,Two-Year,2022-06-04,48.6,6,19,529.6,74.8,91.86,4719.3,4719.3,21.83,1,1,3,0,1190.51,0
CUST-3197,39,Male,Urban,7,Two-Year,2026-02-01,45.0,9,20,236.9,50.2,63.92,435.95,435.95,35.76,0,2,3,1,736.36,0
CUST-3198,43,Female,Urban,4,Month-to-Month,2026-05-03,73.0,6,27,306.5,30.9,135.44,525.83,525.83,64.2,1,1,3,2,1755.3,1
CUST-3199,20,Male,Urban,46,Month-to-Month,2022-11-03,53.0,5,24,607.7,186.6,147.83,7080.65,7080.65,32.11,1,0,4,0,2838.34,0
CUST-3200,58,Male,Urban,12,Month-to-Month,2025-09-02,80.4,7,23,20.0,10.6,82.65,995.04,995.04,29.44,2,2,2,0,634.75,1
CUST-3201,59,Male,Urban,72,Month-to-Month,2020-09-04,91.1,6,8,342.2,12.6,79.07,5639.83,5639.83,34.0,3,0,4,2,1518.14,0
CUST-3202,31,Female,Urban,42,Month-to-Month,2023-03-05,33.4,4,5,551.9,2.0,121.21,5253.45,5253.45,39.4,1,0,4,0,2327.23,1
CUST-3203,28,Female,Suburban,13,Two-Year,2025-08-02,62.0,7,24,710.2,87.4,117.51,1459.01,1459.01,18.06,1,1,3,1,1522.93,0
CUST-3204,35,Male,Urban,12,Month-to-Month,2025-09-02,67.6,7,15,478.2,145.9,125.46,1532.02,1532.02,63.45,1,1,3,0,1625.96,0
CUST-3205,71,Female,Suburban,25,Month-to-Month,2024-08-02,66.8,3,20,597.9,13.4,90.06,2172.12,2172.12,90.15,3,1,2,2,778.12,1
CUST-3206,29,Female,Suburban,3,Month-to-Month,2026-06-02,85.5,7,22,562.9,2.3,124.51,363.3,363.3,34.04,1,1,3,0,1613.65,1
CUST-3207,40,Male,Suburban,5,Two-Year,2026-04-02,88.7,6,22,324.2,18.2,49.52,251.05,251.05,76.23,1,1,3,0,641.78,0
CUST-3208,29,Female,Urban,7,One-Year,2026-02-01,72.3,9,24,379.3,139.8,145.09,993.25,993.25,47.78,1,2,3,0,1671.44,0
CUST-3209,30,Male,Urban,49,Two-Year,2022-08-04,64.8,10,18,467.6,2.0,85.19,4290.37,4290.37,19.24,1,0,4,1,1635.65,0
CUST-3210,42,Female,Urban,24,Two-Year,2024-09-02,84.4,3,23,807.0,6.9,97.49,2344.11,2344.11,23.98,1,0,4,0,1871.81,0
CUST-3211,62,Female,Suburban,1,Month-to-Month,2026-08-02,128.3,5,19,519.2,2.0,135.98,133.57,133.57,29.55,2,1,3,0,1762.3,0
CUST-3212,68,Female,Urban,37,Month-to-Month,2023-08-04,41.3,7,18,426.2,186.4,101.77,3902.79,3902.79,97.93,3,2,1,0,390.8,1
CUST-3213,36,Female,Suburban,19,Month-to-Month,2025-02-01,119.0,8,27,209.2,9.5,103.24,1986.83,1986.83,36.55,1,0,3,0,1486.66,1
CUST-3214,63,Male,Rural,24,Month-to-Month,2024-09-02,36.0,5,19,377.8,149.9,107.54,2560.64,2560.64,24.86,3,0,3,1,1548.58,1
CUST-3215,53,Female,Urban,8,One-Year,2026-01-01,95.9,16,25,380.8,41.7,138.39,1101.96,1101.96,4.61,2,0,3,1,1992.82,1
CUST-3216,62,Male,Urban,27,Month-to-Month,2024-06-03,116.5,6,17,568.5,32.6,85.98,2267.73,2267.73,38.47,2,0,4,1,1650.82,1
CUST-3217,25,Male,Suburban,72,Month-to-Month,2020-09-04,45.3,2,17,343.3,36.1,59.88,4142.56,4142.56,28.32,2,1,3,1,776.04,0
CUST-3218,46,Female,Urban,3,One-Year,2026-06-02,95.5,9,15,465.5,35.3,85.8,252.32,252.32,98.47,2,0,3,0,1235.52,0
CUST-3219,70,Female,Urban,11,One-Year,2025-10-02,53.6,6,17,483.8,27.2,134.5,1444.63,1444.63,14.65,2,0,3,0,1936.8,0
CUST-3220,49,Female,Rural,10,One-Year,2025-11-01,120.1,6,22,484.7,108.2,98.82,971.96,971.96,55.54,1,0,4,1,1897.34,0
CUST-3221,68,Male,Urban,10,Month-to-Month,2025-11-01,37.0,7,17,334.0,46.1,48.72,485.7,485.7,11.62,2,0,4,0,935.42,0
CUST-3222,61,Female,Rural,16,One-Year,2025-05-03,58.2,5,16,354.1,306.0,133.19,2037.92,2037.92,6.6,0,0,5,1,3196.56,0
CUST-3223,35,Female,Suburban,56,Month-to-Month,2022-01-03,88.9,4,17,507.7,47.4,76.68,4124.89,4124.89,0.43,3,2,2,0,588.9,1
CUST-3224,23,Male,Suburban,72,Month-to-Month,2020-09-04,106.3,8,21,342.1,110.9,116.36,8570.14,8570.14,79.02,1,1,3,0,1508.03,0
CUST-3225,35,Male,Urban,8,One-Year,2026-01-01,87.8,4,18,140.1,88.8,66.08,511.9,511.9,20.58,2,0,4,0,1268.74,0
CUST-3226,36,Male,Urban,26,Two-Year,2024-07-03,99.9,8,27,484.1,33.3,67.06,1715.48,1715.48,11.56,3,0,4,0,1287.55,0
CUST-3227,39,Male,Urban,34,Month-to-Month,2023-11-03,68.5,5,26,97.7,101.0,99.56,3431.4,3431.4,18.06,2,3,2,0,669.04,1
CUST-3228,54,Female,Urban,25,Month-to-Month,2024-08-02,52.3,8,23,421.2,10.9,40.24,1053.98,1053.98,43.55,3,0,2,0,386.3,1
CUST-3229,49,Female,Urban,19,Month-to-Month,2025-02-01,128.9,8,10,257.4,14.8,51.42,941.12,941.12,17.49,2,0,3,0,740.45,0
CUST-3230,58,Female,Urban,7,Month-to-Month,2026-02-01,100.0,8,19,398.6,62.7,126.56,908.72,908.72,8.95,3,1,3,0,1640.22,1
CUST-3231,20,Female,Urban,22,Two-Year,2024-11-02,70.4,5,20,757.2,80.8,145.13,3190.08,3190.08,3.22,2,1,4,2,2507.85,1
CUST-3232,45,Male,Urban,17,Month-to-Month,2025-04-03,35.4,9,21,559.6,67.1,146.56,2390.31,2390.31,34.02,3,0,2,0,1406.98,1
CUST-3233,27,Female,Suburban,53,One-Year,2022-04-04,121.7,4,13,344.9,46.3,139.73,7160.55,7160.55,126.02,1,1,3,1,1810.9,0
CUST-3234,68,Male,Urban,48,One-Year,2022-09-03,122.9,2,16,207.9,9.6,134.78,6595.11,6595.11,35.26,3,0,3,0,1940.83,0
CUST-3235,52,Female,Urban,5,One-Year,2026-04-02,78.5,5,20,108.7,30.3,123.97,643.37,643.37,102.74,1,0,4,0,2380.22,0
CUST-3236,46,Male,Suburban,4,Month-to-Month,2026-05-03,65.2,6,14,204.6,60.4,118.65,451.45,451.45,73.63,2,1,3,0,1537.7,1
CUST-3237,71,Female,Rural,72,Month-to-Month,2020-09-04,77.2,8,20,283.9,16.7,54.16,3791.44,3791.44,5.93,1,2,2,0,415.95,1
CUST-3238,32,Male,Urban,26,Month-to-Month,2024-07-03,78.7,8,18,228.1,66.0,85.7,2196.55,2196.55,73.93,1,0,3,0,1234.08,1
CUST-3239,50,Male,Urban,65,Month-to-Month,2021-04-04,108.1,6,14,522.5,17.4,73.37,5002.16,5002.16,0.04,2,0,4,0,1408.7,0
CUST-3240,24,Female,Suburban,2,Month-to-Month,2026-07-03,50.9,4,25,430.8,6.7,109.99,223.33,223.33,24.94,3,0,3,0,1583.86,1
CUST-3241,29,Male,Rural,25,Two-Year,2024-08-02,67.5,9,19,732.1,25.5,83.49,2058.2,2058.2,25.89,1,2,3,1,961.8,0
CUST-3242,66,Female,Suburban,26,Month-to-Month,2024-07-03,79.5,11,20,255.4,20.7,69.53,1753.85,1753.85,45.42,2,0,4,2,1334.98,0
CUST-3243,47,Male,Suburban,65,One-Year,2021-04-04,92.8,3,15,383.2,108.1,134.83,8524.5,8524.5,49.37,1,0,4,0,2588.74,0
CUST-3244,38,Female,Urban,4,Month-to-Month,2026-05-03,111.0,5,15,132.5,43.0,117.68,449.51,449.51,9.22,1,0,4,0,2259.46,0
CUST-3245,48,Male,Urban,10,One-Year,2025-11-01,94.3,7,15,457.3,4.3,68.06,714.27,714.27,74.81,1,0,3,0,980.06,0
CUST-3246,41,Male,Urban,18,Two-Year,2025-03-03,137.6,3,12,104.5,109.9,89.7,1692.46,1692.46,6.91,2,0,3,0,1291.68,0
CUST-3247,37,Male,Suburban,66,Month-to-Month,2021-03-05,55.3,8,15,242.8,20.3,130.77,8208.93,8208.93,113.98,4,1,2,0,1129.85,1
CUST-3248,54,Male,Suburban,72,Two-Year,2020-09-04,128.8,9,19,434.2,54.5,117.44,8261.88,8261.88,147.29,0,0,4,1,2254.85,1
CUST-3249,21,Male,Rural,72,One-Year,2020-09-04,56.4,8,8,20.0,50.7,111.95,7673.86,7673.86,41.77,1,2,2,0,859.78,0
CUST-3250,45,Male,Urban,72,One-Year,2020-09-04,73.1,3,17,321.0,231.5,141.56,9990.25,9990.25,36.61,3,2,2,0,1087.18,1
CUST-3251,61,Male,Urban,1,One-Year,2026-08-02,96.6,5,16,354.7,19.1,39.63,41.22,41.22,135.55,2,1,3,0,513.6,0
CUST-3252,37,Male,Urban,2,Month-to-Month,2026-07-03,120.3,3,20,599.0,10.2,91.33,189.51,189.51,9.7,2,0,4,0,1753.54,1
CUST-3253,41,Female,Suburban,6,Month-to-Month,2026-03-03,73.2,7,19,544.3,19.4,61.38,375.09,375.09,36.02,2,0,4,0,1178.5,0
CUST-3254,67,Female,Suburban,15,Month-to-Month,2025-06-02,96.8,5,18,437.9,55.8,43.13,678.47,678.47,18.24,0,0,4,0,828.1,0
CUST-3255,66,Male,Urban,59,Month-to-Month,2021-10-04,75.5,5,16,304.6,15.9,111.46,6737.92,6737.92,6.42,0,1,3,1,1444.52,0
CUST-3256,68,Female,Urban,72,Two-Year,2020-09-04,16.1,9,24,396.2,27.1,64.06,4493.05,4493.05,4.78,0,2,4,0,983.96,0
CUST-3257,49,Female,Urban,7,One-Year,2026-02-01,83.8,8,15,568.9,69.8,71.12,514.51,514.51,42.18,0,0,5,0,1706.88,0
CUST-3258,58,Male,Urban,32,Month-to-Month,2024-01-03,47.8,8,20,500.0,8.0,99.79,3195.81,3195.81,9.1,0,1,4,0,1724.37,0
CUST-3259,53,Female,Rural,72,One-Year,2020-09-04,123.1,5,15,695.1,188.9,129.95,9360.11,9360.11,32.01,2,0,4,0,2495.04,0
CUST-3260,70,Male,Urban,21,One-Year,2024-12-02,123.4,4,19,441.2,49.4,86.93,1886.31,1886.31,9.5,0,0,4,0,1669.06,0
CUST-3261,51,Female,Suburban,4,Month-to-Month,2026-05-03,59.9,7,8,482.6,43.0,95.44,383.07,383.07,21.17,0,1,4,1,1649.2,1
CUST-3262,53,Male,Suburban,21,Month-to-Month,2024-12-02,55.3,8,9,238.1,29.3,127.02,2621.35,2621.35,47.46,0,3,3,0,1280.36,1
CUST-3263,19,Female,Suburban,16,Month-to-Month,2025-05-03,66.1,10,15,397.8,18.3,40.06,668.44,668.44,26.29,1,1,3,1,519.18,1
CUST-3264,32,Female,Urban,29,Two-Year,2024-04-03,101.0,4,21,473.0,42.9,38.96,1081.66,1081.66,71.81,4,1,2,0,336.61,0
CUST-3265,51,Male,Suburban,19,Two-Year,2025-02-01,101.1,4,16,428.3,43.3,106.96,2064.3,2064.3,26.15,1,1,3,1,1386.2,1
CUST-3266,53,Male,Urban,1,Month-to-Month,2026-08-02,187.2,6,18,761.3,3.8,95.0,97.71,97.71,7.56,2,1,3,2,1231.2,1
CUST-3267,23,Female,Urban,72,Month-to-Month,2020-09-04,75.7,7,18,210.4,122.2,64.71,4450.04,4450.04,79.59,1,0,4,0,1242.43,0
CUST-3268,56,Male,Urban,26,One-Year,2024-07-03,87.7,4,12,380.7,111.7,101.78,2575.99,2575.99,18.94,0,1,3,0,1319.07,0
CUST-3269,59,Female,Urban,22,Two-Year,2024-11-02,143.0,9,18,733.0,38.6,116.54,2492.92,2492.92,70.73,2,1,2,0,1006.91,1
CUST-3270,68,Female,Urban,72,One-Year,2020-09-04,93.6,6,12,574.6,26.7,113.15,8463.93,8463.93,9.26,1,3,2,0,760.37,0
CUST-3271,68,Female,Urban,6,One-Year,2026-03-03,52.4,6,19,480.5,44.9,100.25,610.54,610.54,35.39,1,1,3,1,1299.24,0
CUST-3272,71,Female,Rural,7,Month-to-Month,2026-02-01,95.3,2,11,218.0,16.3,42.44,288.67,288.67,6.32,0,1,5,1,916.7,0
CUST-3273,29,Female,Urban,55,Month-to-Month,2022-02-02,106.1,9,25,480.9,2.0,60.26,3450.11,3450.11,2.92,1,2,3,0,694.2,0
CUST-3274,20,Female,Suburban,10,Month-to-Month,2025-11-01,74.7,6,35,407.1,28.4,75.93,739.84,739.84,238.31,1,2,3,0,874.71,1
CUST-3275,62,Male,Rural,53,One-Year,2022-04-04,108.9,8,24,644.2,2.0,115.95,6244.92,6244.92,0.37,3,0,3,1,1669.68,1
CUST-3276,35,Male,Urban,11,Month-to-Month,2025-10-02,106.2,8,25,467.1,2.7,87.94,962.74,962.74,31.31,1,0,4,0,1688.45,1
CUST-3277,57,Male,Suburban,2,Two-Year,2026-07-03,71.2,9,21,731.3,2.0,109.62,210.42,210.42,0.47,1,0,4,1,2104.7,0
CUST-3278,38,Female,Urban,24,Month-to-Month,2024-09-02,131.6,5,16,805.5,137.8,151.88,3737.43,3737.43,28.08,2,3,2,0,1020.63,1
CUST-3279,32,Female,Urban,8,One-Year,2026-01-01,61.5,8,21,506.0,10.1,98.26,772.54,772.54,3.68,2,0,3,2,1414.94,1
CUST-3280,50,Male,Urban,47,Month-to-Month,2022-10-04,98.1,10,17,521.6,19.1,55.13,2554.84,2554.84,54.21,1,3,2,0,370.47,1
CUST-3281,52,Female,Rural,34,Month-to-Month,2023-11-03,66.9,7,19,423.8,43.8,47.62,1572.87,1572.87,12.12,1,0,3,1,685.73,1
CUST-3282,43,Male,Urban,72,One-Year,2020-09-04,34.2,8,25,161.5,49.0,32.41,2404.52,2404.52,14.77,4,1,3,0,420.03,0
CUST-3283,25,Male,Suburban,51,Month-to-Month,2022-06-04,95.8,9,11,168.2,8.5,46.47,2289.4,2289.4,10.18,2,1,3,1,602.25,1
CUST-3284,53,Female,Urban,7,Two-Year,2026-02-01,142.9,6,23,615.4,156.2,79.38,540.0,540.0,4.23,1,1,4,0,1371.69,0
CUST-3285,65,Male,Rural,53,One-Year,2022-04-04,83.4,7,15,701.8,17.1,58.59,3076.29,3076.29,24.28,0,1,4,0,1012.44,0
CUST-3286,47,Female,Urban,34,Month-to-Month,2023-11-03,40.2,6,21,350.4,185.7,129.58,4251.0,4251.0,20.78,2,0,4,0,2487.94,1
CUST-3287,40,Male,Suburban,37,Two-Year,2023-08-04,91.7,6,19,396.2,19.3,45.17,1606.58,1606.58,27.14,1,0,4,0,867.26,0
CUST-3288,59,Female,Suburban,59,Two-Year,2021-10-04,60.4,8,21,399.1,2.0,75.38,4457.07,4457.07,34.41,2,0,3,0,1085.47,0
CUST-3289,61,Female,Suburban,29,Month-to-Month,2024-04-03,116.6,5,10,305.3,232.1,60.38,1830.44,1830.44,3.25,1,2,2,1,463.72,1
CUST-3290,31,Male,Rural,21,Two-Year,2024-12-02,78.1,6,16,851.8,43.0,61.48,1330.04,1330.04,18.68,2,1,3,1,796.78,0
CUST-3291,31,Female,Suburban,34,Month-to-Month,2023-11-03,31.8,4,22,383.2,137.1,50.29,1654.65,1654.65,31.42,3,1,3,0,651.76,0
CUST-3292,19,Female,Urban,12,Month-to-Month,2025-09-02,100.3,13,22,652.7,86.2,119.52,1446.8,1446.8,13.66,2,0,4,0,2294.78,1
CUST-3293,54,Male,Urban,7,One-Year,2026-02-01,91.3,9,15,44.0,12.8,67.67,487.6,487.6,7.44,2,0,4,1,1299.26,0
CUST-3294,22,Male,Urban,32,Month-to-Month,2024-01-03,76.0,4,12,668.3,121.3,98.41,3037.31,3037.31,32.63,1,0,5,0,2361.84,0
CUST-3295,55,Female,Urban,9,Month-to-Month,2025-12-02,53.8,7,9,825.6,3.4,113.08,975.17,975.17,44.36,0,0,4,1,2171.14,1
CUST-3296,62,Male,Urban,3,Month-to-Month,2026-06-02,138.7,7,15,509.1,46.0,131.14,408.81,408.81,48.6,3,1,2,0,1133.05,1
CUST-3297,58,Male,Urban,1,Month-to-Month,2026-08-02,71.4,3,19,580.8,19.1,87.28,85.05,85.05,13.79,3,1,3,0,1131.15,1
CUST-3298,71,Male,Urban,31,One-Year,2024-02-02,111.9,10,14,627.9,29.2,104.1,3226.42,3226.42,3.65,3,0,4,1,1998.72,0
CUST-3299,64,Male,Rural,15,One-Year,2025-06-02,71.1,8,15,551.0,92.0,123.43,1797.53,1797.53,86.52,3,0,3,1,1777.39,1
CUST-3300,31,Female,Urban,46,Two-Year,2022-11-03,105.4,4,23,421.0,74.8,69.02,3031.3,3031.3,40.74,2,1,3,0,894.5,0
CUST-3301,56,Male,Rural,16,One-Year,2025-05-03,86.6,7,17,307.1,37.7,111.99,1794.21,1794.21,103.78,3,1,3,0,1451.39,1
CUST-3302,42,Male,Urban,22,Month-to-Month,2024-11-02,85.8,9,15,587.9,3.1,100.63,2199.49,2199.49,5.51,3,1,3,0,1304.16,1
CUST-3303,37,Male,Suburban,18,Month-to-Month,2025-03-03,60.2,3,17,232.8,2.6,76.35,1405.43,1405.43,37.48,0,0,4,1,1465.92,0
CUST-3304,19,Male,Suburban,35,Month-to-Month,2023-10-03,100.8,6,18,573.2,78.7,76.0,2755.07,2755.07,7.65,3,1,2,1,656.64,1
CUST-3305,56,Female,Urban,15,Two-Year,2025-06-02,127.2,4,16,267.3,193.2,165.95,2400.04,2400.04,70.46,1,0,4,1,3186.24,0
CUST-3306,23,Male,Urban,72,Month-to-Month,2020-09-04,54.0,5,19,249.8,122.1,156.75,10915.42,10915.42,25.65,0,1,4,0,2708.64,0
CUST-3307,34,Female,Urban,72,Month-to-Month,2020-09-04,60.0,5,16,79.7,8.5,106.21,7991.43,7991.43,26.63,4,0,3,1,1529.42,0
CUST-3308,42,Male,Urban,62,Two-Year,2021-07-05,173.3,5,16,358.3,8.4,70.44,4331.45,4331.45,93.44,0,2,4,1,1081.96,0
CUST-3309,45,Male,Rural,72,One-Year,2020-09-04,55.0,4,23,642.2,61.3,120.62,9077.8,9077.8,12.69,0,0,4,0,2315.9,0
CUST-3310,19,Female,Suburban,20,Month-to-Month,2025-01-01,68.4,5,15,567.9,69.7,113.56,2234.5,2234.5,33.77,2,2,2,0,872.14,1
CUST-3311,52,Male,Urban,26,Month-to-Month,2024-07-03,126.5,6,32,368.1,62.3,97.02,2484.1,2484.1,5.46,2,0,4,0,1862.78,0
CUST-3312,54,Female,Urban,45,Two-Year,2022-12-03,127.4,7,24,295.2,140.8,61.28,2814.68,2814.68,15.79,1,2,3,0,705.95,0
CUST-3313,22,Female,Urban,40,Two-Year,2023-05-04,12.2,4,17,748.6,17.1,136.42,5236.87,5236.87,7.58,3,1,3,0,1768.0,0
CUST-3314,18,Male,Urban,72,Month-to-Month,2020-09-04,108.0,4,20,57.3,12.3,53.61,3826.33,3826.33,7.87,1,0,5,0,1286.64,0
CUST-3315,57,Male,Suburban,42,Month-to-Month,2023-03-05,79.1,2,9,446.3,159.6,94.16,3907.45,3907.45,37.87,0,2,3,0,1084.72,0
CUST-3316,29,Female,Urban,72,Two-Year,2020-09-04,80.5,6,17,250.0,83.2,76.86,5276.78,5276.78,11.81,1,1,3,1,996.11,0
CUST-3317,53,Male,Urban,15,One-Year,2025-06-02,120.0,6,15,478.4,80.9,54.81,806.74,806.74,10.12,1,1,3,2,710.34,0
CUST-3318,62,Male,Urban,59,One-Year,2021-10-04,74.6,6,14,474.5,26.6,31.8,1857.16,1857.16,57.76,2,0,3,0,457.92,0
CUST-3319,40,Male,Urban,40,Month-to-Month,2023-05-04,69.6,3,24,625.7,64.3,141.57,5412.5,5412.5,22.47,2,0,3,0,2038.61,1
CUST-3320,64,Male,Suburban,39,Two-Year,2023-06-04,75.4,7,13,667.9,84.3,122.69,4555.3,4555.3,16.73,1,1,4,0,2120.08,0
CUST-3321,48,Female,Urban,13,Month-to-Month,2025-08-02,74.5,2,18,100.8,59.6,36.32,476.88,476.88,59.09,1,2,3,0,418.41,1
CUST-3322,28,Male,Rural,51,Month-to-Month,2022-06-04,95.4,7,19,313.4,86.6,117.09,5795.93,5795.93,23.48,3,0,4,0,2248.13,1
CUST-3323,27,Male,Rural,72,One-Year,2020-09-04,124.7,8,16,465.3,58.0,48.61,3451.82,3451.82,59.05,0,0,4,0,933.31,0
CUST-3324,20,Female,Urban,9,Month-to-Month,2025-12-02,97.8,5,17,646.6,261.2,147.45,1271.32,1271.32,13.42,2,1,3,1,1910.95,1
CUST-3325,71,Male,Urban,33,Two-Year,2023-12-03,84.6,9,17,555.3,44.0,89.7,2841.96,2841.96,114.38,0,1,3,0,1162.51,0
CUST-3326,31,Male,Suburban,17,Month-to-Month,2025-04-03,101.4,9,24,230.1,2.0,137.75,2260.83,2260.83,90.04,1,2,3,1,1586.88,1
CUST-3327,33,Female,Rural,72,Two-Year,2020-09-04,108.4,7,18,488.6,11.6,76.46,5246.28,5246.28,60.73,0,2,2,1,587.21,0
CUST-3328,27,Male,Suburban,22,Month-to-Month,2024-11-02,102.3,5,12,597.7,216.4,143.58,3241.64,3241.64,8.37,1,3,2,0,964.86,1
CUST-3329,46,Female,Urban,9,One-Year,2025-12-02,65.0,2,8,289.5,41.2,35.93,336.5,336.5,45.5,2,1,4,1,620.87,0
CUST-3330,27,Female,Rural,16,Month-to-Month,2025-05-03,97.7,2,13,318.8,8.3,133.84,2146.18,2146.18,59.56,3,0,3,1,1927.3,1
CUST-3331,29,Male,Urban,35,One-Year,2023-10-03,21.4,4,20,348.7,11.0,91.33,3297.7,3297.7,15.81,3,0,3,1,1315.15,0
CUST-3332,47,Female,Suburban,3,One-Year,2026-06-02,131.0,6,23,322.7,2.0,61.44,177.6,177.6,5.29,2,0,4,0,1179.65,0
CUST-3333,58,Male,Rural,31,Month-to-Month,2024-02-02,130.9,5,19,410.8,16.7,42.09,1298.17,1298.17,11.0,2,0,3,0,606.1,0
CUST-3334,18,Male,Urban,72,Month-to-Month,2020-09-04,111.7,5,16,447.8,280.5,140.77,9773.6,9773.6,30.83,2,1,3,0,1824.38,1
CUST-3335,22,Female,Rural,63,Month-to-Month,2021-06-04,122.4,6,13,447.8,25.9,114.71,7584.66,7584.66,10.15,3,1,3,0,1486.64,0
CUST-3336,37,Female,Urban,3,Two-Year,2026-06-02,82.8,4,18,532.6,18.7,37.62,107.87,107.87,37.93,4,0,3,1,541.73,0
CUST-3337,25,Male,Rural,72,Month-to-Month,2020-09-04,62.5,3,21,389.0,71.6,54.68,3914.91,3914.91,17.41,0,0,5,1,1312.32,0
CUST-3338,60,Female,Urban,40,Month-to-Month,2023-05-04,47.4,6,12,262.4,72.9,80.26,3085.92,3085.92,8.95,1,0,4,0,1540.99,0
CUST-3339,29,Female,Rural,6,Month-to-Month,2026-03-03,115.2,8,17,280.1,223.4,156.46,898.27,898.27,33.24,2,0,4,0,3004.03,1
CUST-3340,18,Female,Urban,1,Two-Year,2026-08-02,62.5,10,13,540.0,85.0,150.79,154.33,154.33,2.68,1,0,4,0,2895.17,0
CUST-3341,71,Female,Suburban,7,Month-to-Month,2026-02-01,73.8,8,20,312.9,7.6,111.81,749.81,749.81,34.31,1,2,3,2,1288.05,1
CUST-3342,37,Male,Urban,60,Month-to-Month,2021-09-03,91.7,4,17,519.7,275.6,66.99,3828.06,3828.06,128.28,0,0,4,0,1286.21,0
CUST-3343,45,Male,Urban,1,One-Year,2026-08-02,83.9,7,22,535.9,90.2,142.42,148.82,148.82,43.5,1,0,4,0,2734.46,0
CUST-3344,60,Female,Urban,9,One-Year,2025-12-02,92.9,7,20,637.7,19.5,30.98,270.03,270.03,13.92,3,0,3,1,446.11,0
CUST-3345,54,Male,Suburban,47,Month-to-Month,2022-10-04,30.8,8,14,284.4,19.7,131.12,6374.9,6374.9,81.04,2,3,2,1,881.13,1
CUST-3346,64,Female,Urban,29,Two-Year,2024-04-03,78.0,4,16,299.6,209.2,103.57,3139.58,3139.58,26.27,4,0,3,0,1491.41,0
CUST-3347,54,Male,Suburban,51,One-Year,2022-06-04,109.7,8,18,606.1,13.9,112.39,5876.32,5876.32,26.31,2,0,3,1,1618.42,0
CUST-3348,29,Male,Urban,46,Month-to-Month,2022-11-03,72.0,12,11,117.2,16.8,37.53,1657.98,1657.98,16.64,1,0,4,1,720.58,1
CUST-3349,54,Male,Rural,2,Month-to-Month,2026-07-03,59.1,10,12,561.2,28.9,48.3,93.42,93.42,1.88,0,0,4,1,927.36,0
CUST-3350,66,Female,Urban,72,Two-Year,2020-09-04,113.6,8,21,640.2,74.0,87.93,6127.82,6127.82,11.01,1,2,3,1,1012.95,0
CUST-3351,66,Male,Urban,9,Month-to-Month,2025-12-02,72.3,6,14,121.5,36.5,34.9,318.94,318.94,59.69,3,0,3,0,502.56,1
CUST-3352,61,Female,Urban,27,Month-to-Month,2024-06-03,90.5,9,15,474.7,24.2,73.46,1919.86,1919.86,10.53,1,0,4,1,1410.43,1
CUST-3353,45,Male,Urban,34,Month-to-Month,2023-11-03,78.7,4,15,360.4,20.2,114.51,3710.34,3710.34,18.61,2,0,4,1,2198.59,0
CUST-3354,64,Male,Urban,7,One-Year,2026-02-01,85.0,4,18,718.8,8.7,101.59,708.18,708.18,35.18,5,0,2,0,975.26,1
CUST-3355,32,Male,Urban,72,One-Year,2020-09-04,130.9,6,22,757.2,51.4,73.16,5314.44,5314.44,11.62,3,1,1,0,316.05,0
CUST-3356,23,Female,Rural,22,One-Year,2024-11-02,102.2,9,17,887.6,20.8,29.13,638.32,638.32,58.47,0,0,4,3,559.3,0
CUST-3357,61,Male,Suburban,2,Month-to-Month,2026-07-03,48.3,3,16,718.1,26.2,59.94,119.75,119.75,80.15,2,1,3,1,776.82,1
CUST-3358,37,Male,Suburban,72,One-Year,2020-09-04,73.8,4,23,713.2,2.0,114.57,8213.42,8213.42,2.23,0,0,4,0,2199.74,0
CUST-3359,67,Male,Urban,29,One-Year,2024-04-03,72.6,2,17,927.2,49.2,71.55,2026.28,2026.28,29.91,4,1,2,0,618.19,0
CUST-3360,31,Male,Suburban,40,Month-to-Month,2023-05-04,91.5,7,17,476.4,77.5,80.04,3347.56,3347.56,15.05,3,0,3,0,1152.58,1
CUST-3361,19,Female,Urban,25,One-Year,2024-08-02,112.3,6,15,563.6,170.6,59.12,1527.97,1527.97,28.29,3,0,3,1,851.33,0
CUST-3362,26,Female,Suburban,60,Month-to-Month,2021-09-03,86.0,2,20,734.8,14.3,96.34,5678.0,5678.0,27.7,4,2,3,0,1109.84,1
CUST-3363,54,Male,Urban,2,One-Year,2026-07-03,85.1,8,16,434.1,163.7,121.07,230.99,230.99,0.35,0,1,3,0,1569.07,0
CUST-3364,37,Female,Urban,11,Month-to-Month,2025-10-02,18.1,9,16,314.5,29.1,78.92,899.2,899.2,36.59,1,0,4,0,1515.26,0
CUST-3365,43,Female,Urban,21,One-Year,2024-12-02,124.7,8,16,340.7,105.4,128.28,2759.13,2759.13,8.51,1,0,4,1,2462.98,0
CUST-3366,46,Male,Rural,3,Two-Year,2026-06-02,80.0,4,21,394.6,147.6,147.98,425.35,425.35,28.66,4,0,3,1,2130.91,1
CUST-3367,18,Female,Urban,41,Two-Year,2023-04-04,92.8,8,16,443.0,211.5,143.03,5980.35,5980.35,79.01,1,1,3,1,1853.67,0
CUST-3368,52,Female,Suburban,17,Month-to-Month,2025-04-03,92.7,5,16,332.7,25.6,91.43,1546.94,1546.94,7.47,2,2,2,0,702.18,1
CUST-3369,23,Male,Urban,11,Month-to-Month,2025-10-02,61.9,8,17,147.0,19.6,135.55,1435.93,1435.93,11.02,2,0,4,0,2602.56,1
CUST-3370,54,Male,Suburban,1,Month-to-Month,2026-08-02,77.7,11,12,677.0,37.6,74.6,76.28,76.28,2.3,2,0,3,1,1074.24,0
CUST-3371,70,Female,Rural,42,Two-Year,2023-03-05,61.7,5,12,863.5,52.6,108.18,4478.0,4478.0,23.69,1,0,4,0,2077.06,0
CUST-3372,22,Female,Urban,59,One-Year,2021-10-04,126.5,6,16,190.7,76.3,102.59,6301.24,6301.24,71.43,1,3,2,0,689.4,0
CUST-3373,50,Male,Urban,17,Month-to-Month,2025-04-03,18.3,8,15,230.6,76.5,133.26,2161.86,2161.86,27.55,5,2,1,0,511.72,1
CUST-3374,66,Male,Rural,28,Month-to-Month,2024-05-03,56.4,10,18,331.3,8.1,83.66,2444.92,2444.92,15.21,2,0,4,0,1606.27,0
CUST-3375,68,Male,Urban,9,Two-Year,2025-12-02,75.3,7,22,225.4,61.5,97.88,844.62,844.62,82.69,4,0,3,0,1409.47,0
CUST-3376,31,Female,Urban,32,Month-to-Month,2024-01-03,129.9,2,17,371.5,11.9,78.98,2410.13,2410.13,26.6,2,1,3,0,1023.58,0
CUST-3377,29,Female,Suburban,1,Month-to-Month,2026-08-02,106.2,5,23,449.1,80.8,53.27,53.71,53.71,127.34,3,0,4,0,1022.78,1
CUST-3378,59,Female,Suburban,23,Month-to-Month,2024-10-02,35.9,4,20,543.9,244.0,163.54,3803.0,3803.0,48.55,3,1,3,1,2119.48,1
CUST-3379,37,Male,Urban,34,Month-to-Month,2023-11-03,81.5,1,15,388.4,95.8,138.48,4565.96,4565.96,84.8,1,1,4,2,2392.93,0
CUST-3380,70,Female,Suburban,72,One-Year,2020-09-04,106.6,3,20,717.8,77.1,117.35,8766.88,8766.88,36.58,1,1,3,0,1520.86,0
CUST-3381,67,Female,Urban,16,Two-Year,2025-05-03,151.8,7,16,274.3,5.2,65.78,1084.27,1084.27,159.01,1,4,2,1,378.89,1
CUST-3382,41,Male,Urban,48,Two-Year,2022-09-03,74.8,4,18,346.2,13.3,67.83,3185.05,3185.05,26.09,2,0,3,0,976.75,0
CUST-3383,60,Male,Suburban,30,Month-to-Month,2024-03-03,49.5,9,21,870.9,28.5,33.42,996.89,996.89,35.82,2,1,4,0,577.5,0
CUST-3384,51,Female,Urban,72,One-Year,2020-09-04,94.7,3,23,494.3,176.2,60.35,4468.31,4468.31,5.04,1,1,4,0,1042.85,0
CUST-3385,42,Female,Urban,17,Month-to-Month,2025-04-03,83.7,4,15,533.8,26.1,88.0,1545.87,1545.87,96.61,2,0,4,0,1689.6,1
CUST-3386,67,Female,Suburban,13,Month-to-Month,2025-08-02,98.9,6,18,301.7,109.3,47.12,630.71,630.71,14.28,2,1,3,0,610.68,1
CUST-3387,46,Female,Rural,72,Two-Year,2020-09-04,105.7,3,18,484.0,7.1,37.48,2635.93,2635.93,38.28,3,1,3,0,485.74,0
CUST-3388,56,Male,Rural,2,Month-to-Month,2026-07-03,94.6,5,15,461.3,70.5,64.46,132.34,132.34,15.65,0,1,4,2,1113.87,1
CUST-3389,48,Female,Rural,5,Month-to-Month,2026-04-02,100.8,5,18,469.6,98.2,82.7,418.98,418.98,75.76,3,0,3,0,1190.88,1
CUST-3390,64,Female,Rural,3,Two-Year,2026-06-02,134.1,5,19,513.5,50.9,88.91,267.43,267.43,4.09,0,2,3,1,1024.24,1
CUST-3391,60,Female,Urban,61,Month-to-Month,2021-08-04,76.3,5,14,683.0,94.6,76.52,4884.11,4884.11,81.11,1,0,4,1,1469.18,1
CUST-3392,67,Female,Urban,1,One-Year,2026-08-02,48.3,3,21,223.3,83.6,145.72,147.15,147.15,34.4,3,1,2,2,1259.02,0
CUST-3393,40,Female,Suburban,65,Two-Year,2021-04-04,94.4,9,12,556.4,42.1,140.67,9480.71,9480.71,109.73,3,1,2,0,1215.39,0
CUST-3394,61,Male,Urban,20,Month-to-Month,2025-01-01,46.6,6,21,495.4,130.4,51.01,1045.94,1045.94,24.51,2,0,4,0,979.39,0
CUST-3395,55,Female,Suburban,1,Month-to-Month,2026-08-02,51.4,7,24,575.0,27.2,142.4,135.92,135.92,23.79,5,0,2,1,1367.04,0
CUST-3396,37,Male,Suburban,17,Month-to-Month,2025-04-03,60.3,12,16,625.0,36.0,50.29,835.0,835.0,15.55,1,2,3,0,579.34,1
CUST-3397,40,Male,Urban,7,Month-to-Month,2026-02-01,47.5,3,16,412.3,50.5,70.68,500.16,500.16,13.96,1,0,4,0,1357.06,0
CUST-3398,62,Male,Rural,33,Month-to-Month,2023-12-03,120.1,5,18,412.8,9.1,122.62,4021.49,4021.49,4.61,1,1,3,0,1589.16,1
CUST-3399,69,Male,Urban,38,One-Year,2023-07-04,86.5,4,21,565.6,47.1,111.15,4416.09,4416.09,13.88,0,0,5,0,2667.6,0
CUST-3400,33,Female,Urban,22,Month-to-Month,2024-11-02,106.2,4,18,304.2,25.5,35.52,787.97,787.97,32.88,3,3,1,1,119.35,1
CUST-3401,67,Male,Rural,2,Month-to-Month,2026-07-03,100.3,6,13,422.6,19.3,116.97,243.98,243.98,3.09,1,0,4,0,2245.82,0
CUST-3402,59,Female,Urban,36,One-Year,2023-09-03,78.7,3,18,469.5,55.9,109.66,3831.65,3831.65,7.2,2,0,5,0,2631.84,0
CUST-3403,25,Female,Urban,61,One-Year,2021-08-04,113.8,3,17,637.9,26.0,138.21,8766.16,8766.16,68.8,3,0,4,0,2653.63,0
CUST-3404,67,Male,Urban,42,Two-Year,2023-03-05,70.5,10,21,473.6,125.7,148.51,6260.59,6260.59,3.35,0,1,3,0,1924.69,0
CUST-3405,38,Female,Suburban,59,Month-to-Month,2021-10-04,80.0,3,19,484.1,34.3,142.3,8155.65,8155.65,9.66,0,1,4,0,2458.94,0
CUST-3406,18,Male,Suburban,8,One-Year,2026-01-01,63.8,6,29,409.5,34.6,82.51,652.83,652.83,0.13,2,0,4,2,1584.19,0
CUST-3407,25,Male,Suburban,72,One-Year,2020-09-04,127.0,9,10,503.8,260.9,145.39,10958.85,10958.85,44.4,3,1,2,0,1256.17,1
CUST-3408,46,Female,Suburban,13,Month-to-Month,2025-08-02,81.8,5,23,482.7,27.2,139.69,1899.41,1899.41,66.6,0,0,4,2,2682.05,0
CUST-3409,49,Male,Urban,1,Month-to-Month,2026-08-02,102.9,3,16,333.2,9.2,26.62,25.35,25.35,74.07,3,2,2,0,204.44,1
CUST-3410,55,Male,Rural,61,Month-to-Month,2021-08-04,67.6,4,26,563.0,136.0,136.13,8144.0,8144.0,80.66,1,1,4,0,2352.33,0
CUST-3411,22,Female,Rural,72,One-Year,2020-09-04,110.4,3,13,211.7,161.8,55.47,4153.33,4153.33,18.09,1,2,3,0,639.01,0
CUST-3412,64,Female,Urban,35,Month-to-Month,2023-10-03,108.2,4,17,467.5,16.7,142.38,4750.34,4750.34,28.7,1,1,4,4,2460.33,0
CUST-3413,39,Male,Urban,9,Two-Year,2025-12-02,36.2,5,15,770.7,139.0,47.44,446.47,446.47,39.64,4,1,2,0,409.88,1
CUST-3414,64,Female,Rural,10,One-Year,2025-11-01,85.1,8,14,190.1,44.4,95.44,943.71,943.71,86.13,3,1,2,0,824.6,1
CUST-3415,51,Female,Rural,21,Two-Year,2024-12-02,88.5,5,16,274.5,2.9,85.34,1723.11,1723.11,55.71,1,1,4,1,1474.68,1
CUST-3416,18,Female,Rural,72,Month-to-Month,2020-09-04,76.0,3,22,666.0,51.7,67.8,4784.53,4784.53,23.5,1,0,4,1,1301.76,0
CUST-3417,43,Male,Rural,6,Month-to-Month,2026-03-03,126.5,4,23,596.6,122.8,127.64,789.44,789.44,24.95,2,0,4,0,2450.69,1
CUST-3418,60,Female,Urban,58,Month-to-Month,2021-11-03,48.5,5,22,272.2,32.8,59.48,3621.79,3621.79,14.35,2,0,3,1,856.51,0
CUST-3419,27,Female,Suburban,12,Month-to-Month,2025-09-02,71.6,4,14,234.3,52.0,66.25,765.89,765.89,0.41,5,0,2,0,636.0,1
CUST-3420,47,Female,Urban,55,Two-Year,2022-02-02,59.5,4,18,47.1,9.8,47.22,2632.83,2632.83,5.46,2,0,3,0,679.97,0
CUST-3421,67,Female,Urban,72,Month-to-Month,2020-09-04,115.9,5,12,126.8,120.0,125.12,9391.79,9391.79,14.1,2,2,2,1,960.92,1
CUST-3422,35,Male,Suburban,19,Month-to-Month,2025-02-01,54.1,4,20,410.8,7.3,45.66,902.22,902.22,32.59,0,0,5,2,1095.84,0
CUST-3423,34,Male,Urban,15,Month-to-Month,2025-06-02,30.0,7,18,662.8,6.4,129.2,1915.39,1915.39,43.82,1,0,4,1,2480.64,1
CUST-3424,43,Male,Suburban,54,Month-to-Month,2022-03-05,97.9,8,20,641.0,176.2,84.54,4732.14,4732.14,77.58,2,0,3,1,1217.38,1
CUST-3425,25,Male,Urban,25,Two-Year,2024-08-02,80.8,6,25,592.2,134.4,104.8,2539.2,2539.2,28.3,3,0,3,1,1509.12,1
CUST-3426,64,Female,Urban,38,One-Year,2023-07-04,116.2,4,17,194.6,55.6,87.97,3387.03,3387.03,17.54,3,0,3,1,1266.77,0
CUST-3427,57,Male,Urban,33,One-Year,2023-12-03,109.4,10,23,700.5,7.3,106.86,3560.94,3560.94,41.15,0,0,4,1,2051.71,0
CUST-3428,66,Female,Urban,6,Month-to-Month,2026-03-03,83.7,10,19,563.6,51.3,59.61,367.78,367.78,17.41,2,0,3,1,858.38,1
CUST-3429,29,Female,Urban,62,Two-Year,2021-07-05,41.7,1,12,185.7,164.6,146.14,8815.13,8815.13,4.02,1,1,3,0,1893.97,0
CUST-3430,44,Male,Urban,8,One-Year,2026-01-01,49.1,10,15,227.5,61.6,119.1,965.08,965.08,0.14,0,1,3,0,1543.54,0
CUST-3431,25,Male,Rural,72,Month-to-Month,2020-09-04,31.8,3,15,595.7,14.4,66.55,4844.51,4844.51,43.13,2,1,2,0,574.99,0
CUST-3432,42,Female,Urban,10,Month-to-Month,2025-11-01,80.9,4,10,607.3,153.6,61.87,592.98,592.98,80.27,2,2,2,0,475.16,1
CUST-3433,63,Female,Urban,44,Two-Year,2023-01-03,65.2,5,15,378.9,130.4,102.61,4438.35,4438.35,39.67,2,1,3,0,1329.83,0
CUST-3434,21,Male,Suburban,11,One-Year,2025-10-02,79.6,2,18,360.8,51.4,145.47,1553.36,1553.36,0.98,1,1,4,0,2513.72,0
CUST-3435,50,Male,Suburban,13,One-Year,2025-08-02,90.2,9,14,537.6,124.3,46.43,633.74,633.74,8.67,3,2,2,0,356.58,1
CUST-3436,18,Female,Urban,13,Month-to-Month,2025-08-02,141.9,7,18,482.4,3.8,122.72,1673.63,1673.63,102.4,1,1,4,0,2120.6,1
CUST-3437,36,Female,Suburban,46,Month-to-Month,2022-11-03,102.4,6,18,559.8,40.2,111.5,5002.02,5002.02,43.29,2,0,2,0,1070.4,1
CUST-3438,48,Male,Suburban,27,One-Year,2024-06-03,87.1,7,11,192.0,12.7,47.98,1335.43,1335.43,46.81,1,1,3,0,621.82,0
CUST-3439,33,Female,Urban,71,One-Year,2020-10-04,38.1,6,19,447.2,118.1,97.51,7142.3,7142.3,57.45,2,0,4,0,1872.19,0
CUST-3440,31,Male,Urban,13,Month-to-Month,2025-08-02,85.8,8,24,514.4,230.6,131.77,1787.68,1787.68,85.3,1,0,4,0,2529.98,1
CUST-3441,70,Male,Rural,39,One-Year,2023-06-04,111.5,8,15,485.2,173.5,131.14,4924.8,4924.8,20.24,2,0,3,1,1888.42,1
CUST-3442,65,Male,Suburban,46,Month-to-Month,2022-11-03,96.7,7,27,456.4,45.5,137.78,6444.1,6444.1,19.68,1,0,4,1,2645.38,0
CUST-3443,22,Male,Suburban,6,One-Year,2026-03-03,53.6,6,20,316.4,46.5,132.38,770.92,770.92,0.82,3,0,3,1,1906.27,1
CUST-3444,58,Male,Urban,17,Two-Year,2025-04-03,73.7,5,16,510.4,155.2,86.06,1486.09,1486.09,96.85,2,0,3,0,1239.26,0
CUST-3445,43,Female,Urban,22,Two-Year,2024-11-02,87.2,5,14,131.7,83.1,51.28,1170.15,1170.15,4.89,0,1,3,0,664.59,0
CUST-3446,45,Male,Suburban,15,Month-to-Month,2025-06-02,72.8,7,21,492.1,5.0,37.75,542.54,542.54,20.97,3,0,3,0,543.6,1
CUST-3447,19,Male,Urban,13,Month-to-Month,2025-08-02,66.5,1,23,714.6,8.9,137.74,1815.15,1815.15,32.07,4,0,2,0,1322.3,1
CUST-3448,67,Male,Urban,39,One-Year,2023-06-04,20.6,6,24,488.4,197.0,164.47,6438.45,6438.45,177.46,4,0,3,1,2368.37,1
CUST-3449,23,Female,Suburban,8,One-Year,2026-01-01,62.0,4,21,284.6,29.6,123.69,957.42,957.42,17.84,3,1,2,0,1068.68,1
CUST-3450,26,Male,Urban,41,Month-to-Month,2023-04-04,92.5,8,15,391.1,13.5,139.78,5580.57,5580.57,38.67,1,2,3,0,1610.27,1
CUST-3451,50,Male,Suburban,72,Two-Year,2020-09-04,111.3,6,15,302.4,86.5,69.5,5014.26,5014.26,106.78,1,1,4,2,1200.96,0
CUST-3452,58,Female,Suburban,28,Month-to-Month,2024-05-03,87.3,8,18,486.4,137.6,140.59,4078.43,4078.43,29.66,5,0,3,0,2024.5,1
CUST-3453,42,Female,Urban,32,Month-to-Month,2024-01-03,116.8,9,22,454.3,15.0,85.01,2767.98,2767.98,26.75,0,2,3,0,979.32,1
CUST-3454,65,Male,Suburban,3,Month-to-Month,2026-06-02,82.6,8,28,281.6,18.8,119.73,342.22,342.22,29.79,1,0,3,0,1724.11,1
CUST-3455,30,Female,Urban,66,Month-to-Month,2021-03-05,58.7,7,19,644.2,149.6,117.69,7477.19,7477.19,59.6,0,1,3,1,1525.26,0
CUST-3456,26,Female,Suburban,12,Month-to-Month,2025-09-02,70.8,10,12,393.5,2.0,122.61,1527.62,1527.62,1.52,0,0,5,0,2942.64,0
CUST-3457,70,Female,Urban,32,Two-Year,2024-01-03,100.0,8,15,527.7,155.1,93.95,3052.29,3052.29,49.97,0,0,4,0,1803.84,0
CUST-3458,30,Male,Urban,72,Month-to-Month,2020-09-04,77.0,4,15,730.1,2.6,139.14,9535.27,9535.27,6.62,2,0,3,0,2003.62,0
CUST-3459,48,Female,Suburban,30,Month-to-Month,2024-03-03,65.7,5,16,229.0,6.5,51.19,1550.47,1550.47,51.02,2,0,4,1,982.85,0
CUST-3460,58,Male,Urban,43,Two-Year,2023-02-02,38.3,6,23,732.2,128.9,121.68,5058.83,5058.83,56.34,1,0,5,0,2920.32,0
CUST-3461,28,Female,Rural,20,One-Year,2025-01-01,58.2,6,20,340.1,18.6,120.08,2502.45,2502.45,34.44,1,0,4,1,2305.54,0
CUST-3462,21,Female,Urban,3,One-Year,2026-06-02,73.1,2,14,689.0,16.5,94.84,273.78,273.78,20.24,0,1,4,0,1638.84,1
CUST-3463,51,Male,Urban,53,Month-to-Month,2022-04-04,67.6,4,20,665.2,120.8,76.51,3883.49,3883.49,46.15,2,1,3,0,991.57,0
CUST-3464,55,Female,Urban,2,Two-Year,2026-07-03,55.8,7,19,337.4,50.8,97.17,197.15,197.15,0.67,3,0,4,1,1865.66,0
CUST-3465,63,Male,Urban,40,Month-to-Month,2023-05-04,131.7,7,13,429.8,28.1,87.25,3592.17,3592.17,36.62,0,1,4,1,1507.68,1
CUST-3466,21,Female,Urban,1,Month-to-Month,2026-08-02,103.0,5,17,112.1,81.4,59.08,57.74,57.74,9.25,2,0,4,0,1134.34,1
CUST-3467,55,Male,Suburban,66,Month-to-Month,2021-03-05,150.8,9,18,388.6,107.9,128.95,8341.63,8341.63,37.8,3,1,3,1,1671.19,1
CUST-3468,36,Male,Suburban,6,Month-to-Month,2026-03-03,36.8,8,20,271.3,129.1,75.09,444.09,444.09,5.19,1,1,3,1,973.17,1
CUST-3469,23,Male,Rural,24,Month-to-Month,2024-09-02,94.4,7,22,316.9,8.3,121.93,3004.1,3004.1,6.93,0,1,3,1,1580.21,1
CUST-3470,51,Female,Rural,30,One-Year,2024-03-03,72.0,8,17,461.5,56.8,58.16,1703.27,1703.27,21.04,0,0,3,0,837.5,0
CUST-3471,35,Male,Urban,21,Month-to-Month,2024-12-02,85.6,8,16,526.6,73.7,93.82,1889.08,1889.08,26.42,2,0,4,1,1801.34,0
CUST-3472,30,Male,Suburban,14,One-Year,2025-07-03,140.5,2,21,336.2,8.0,106.16,1457.88,1457.88,18.84,1,0,5,1,2547.84,0
CUST-3473,58,Male,Urban,21,Month-to-Month,2024-12-02,32.8,6,13,456.2,61.2,148.7,3268.23,3268.23,33.05,1,4,2,1,856.51,1
CUST-3474,40,Female,Suburban,13,Month-to-Month,2025-08-02,67.8,8,22,362.4,2.1,56.48,729.43,729.43,1.92,4,0,3,0,813.31,0
CUST-3475,36,Female,Urban,19,Month-to-Month,2025-02-01,62.6,4,15,530.8,27.2,102.17,1952.87,1952.87,7.52,2,0,4,2,1961.66,0
CUST-3476,62,Male,Rural,15,Two-Year,2025-06-02,67.9,5,14,408.1,12.3,44.48,684.7,684.7,0.13,6,0,2,0,427.01,1
CUST-3477,28,Male,Suburban,28,Two-Year,2024-05-03,21.7,7,15,252.8,53.5,127.29,3584.98,3584.98,29.22,1,1,2,0,1099.79,0
CUST-3478,18,Male,Rural,9,Two-Year,2025-12-02,123.6,8,12,320.4,13.8,126.13,1152.97,1152.97,41.07,0,0,4,1,2421.7,1
CUST-3479,41,Male,Suburban,72,One-Year,2020-09-04,124.8,4,16,401.0,101.2,142.29,10634.54,10634.54,23.13,2,0,3,0,2048.98,0
CUST-3480,71,Male,Rural,23,One-Year,2024-10-02,102.5,6,22,564.4,8.4,135.0,3065.55,3065.55,21.65,3,1,2,1,1166.4,1
CUST-3481,24,Female,Suburban,8,One-Year,2026-01-01,44.8,3,18,722.7,92.2,79.73,613.06,613.06,19.41,1,1,2,0,688.87,0
CUST-3482,42,Male,Urban,22,One-Year,2024-11-02,93.3,3,13,334.9,6.8,102.66,2166.93,2166.93,14.33,3,0,3,1,1478.3,0
CUST-3483,38,Male,Urban,67,Month-to-Month,2021-02-03,111.0,7,19,134.1,38.0,67.01,4616.57,4616.57,31.06,5,0,2,0,643.3,0
CUST-3484,32,Male,Urban,1,Month-to-Month,2026-08-02,96.7,8,16,675.6,77.9,129.13,131.13,131.13,0.22,3,3,1,0,433.88,1
CUST-3485,18,Female,Urban,38,Month-to-Month,2023-07-04,83.5,8,16,551.6,11.4,74.51,2850.2,2850.2,31.68,5,1,2,0,643.77,1
CUST-3486,29,Female,Urban,27,Month-to-Month,2024-06-03,127.3,7,19,502.3,90.7,102.42,2884.25,2884.25,23.56,0,1,3,0,1327.36,1
CUST-3487,24,Female,Urban,7,Month-to-Month,2026-02-01,63.7,10,17,211.5,199.3,70.19,497.56,497.56,34.38,1,1,3,0,909.66,1
CUST-3488,32,Male,Urban,56,Month-to-Month,2022-01-03,79.9,3,12,436.3,30.4,127.36,6809.56,6809.56,67.45,1,0,4,1,2445.31,1
CUST-3489,38,Male,Rural,16,Month-to-Month,2025-05-03,103.8,6,8,576.8,2.0,80.84,1289.39,1289.39,61.76,2,0,4,0,1552.13,0
CUST-3490,36,Male,Rural,12,Month-to-Month,2025-09-02,94.5,3,16,195.7,42.1,104.97,1223.73,1223.73,57.6,1,0,4,1,2015.42,0
CUST-3491,46,Male,Urban,58,Two-Year,2021-11-03,101.8,2,20,615.1,151.3,124.66,7317.98,7317.98,18.56,2,1,2,1,1077.06,0
CUST-3492,42,Female,Urban,34,Month-to-Month,2023-11-03,101.0,8,19,524.5,71.1,67.2,2213.44,2213.44,17.3,4,0,3,0,967.68,1
CUST-3493,50,Female,Urban,72,Month-to-Month,2020-09-04,100.7,3,17,670.6,79.0,128.27,9369.34,9369.34,8.11,2,0,5,2,3078.48,1
CUST-3494,66,Female,Urban,33,Two-Year,2023-12-03,74.1,5,19,593.5,102.2,136.13,4664.49,4664.49,1.13,1,1,4,0,2352.33,0
CUST-3495,49,Female,Suburban,45,Month-to-Month,2022-12-03,64.1,10,19,52.0,155.2,107.6,4637.26,4637.26,24.62,2,0,4,1,2065.92,1
CUST-3496,66,Male,Urban,60,Month-to-Month,2021-09-03,89.1,4,24,269.6,8.7,130.08,7616.68,7616.68,128.71,0,0,4,0,2497.54,0
CUST-3497,52,Female,Suburban,2,Month-to-Month,2026-07-03,130.3,4,15,572.6,58.0,52.2,106.21,106.21,48.83,2,0,4,0,1002.24,1
CUST-3498,61,Male,Rural,50,Month-to-Month,2022-07-04,84.3,5,25,229.7,143.3,94.16,4807.44,4807.44,27.75,5,0,2,0,903.94,1
CUST-3499,55,Male,Suburban,32,Month-to-Month,2024-01-03,103.0,5,12,310.0,97.2,44.68,1442.17,1442.17,12.39,1,2,3,0,514.71,0
CUST-3500,43,Female,Urban,3,Month-to-Month,2026-06-02,88.4,9,21,420.6,18.6,73.63,212.92,212.92,4.55,2,1,2,1,636.16,1
CUST-3501,28,Male,Suburban,24,Month-to-Month,2024-09-02,146.0,5,18,359.7,135.0,159.9,3738.83,3738.83,10.72,1,0,4,0,3070.08,1
CUST-3502,52,Male,Urban,3,One-Year,2026-06-02,80.9,2,13,90.2,22.6,81.66,254.96,254.96,26.74,4,1,2,0,705.54,1
CUST-3503,25,Male,Urban,44,One-Year,2023-01-03,103.1,3,16,530.0,34.4,78.37,3558.36,3558.36,34.24,2,1,3,0,1015.68,0
CUST-3504,63,Female,Urban,26,One-Year,2024-07-03,63.4,1,18,409.6,13.3,106.1,2882.74,2882.74,15.95,2,0,4,0,2037.12,0
CUST-3505,31,Female,Urban,72,Month-to-Month,2020-09-04,51.4,9,22,493.7,140.7,51.7,3688.55,3688.55,3.88,2,1,3,1,670.03,0
CUST-3506,27,Male,Urban,7,Month-to-Month,2026-02-01,84.8,12,13,413.6,6.3,66.64,463.66,463.66,10.68,3,0,2,0,639.74,1
CUST-3507,19,Female,Urban,31,Two-Year,2024-02-02,120.4,3,13,40.7,333.7,136.36,4125.23,4125.23,10.4,1,0,4,0,2618.11,0
CUST-3508,63,Male,Suburban,8,Month-to-Month,2026-01-01,104.0,3,14,333.3,25.9,84.55,678.06,678.06,26.81,0,1,4,0,1461.02,1
CUST-3509,26,Male,Suburban,32,Two-Year,2024-01-03,22.4,7,19,284.5,80.6,110.98,3668.5,3668.5,3.82,1,1,3,0,1438.3,1
CUST-3510,20,Female,Urban,43,Month-to-Month,2023-02-02,107.0,12,14,455.4,9.0,42.32,1773.84,1773.84,11.9,4,2,2,0,325.02,1
CUST-3511,38,Female,Urban,43,Two-Year,2023-02-02,39.1,3,20,569.3,43.5,77.82,3226.01,3226.01,14.73,1,1,4,0,1344.73,0
CUST-3512,43,Female,Suburban,56,Month-to-Month,2022-01-03,110.2,7,20,379.3,2.7,98.26,5640.42,5640.42,26.22,2,0,4,1,1886.59,1
CUST-3513,25,Male,Urban,64,Month-to-Month,2021-05-05,101.3,3,11,563.3,137.0,80.23,5234.02,5234.02,12.42,0,1,3,1,1039.78,0
CUST-3514,65,Female,Rural,3,One-Year,2026-06-02,80.5,10,12,697.3,38.4,101.25,313.75,313.75,5.68,2,0,4,1,1944.0,1
CUST-3515,19,Female,Suburban,14,One-Year,2025-07-03,106.8,3,15,555.6,88.3,148.44,2130.43,2130.43,0.9,2,0,4,1,2850.05,0
CUST-3516,23,Female,Urban,39,Month-to-Month,2023-06-04,77.1,7,14,786.9,146.2,153.92,5954.43,5954.43,6.65,2,0,3,0,2216.45,0
CUST-3517,45,Male,Urban,23,Two-Year,2024-10-02,89.5,3,14,238.2,4.6,109.13,2423.85,2423.85,60.95,0,2,3,0,1257.18,1
CUST-3518,70,Female,Urban,7,Month-to-Month,2026-02-01,41.9,6,28,642.2,46.6,52.41,374.74,374.74,15.09,3,2,1,0,201.25,1
CUST-3519,46,Female,Urban,27,Month-to-Month,2024-06-03,77.3,3,19,363.8,13.7,117.24,3285.26,3285.26,27.1,2,0,3,1,1688.26,1
CUST-3520,43,Male,Urban,18,One-Year,2025-03-03,112.7,10,18,506.8,4.6,77.07,1339.1,1339.1,23.57,3,0,3,0,1109.81,0
CUST-3521,42,Male,Suburban,17,One-Year,2025-04-03,45.1,6,27,177.4,63.2,143.94,2451.55,2451.55,11.32,3,1,2,0,1243.64,1
CUST-3522,29,Male,Urban,55,Two-Year,2022-02-02,109.6,4,14,794.2,7.9,96.49,5216.13,5216.13,64.91,2,4,1,1,277.89,1
CUST-3523,22,Female,Urban,18,Month-to-Month,2025-03-03,24.4,5,20,320.6,44.0,56.63,1021.32,1021.32,97.68,2,3,2,3,380.55,1
CUST-3524,51,Female,Suburban,1,Month-to-Month,2026-08-02,49.3,10,23,601.7,14.3,63.07,60.11,60.11,8.36,1,2,2,1,484.38,1
CUST-3525,65,Female,Urban,2,One-Year,2026-07-03,75.6,5,18,774.8,14.3,63.84,125.81,125.81,57.66,2,0,3,0,919.3,1
CUST-3526,54,Female,Urban,64,Month-to-Month,2021-05-05,89.6,7,15,442.8,48.1,63.99,4088.9,4088.9,49.34,3,0,2,0,614.3,1
CUST-3527,32,Female,Urban,72,Month-to-Month,2020-09-04,67.8,8,18,677.5,52.7,121.66,8453.7,8453.7,63.76,0,1,5,1,2627.86,0
CUST-3528,61,Male,Urban,39,Month-to-Month,2023-06-04,67.0,8,20,225.8,2.0,64.03,2474.07,2474.07,18.4,1,1,3,0,829.83,0
CUST-3529,53,Male,Suburban,15,Month-to-Month,2025-06-02,118.2,4,15,610.4,45.2,54.27,787.68,787.68,40.57,1,1,3,0,703.34,0
CUST-3530,32,Female,Urban,72,Month-to-Month,2020-09-04,120.7,6,16,476.8,72.0,104.35,7299.57,7299.57,7.38,1,0,3,0,1502.64,0
CUST-3531,60,Male,Suburban,36,Month-to-Month,2023-09-03,72.3,9,19,410.8,73.8,89.51,3376.28,3376.28,120.6,2,1,3,0,1160.05,0
CUST-3532,65,Male,Urban,62,One-Year,2021-07-05,73.2,8,25,336.3,123.3,46.04,2883.54,2883.54,44.89,2,1,2,0,397.79,0
CUST-3533,40,Female,Urban,48,One-Year,2022-09-03,76.4,9,14,192.6,146.7,79.1,3754.81,3754.81,2.79,1,2,3,0,911.23,0
CUST-3534,23,Male,Urban,16,Month-to-Month,2025-05-03,151.5,6,21,474.7,63.4,38.9,623.72,623.72,73.63,4,2,3,0,448.13,1
CUST-3535,63,Male,Suburban,22,Month-to-Month,2024-11-02,85.5,5,19,375.5,42.7,119.62,2600.87,2600.87,111.86,4,0,3,0,1722.53,1
CUST-3536,67,Male,Urban,7,Month-to-Month,2026-02-01,132.1,7,22,563.2,14.8,136.59,965.87,965.87,14.21,1,0,4,0,2622.53,1
CUST-3537,61,Male,Urban,12,Month-to-Month,2025-09-02,107.0,5,16,502.8,8.8,83.84,955.82,955.82,27.09,2,1,3,0,1086.57,1
CUST-3538,60,Female,Suburban,50,One-Year,2022-07-04,81.9,7,27,509.0,61.1,98.35,4787.74,4787.74,168.66,1,0,3,2,1416.24,0
CUST-3539,62,Female,Urban,72,Two-Year,2020-09-04,65.6,7,15,562.4,190.4,150.75,11384.67,11384.67,20.98,4,0,2,0,1447.2,1
CUST-3540,38,Female,Urban,43,One-Year,2023-02-02,108.4,2,21,260.8,21.2,30.36,1254.87,1254.87,38.35,1,0,4,2,582.91,1
CUST-3541,40,Male,Suburban,21,One-Year,2024-12-02,61.4,7,24,181.6,6.8,44.69,898.97,898.97,21.08,0,1,4,0,772.24,0
CUST-3542,60,Female,Urban,3,Month-to-Month,2026-06-02,73.4,6,19,278.0,35.8,105.63,316.67,316.67,2.75,0,0,4,1,2028.1,1
CUST-3543,33,Female,Suburban,2,Month-to-Month,2026-07-03,104.8,7,13,395.1,2.0,110.6,216.57,216.57,24.94,1,0,4,1,2123.52,0
CUST-3544,64,Female,Urban,16,Two-Year,2025-05-03,77.8,5,20,278.1,52.4,104.88,1683.75,1683.75,61.36,1,1,3,0,1359.24,0
CUST-3545,70,Male,Suburban,21,Two-Year,2024-12-02,73.2,7,12,225.9,3.3,133.51,2932.88,2932.88,1.48,2,0,4,0,2563.39,0
CUST-3546,32,Female,Suburban,31,Month-to-Month,2024-02-02,75.8,3,23,175.3,173.8,96.19,2870.42,2870.42,20.36,2,0,4,2,1846.85,1
CUST-3547,42,Female,Urban,1,Month-to-Month,2026-08-02,64.4,4,20,420.0,132.6,108.72,108.07,108.07,60.46,2,1,2,1,939.34,1
CUST-3548,53,Female,Suburban,72,One-Year,2020-09-04,98.5,1,27,404.4,7.9,136.18,10058.72,10058.72,15.26,0,3,3,0,1372.69,0
CUST-3549,28,Female,Rural,15,Month-to-Month,2025-06-02,86.1,7,7,446.8,10.3,130.01,1883.99,1883.99,132.65,3,1,3,1,1684.93,1
CUST-3550,68,Male,Urban,62,One-Year,2021-07-05,44.3,4,9,591.1,199.4,58.45,3700.76,3700.76,16.91,3,1,3,2,757.51,0
CUST-3551,32,Female,Urban,26,One-Year,2024-07-03,70.4,4,26,450.3,109.2,81.87,2107.38,2107.38,53.5,4,0,3,1,1178.93,1
CUST-3552,21,Male,Suburban,5,Month-to-Month,2026-04-02,74.0,11,18,545.7,185.1,137.75,697.07,697.07,9.86,2,2,2,2,1057.92,1
CUST-3553,38,Female,Suburban,53,Two-Year,2022-04-04,73.8,6,20,561.3,26.5,29.07,1544.66,1544.66,14.14,4,0,3,2,418.61,1
CUST-3554,30,Male,Urban,41,Two-Year,2023-04-04,103.0,8,17,229.6,7.6,125.39,5115.57,5115.57,44.68,1,1,3,1,1625.05,0
CUST-3555,39,Male,Rural,25,Two-Year,2024-08-02,63.9,3,15,814.7,62.1,92.06,2296.67,2296.67,2.06,2,0,3,0,1325.66,0
CUST-3556,36,Male,Urban,24,Month-to-Month,2024-09-02,166.1,9,13,297.5,221.2,68.13,1577.44,1577.44,3.45,4,0,3,1,981.07,0
CUST-3557,51,Female,Suburban,4,Month-to-Month,2026-05-03,126.6,5,18,430.1,9.0,77.24,306.93,306.93,10.86,3,0,3,1,1112.26,1
CUST-3558,31,Male,Suburban,36,One-Year,2023-09-03,126.4,5,26,342.0,111.1,98.31,3628.73,3628.73,10.11,2,0,4,1,1887.55,0
CUST-3559,21,Female,Rural,72,Month-to-Month,2020-09-04,54.0,6,19,427.9,29.0,71.54,5355.19,5355.19,2.39,2,0,3,0,1030.18,0
CUST-3560,65,Female,Urban,4,Month-to-Month,2026-05-03,24.1,4,24,677.0,8.0,78.44,317.73,317.73,124.99,4,0,4,0,1506.05,1
CUST-3561,70,Male,Suburban,11,Month-to-Month,2025-10-02,74.8,3,9,651.9,39.9,133.5,1516.56,1516.56,12.16,3,1,3,0,1730.16,1
CUST-3562,69,Male,Urban,72,One-Year,2020-09-04,93.8,8,17,366.5,43.6,68.81,4958.07,4958.07,44.87,3,0,2,0,660.58,0
CUST-3563,63,Male,Urban,11,Month-to-Month,2025-10-02,80.1,6,22,194.9,2.0,135.81,1451.51,1451.51,17.47,0,1,4,0,2346.8,1
CUST-3564,44,Female,Urban,35,Month-to-Month,2023-10-03,69.1,6,22,790.9,41.8,110.28,3946.24,3946.24,164.71,6,1,2,1,952.82,1
CUST-3565,46,Female,Suburban,26,Month-to-Month,2024-07-03,32.8,6,18,710.0,67.8,138.21,3665.99,3665.99,5.29,2,0,4,0,2653.63,1
CUST-3566,64,Male,Urban,30,One-Year,2024-03-03,64.8,6,11,40.9,94.0,63.14,1800.87,1800.87,16.41,1,0,4,0,1212.29,0
CUST-3567,45,Male,Urban,18,One-Year,2025-03-03,77.7,7,19,483.5,6.7,82.57,1483.21,1483.21,19.78,1,0,4,0,1585.34,0
CUST-3568,52,Female,Suburban,12,Month-to-Month,2025-09-02,70.1,6,19,194.9,136.0,110.42,1382.91,1382.91,44.22,3,0,3,0,1590.05,1
CUST-3569,25,Female,Suburban,2,Two-Year,2026-07-03,70.0,8,22,415.2,11.9,36.6,76.75,76.75,23.98,0,1,3,0,474.34,0
CUST-3570,33,Female,Suburban,45,Month-to-Month,2022-12-03,61.1,5,17,481.5,69.8,92.24,4132.92,4132.92,48.56,5,2,1,1,354.2,1
CUST-3571,59,Female,Rural,46,One-Year,2022-11-03,134.6,8,23,548.5,52.3,131.85,6199.62,6199.62,64.41,2,1,3,2,1708.78,1
CUST-3572,53,Male,Urban,37,One-Year,2023-08-04,106.3,9,15,138.8,137.8,51.68,1819.93,1819.93,11.95,2,0,3,1,744.19,0
CUST-3573,47,Male,Rural,34,One-Year,2023-11-03,113.7,3,17,734.8,2.6,99.25,3296.24,3296.24,57.02,0,1,3,1,1286.28,0
CUST-3574,35,Male,Rural,10,Month-to-Month,2025-11-01,93.2,1,22,270.0,13.8,140.78,1439.02,1439.02,23.67,1,0,4,2,2702.98,1
CUST-3575,19,Male,Urban,1,Two-Year,2026-08-02,44.9,5,16,354.2,8.5,86.92,88.25,88.25,2.79,1,0,4,0,1668.86,0
CUST-3576,66,Male,Urban,55,Two-Year,2022-02-02,107.2,7,21,480.4,25.8,63.76,3563.11,3563.11,12.34,2,1,4,2,1101.77,0
CUST-3577,30,Male,Urban,23,One-Year,2024-10-02,125.4,8,9,350.5,26.9,96.3,2258.42,2258.42,56.84,2,2,2,0,739.58,1
CUST-3578,21,Male,Urban,13,Month-to-Month,2025-08-02,129.8,1,23,538.4,6.0,88.17,1138.11,1138.11,17.24,5,1,2,1,761.79,1
CUST-3579,43,Female,Suburban,4,Month-to-Month,2026-05-03,103.7,3,18,519.0,46.9,44.13,184.25,184.25,3.43,0,0,4,2,847.3,0
CUST-3580,42,Female,Suburban,3,One-Year,2026-06-02,85.0,6,15,545.2,8.0,50.85,150.51,150.51,35.6,3,0,3,0,732.24,1
CUST-3581,47,Female,Suburban,15,Month-to-Month,2025-06-02,84.9,3,16,503.8,5.0,102.73,1602.91,1602.91,66.47,4,1,2,1,887.59,1
CUST-3582,28,Female,Urban,54,One-Year,2022-03-05,100.6,9,17,198.7,2.2,93.47,4825.44,4825.44,4.99,1,1,4,0,1615.16,0
CUST-3583,24,Male,Urban,72,Month-to-Month,2020-09-04,35.8,8,25,534.0,172.1,90.41,6736.83,6736.83,27.41,4,1,1,1,390.57,1
CUST-3584,48,Female,Rural,72,One-Year,2020-09-04,104.2,4,24,708.0,32.9,142.46,10055.35,10055.35,8.15,1,1,4,0,2461.71,0
CUST-3585,61,Male,Urban,72,Month-to-Month,2020-09-04,70.4,11,23,336.7,21.7,102.4,7490.59,7490.59,14.42,2,0,3,0,1474.56,0
CUST-3586,27,Female,Rural,72,Month-to-Month,2020-09-04,151.3,5,14,439.8,42.8,57.96,3987.41,3987.41,18.7,2,0,3,0,834.62,1
CUST-3587,56,Male,Urban,25,Month-to-Month,2024-08-02,76.0,7,17,627.8,11.2,80.86,1936.61,1936.61,0.18,1,0,3,0,1164.38,0
CUST-3588,30,Female,Rural,9,Month-to-Month,2025-12-02,90.8,8,19,625.4,33.9,111.91,962.57,962.57,15.39,1,0,4,0,2148.67,0
CUST-3589,48,Male,Urban,53,Month-to-Month,2022-04-04,89.3,8,17,320.2,13.7,104.34,5521.67,5521.67,12.96,3,1,3,1,1352.25,1
CUST-3590,24,Male,Urban,8,One-Year,2026-01-01,64.2,4,22,293.6,23.6,56.87,451.15,451.15,38.63,3,1,3,0,737.04,0
CUST-3591,66,Female,Urban,11,One-Year,2025-10-02,98.7,12,16,451.4,167.7,124.66,1346.46,1346.46,74.24,0,0,4,0,2393.47,0
CUST-3592,59,Male,Suburban,9,One-Year,2025-12-02,95.3,10,21,506.9,10.5,64.85,580.5,580.5,3.89,4,2,2,1,498.05,1
CUST-3593,59,Female,Rural,24,One-Year,2024-09-02,115.7,4,13,591.5,41.7,83.87,1975.36,1975.36,23.08,4,0,3,0,1207.73,0
CUST-3594,53,Female,Urban,13,Month-to-Month,2025-08-02,106.6,6,14,74.1,70.3,112.5,1516.83,1516.83,11.34,1,1,3,0,1458.0,1
CUST-3595,37,Female,Rural,6,Month-to-Month,2026-03-03,90.6,8,16,407.3,162.6,116.2,701.58,701.58,153.42,1,0,4,0,2231.04,0
CUST-3596,21,Female,Suburban,20,Month-to-Month,2025-01-01,60.4,6,13,458.2,166.7,131.96,2589.11,2589.11,53.05,5,0,2,0,1266.82,1
CUST-3597,71,Female,Suburban,68,One-Year,2021-01-03,61.3,4,15,151.1,18.5,71.68,4852.15,4852.15,4.39,0,0,5,1,1720.32,0
CUST-3598,24,Male,Suburban,28,Month-to-Month,2024-05-03,134.7,4,14,486.9,186.4,139.44,4047.67,4047.67,16.11,2,0,3,0,2007.94,0
CUST-3599,71,Female,Urban,70,Month-to-Month,2020-11-03,87.6,4,15,318.7,26.2,30.73,2131.55,2131.55,4.12,2,1,2,0,265.51,1
CUST-3600,18,Female,Urban,8,One-Year,2026-01-01,147.3,8,17,630.8,146.4,68.58,544.64,544.64,54.13,3,0,3,0,987.55,0
CUST-3601,61,Female,Rural,6,Two-Year,2026-03-03,60.5,5,18,389.7,6.4,137.87,813.79,813.79,23.37,0,1,4,0,2382.39,0
CUST-3602,62,Male,Rural,29,One-Year,2024-04-03,150.8,6,15,432.3,14.4,37.13,1050.98,1050.98,36.47,3,2,1,0,142.58,0
CUST-3603,59,Female,Rural,21,One-Year,2024-12-02,56.7,5,14,222.5,5.3,101.92,2134.27,2134.27,29.94,3,0,4,0,1956.86,0
CUST-3604,64,Female,Rural,36,One-Year,2023-09-03,71.8,7,22,679.3,23.1,133.89,4934.08,4934.08,7.06,1,0,4,0,2570.69,0
CUST-3605,30,Female,Urban,52,Month-to-Month,2022-05-05,98.3,9,18,619.1,134.6,144.03,7390.68,7390.68,0.46,1,0,3,1,2074.03,1
CUST-3606,39,Male,Suburban,46,One-Year,2022-11-03,114.9,8,15,459.4,11.3,131.66,5890.89,5890.89,71.47,1,0,4,0,2527.87,0
CUST-3607,71,Male,Urban,72,One-Year,2020-09-04,105.3,5,16,404.9,16.6,140.63,10287.37,10287.37,3.39,0,2,3,0,1620.06,0
CUST-3608,38,Male,Rural,17,Month-to-Month,2025-04-03,27.6,6,18,610.1,15.8,68.46,1199.73,1199.73,54.87,2,3,2,0,460.05,1
CUST-3609,39,Female,Urban,8,Month-to-Month,2026-01-01,67.8,5,22,575.0,20.9,66.1,503.51,503.51,7.44,1,0,4,0,1269.12,1
CUST-3610,45,Female,Suburban,27,Month-to-Month,2024-06-03,50.6,4,18,314.9,2.0,39.2,1072.41,1072.41,67.05,3,2,2,0,301.06,1
CUST-3611,26,Male,Urban,4,Month-to-Month,2026-05-03,43.6,4,18,303.6,35.8,53.55,222.79,222.79,31.53,4,1,2,1,462.67,1
CUST-3612,43,Male,Urban,12,Two-Year,2025-09-02,84.5,6,17,289.9,243.2,136.57,1571.39,1571.39,17.83,2,0,3,0,1966.61,0
CUST-3613,26,Male,Urban,8,Month-to-Month,2026-01-01,21.7,5,15,435.8,38.6,68.88,573.04,573.04,37.59,2,0,3,0,991.87,1
CUST-3614,32,Male,Rural,17,Month-to-Month,2025-04-03,115.0,5,17,381.8,109.1,80.6,1317.83,1317.83,11.2,1,0,5,3,1934.4,0
CUST-3615,27,Female,Suburban,4,Two-Year,2026-05-03,107.3,3,15,661.1,55.1,107.54,451.53,451.53,18.98,3,0,3,0,1548.58,0
CUST-3616,41,Female,Urban,2,Month-to-Month,2026-07-03,133.6,1,21,645.9,2.0,37.33,74.75,74.75,60.76,2,1,3,1,483.8,1
CUST-3617,59,Male,Suburban,36,Month-to-Month,2023-09-03,53.0,3,19,428.0,57.2,40.02,1473.85,1473.85,0.31,3,0,3,0,576.29,0
CUST-3618,25,Female,Suburban,31,Two-Year,2024-02-02,56.0,3,11,565.1,190.3,145.88,4324.56,4324.56,9.33,2,2,2,2,1120.36,0
CUST-3619,41,Male,Urban,41,Month-to-Month,2023-04-04,116.6,5,21,628.2,52.4,123.69,4869.69,4869.69,47.32,2,1,4,1,2137.36,0
CUST-3620,33,Female,Urban,36,One-Year,2023-09-03,118.8,11,27,864.7,48.8,76.6,2885.36,2885.36,44.49,2,1,3,0,992.74,1
CUST-3621,66,Male,Rural,4,Month-to-Month,2026-05-03,125.5,8,20,590.6,72.1,104.02,436.41,436.41,6.25,1,1,3,0,1348.1,1
CUST-3622,43,Male,Suburban,12,Month-to-Month,2025-09-02,119.6,7,15,562.8,133.1,72.34,848.73,848.73,142.59,0,0,4,0,1388.93,0
CUST-3623,44,Male,Urban,5,Month-to-Month,2026-04-02,91.6,8,16,22.0,54.1,75.39,370.99,370.99,39.5,0,0,5,0,1809.36,0
CUST-3624,54,Female,Suburban,61,Month-to-Month,2021-08-04,71.2,5,26,649.0,33.9,34.27,1988.03,1988.03,16.25,2,0,3,1,493.49,0
CUST-3625,21,Female,Urban,46,Two-Year,2022-11-03,107.0,9,20,471.7,2.5,56.83,2733.39,2733.39,15.12,2,1,3,0,736.52,0
CUST-3626,67,Female,Urban,8,Two-Year,2026-01-01,71.7,8,16,323.0,7.7,28.03,233.61,233.61,25.89,3,0,3,1,403.63,0
CUST-3627,41,Male,Urban,14,Two-Year,2025-07-03,88.2,6,17,308.9,68.0,83.97,1130.43,1130.43,1.29,2,0,4,0,1612.22,0
CUST-3628,36,Male,Urban,72,Month-to-Month,2020-09-04,73.5,4,17,518.0,62.7,94.17,6688.75,6688.75,43.88,4,0,3,1,1356.05,0
CUST-3629,53,Male,Suburban,30,Two-Year,2024-03-03,93.0,5,16,201.6,17.8,84.63,2657.38,2657.38,2.48,1,1,2,0,731.2,0
CUST-3630,56,Female,Rural,54,One-Year,2022-03-05,122.3,1,20,261.5,82.5,76.56,3979.53,3979.53,37.05,0,1,4,0,1322.96,0
CUST-3631,27,Male,Urban,11,Month-to-Month,2025-10-02,74.5,11,18,590.7,21.3,52.0,593.38,593.38,56.64,3,0,3,1,748.8,1
CUST-3632,42,Female,Urban,8,One-Year,2026-01-01,70.0,7,14,642.1,23.6,80.8,627.12,627.12,82.49,3,1,3,0,1047.17,1
CUST-3633,35,Female,Suburban,51,Month-to-Month,2022-06-04,81.8,4,16,715.4,4.1,125.66,6132.02,6132.02,5.59,0,1,3,0,1628.55,0
CUST-3634,36,Female,Rural,39,Month-to-Month,2023-06-04,49.6,7,23,252.3,51.9,145.86,5484.99,5484.99,47.89,1,1,4,1,2520.46,1
CUST-3635,53,Male,Suburban,38,One-Year,2023-07-04,104.9,4,19,319.1,22.1,64.27,2493.52,2493.52,143.22,2,1,3,1,832.94,0
CUST-3636,27,Male,Rural,27,One-Year,2024-06-03,88.5,1,13,482.5,111.1,153.72,3999.9,3999.9,2.46,0,2,3,1,1770.85,0
CUST-3637,50,Male,Urban,28,Month-to-Month,2024-05-03,83.9,8,21,628.2,105.1,90.74,2414.63,2414.63,1.0,1,1,4,0,1567.99,0
CUST-3638,67,Female,Suburban,44,Month-to-Month,2023-01-03,94.9,6,21,528.4,8.9,96.87,4379.79,4379.79,8.36,1,1,3,1,1255.44,1
CUST-3639,22,Female,Urban,11,Two-Year,2025-10-02,40.8,3,19,487.6,11.3,119.13,1330.81,1330.81,8.03,1,0,4,0,2287.3,0
CUST-3640,64,Male,Urban,15,One-Year,2025-06-02,127.0,8,13,345.1,25.2,70.11,1091.42,1091.42,13.47,1,3,2,0,471.14,1
CUST-3641,66,Male,Urban,68,Month-to-Month,2021-01-03,69.4,7,5,243.3,56.5,57.43,3935.58,3935.58,89.99,0,1,4,0,992.39,0
CUST-3642,52,Female,Urban,13,Month-to-Month,2025-08-02,73.8,0,18,179.7,27.3,60.49,750.64,750.64,40.22,4,0,1,0,290.35,1
CUST-3643,61,Female,Rural,26,Month-to-Month,2024-07-03,111.0,3,15,383.7,28.0,125.64,3110.36,3110.36,0.38,3,0,4,1,2412.29,0
CUST-3644,51,Male,Rural,40,Two-Year,2023-05-04,103.3,4,18,323.2,9.8,133.94,5510.46,5510.46,23.94,2,0,4,0,2571.65,0
CUST-3645,50,Female,Urban,72,Month-to-Month,2020-09-04,145.0,6,18,343.0,26.6,43.76,3273.57,3273.57,72.98,5,0,3,1,630.14,1
CUST-3646,38,Male,Urban,19,Month-to-Month,2025-02-01,56.0,6,11,473.8,41.3,111.07,2173.7,2173.7,26.75,2,0,3,0,1599.41,1
CUST-3647,34,Male,Urban,19,Month-to-Month,2025-02-01,56.9,9,15,534.8,271.8,69.78,1309.12,1309.12,7.56,3,0,3,0,1004.83,0
CUST-3648,39,Female,Urban,61,Two-Year,2021-08-04,49.1,11,19,344.8,118.3,143.36,8886.69,8886.69,107.74,0,0,4,0,2752.51,0
CUST-3649,65,Female,Suburban,54,One-Year,2022-03-05,89.0,3,18,508.1,102.4,138.89,7183.4,7183.4,12.85,1,0,4,0,2666.69,0
CUST-3650,54,Female,Rural,44,One-Year,2023-01-03,76.9,13,22,545.2,53.3,122.08,5488.75,5488.75,15.08,4,1,2,0,1054.77,1
CUST-3651,32,Male,Rural,21,Month-to-Month,2024-12-02,64.1,3,22,356.0,29.0,124.16,2542.07,2542.07,15.42,0,0,5,0,2979.84,0
CUST-3652,52,Female,Suburban,13,Month-to-Month,2025-08-02,83.0,8,19,347.0,126.4,113.46,1539.04,1539.04,17.57,3,1,3,0,1470.44,1
CUST-3653,45,Male,Suburban,31,Two-Year,2024-02-02,54.0,10,19,465.3,27.7,46.1,1405.91,1405.91,43.18,0,0,5,1,1106.4,0
CUST-3654,24,Male,Urban,69,Two-Year,2020-12-04,131.4,5,21,272.9,58.4,138.93,9432.11,9432.11,13.22,3,0,3,0,2000.59,0
CUST-3655,49,Female,Urban,71,Two-Year,2020-10-04,64.0,11,17,922.4,19.3,44.12,3065.59,3065.59,21.89,4,1,2,0,381.2,0
CUST-3656,28,Male,Urban,4,Two-Year,2026-05-03,67.9,12,15,503.8,97.4,65.5,265.5,265.5,10.7,2,1,3,0,848.88,0
CUST-3657,27,Female,Suburban,19,One-Year,2025-02-01,13.4,6,24,249.5,47.0,81.8,1491.55,1491.55,24.82,0,1,3,0,1060.13,1
CUST-3658,26,Female,Suburban,21,One-Year,2024-12-02,35.6,4,14,529.8,146.6,104.26,2091.7,2091.7,103.04,3,2,2,0,800.72,0
CUST-3659,31,Male,Urban,72,Two-Year,2020-09-04,67.4,9,17,366.4,54.7,44.28,3250.69,3250.69,11.97,3,0,4,0,850.18,0
CUST-3660,30,Male,Urban,38,One-Year,2023-07-04,75.8,5,29,621.2,11.7,114.34,4538.53,4538.53,59.33,4,2,3,0,1317.2,0
CUST-3661,42,Male,Urban,18,Month-to-Month,2025-03-03,106.6,10,18,504.6,322.0,89.1,1642.89,1642.89,8.65,3,0,3,0,1283.04,0
CUST-3662,19,Male,Rural,1,Month-to-Month,2026-08-02,40.1,8,15,527.2,45.3,107.09,104.41,104.41,5.47,1,0,3,2,1542.1,1
CUST-3663,52,Female,Urban,28,Two-Year,2024-05-03,98.6,5,21,20.0,18.8,79.79,2203.32,2203.32,3.34,2,1,2,0,689.39,0
CUST-3664,24,Female,Suburban,4,Month-to-Month,2026-05-03,103.7,7,15,500.2,26.0,122.15,474.11,474.11,136.68,4,0,2,0,1172.64,1
CUST-3665,38,Male,Suburban,60,Two-Year,2021-09-03,105.3,6,23,732.7,8.4,60.25,3681.55,3681.55,29.57,1,2,3,0,694.08,0
CUST-3666,35,Male,Urban,46,Month-to-Month,2022-11-03,116.1,4,17,731.0,5.0,121.95,5462.36,5462.36,25.27,6,1,2,0,1053.65,1
CUST-3667,20,Female,Suburban,21,Month-to-Month,2024-12-02,50.1,5,23,829.3,38.9,59.85,1265.81,1265.81,0.25,1,0,3,0,861.84,0
CUST-3668,59,Female,Rural,19,Month-to-Month,2025-02-01,101.2,6,27,702.3,197.2,120.63,2369.78,2369.78,23.18,2,0,3,0,1737.07,0
CUST-3669,71,Male,Urban,72,Month-to-Month,2020-09-04,138.0,8,22,442.8,8.5,82.18,5926.67,5926.67,38.04,2,1,3,1,1065.05,1
CUST-3670,56,Male,Rural,12,Month-to-Month,2025-09-02,127.0,5,19,618.9,151.5,88.27,1069.14,1069.14,18.46,0,0,5,1,2118.48,1
CUST-3671,58,Female,Urban,10,Month-to-Month,2025-11-01,141.8,11,17,443.8,103.6,41.89,438.51,438.51,4.83,2,1,2,0,361.93,1
CUST-3672,66,Male,Urban,72,Two-Year,2020-09-04,92.2,6,19,557.5,106.7,86.76,6133.78,6133.78,10.9,3,1,3,2,1124.41,0
CUST-3673,28,Male,Rural,55,Month-to-Month,2022-02-02,67.2,4,15,622.3,80.5,50.68,2870.3,2870.3,43.83,1,0,4,1,973.06,0
CUST-3674,56,Female,Suburban,57,Month-to-Month,2021-12-04,9.1,4,21,465.7,58.2,59.63,3462.4,3462.4,22.57,4,0,3,0,858.67,1
CUST-3675,41,Female,Rural,8,Month-to-Month,2026-01-01,47.7,6,16,619.0,8.4,105.42,810.74,810.74,22.84,1,0,4,0,2024.06,0
CUST-3676,63,Female,Suburban,6,One-Year,2026-03-03,69.2,5,18,351.3,55.7,99.06,623.47,623.47,1.37,3,0,4,1,1901.95,1
CUST-3677,36,Female,Rural,1,One-Year,2026-08-02,74.6,3,17,573.1,28.2,89.84,91.54,91.54,26.38,0,1,4,1,1552.44,0
CUST-3678,21,Female,Suburban,9,One-Year,2025-12-02,61.2,4,21,488.3,7.2,90.95,778.76,778.76,19.35,0,3,3,0,916.78,0
CUST-3679,43,Male,Suburban,49,Month-to-Month,2022-08-04,95.2,3,12,361.5,105.9,54.69,2739.4,2739.4,74.1,0,0,4,1,1050.05,0
CUST-3680,55,Male,Suburban,10,Month-to-Month,2025-11-01,90.8,11,13,623.3,51.4,51.64,497.49,497.49,16.78,4,0,4,0,991.49,0
CUST-3681,59,Male,Urban,43,One-Year,2023-02-02,86.2,8,14,194.6,88.8,100.74,4242.29,4242.29,32.89,1,1,3,0,1305.59,0
CUST-3682,49,Male,Rural,10,One-Year,2025-11-01,108.6,5,19,400.7,42.4,78.15,769.65,769.65,96.15,0,0,4,0,1500.48,1
CUST-3683,56,Female,Urban,17,Month-to-Month,2025-04-03,70.9,3,16,451.5,52.2,86.09,1435.69,1435.69,29.23,1,2,2,0,661.17,1
CUST-3684,62,Female,Urban,72,Month-to-Month,2020-09-04,117.9,8,23,714.2,81.0,138.25,10197.32,10197.32,1.06,4,1,2,0,1194.48,1
CUST-3685,63,Female,Urban,10,Month-to-Month,2025-11-01,48.9,6,22,428.2,18.4,49.06,503.03,503.03,3.75,1,3,3,0,494.52,0
CUST-3686,53,Female,Suburban,16,Month-to-Month,2025-05-03,75.9,6,18,428.9,122.0,148.04,2375.38,2375.38,119.23,2,0,4,2,2842.37,1
CUST-3687,57,Male,Urban,12,One-Year,2025-09-02,94.6,3,20,648.8,35.5,128.94,1557.65,1557.65,28.11,4,2,1,0,495.13,1
CUST-3688,54,Male,Urban,4,Month-to-Month,2026-05-03,27.4,7,17,472.0,80.1,140.72,552.39,552.39,7.34,3,4,1,0,405.27,1
CUST-3689,50,Female,Rural,23,Month-to-Month,2024-10-02,69.9,7,15,308.7,25.7,102.6,2247.29,2247.29,29.36,2,2,2,1,787.97,1
CUST-3690,53,Female,Urban,16,Month-to-Month,2025-05-03,106.4,6,18,883.4,78.8,136.17,2146.41,2146.41,110.46,0,1,3,0,1764.76,0
CUST-3691,20,Female,Suburban,39,Two-Year,2023-06-04,72.2,6,17,615.7,2.9,139.42,5170.63,5170.63,1.61,0,1,3,0,1806.88,0
CUST-3692,26,Female,Urban,56,Two-Year,2022-01-03,30.3,8,16,392.6,172.2,105.04,6096.82,6096.82,26.21,6,0,2,1,1008.38,0
CUST-3693,25,Female,Urban,26,Two-Year,2024-07-03,58.4,6,17,426.7,100.5,139.18,3669.62,3669.62,5.12,2,0,4,1,2672.26,0
CUST-3694,50,Female,Urban,2,Month-to-Month,2026-07-03,44.6,9,20,247.0,71.0,139.58,292.54,292.54,20.72,2,0,5,0,3349.92,0
CUST-3695,23,Male,Suburban,32,One-Year,2024-01-03,99.9,5,16,496.8,25.4,64.44,1996.7,1996.7,37.2,1,1,4,1,1113.52,0
CUST-3696,58,Female,Urban,2,Month-to-Month,2026-07-03,88.5,7,22,618.2,120.2,93.94,190.85,190.85,21.51,1,0,4,0,1803.65,1
CUST-3697,56,Female,Rural,32,Month-to-Month,2024-01-03,38.2,4,12,126.1,94.9,105.2,3261.34,3261.34,115.2,2,0,3,0,1514.88,0
CUST-3698,21,Male,Urban,38,Month-to-Month,2023-07-04,35.9,6,10,487.7,39.2,71.04,2737.04,2737.04,30.75,2,1,2,0,613.79,1
CUST-3699,30,Female,Urban,8,One-Year,2026-01-01,63.3,4,23,190.9,14.3,64.19,513.1,513.1,115.96,1,0,4,1,1232.45,0
CUST-3700,66,Male,Urban,57,Month-to-Month,2021-12-04,85.9,7,12,392.6,12.5,70.66,4093.95,4093.95,13.21,2,1,3,0,915.75,0
CUST-3701,19,Female,Urban,72,Two-Year,2020-09-04,64.8,13,15,478.4,43.5,80.28,5910.4,5910.4,0.75,1,1,4,1,1387.24,0
CUST-3702,22,Male,Suburban,56,Month-to-Month,2022-01-03,95.5,3,13,483.9,99.4,68.93,3868.89,3868.89,5.88,1,0,3,0,992.59,1
CUST-3703,61,Female,Rural,12,Month-to-Month,2025-09-02,94.5,4,13,878.9,81.5,91.65,1099.11,1099.11,2.6,3,0,3,0,1319.76,1
CUST-3704,44,Male,Suburban,30,Month-to-Month,2024-03-03,101.0,5,18,502.0,44.2,121.19,3479.26,3479.26,47.01,1,0,3,0,1745.14,0
CUST-3705,49,Female,Urban,72,Month-to-Month,2020-09-04,42.6,5,16,348.6,14.9,99.05,7034.43,7034.43,7.37,0,0,5,0,2377.2,0
CUST-3706,38,Male,Urban,13,Month-to-Month,2025-08-02,76.7,4,11,280.0,17.8,71.34,909.05,909.05,49.52,3,1,3,1,924.57,1
CUST-3707,25,Male,Urban,57,Month-to-Month,2021-12-04,117.3,1,14,348.8,3.9,43.54,2512.95,2512.95,26.99,4,0,2,1,417.98,0
CUST-3708,55,Female,Rural,1,Month-to-Month,2026-08-02,64.8,4,19,517.3,12.6,121.66,118.93,118.93,8.55,3,0,3,1,1751.9,1
CUST-3709,25,Female,Urban,1,Month-to-Month,2026-08-02,60.6,2,20,133.0,2.0,84.1,81.85,81.85,33.27,2,0,4,0,1614.72,0
CUST-3710,67,Male,Suburban,47,Month-to-Month,2022-10-04,70.4,6,18,232.6,73.0,147.64,7181.03,7181.03,0.4,2,1,3,1,1913.41,1
CUST-3711,20,Male,Urban,48,Month-to-Month,2022-09-03,69.6,2,19,502.7,57.7,62.71,3108.95,3108.95,14.26,3,1,2,0,541.81,1
CUST-3712,71,Female,Urban,52,Month-to-Month,2022-05-05,88.6,4,17,416.7,287.2,88.27,4511.34,4511.34,53.75,2,1,3,1,1143.98,0
CUST-3713,61,Female,Urban,72,Month-to-Month,2020-09-04,67.6,4,17,534.9,93.5,39.95,2757.24,2757.24,48.41,1,3,3,0,402.7,0
CUST-3714,20,Female,Urban,5,Month-to-Month,2026-04-02,24.4,3,15,305.5,18.4,37.26,186.26,186.26,54.74,2,0,2,0,357.7,1
CUST-3715,39,Male,Suburban,9,Two-Year,2025-12-02,120.6,3,20,343.1,80.0,81.32,728.31,728.31,31.0,3,0,3,0,1171.01,0
CUST-3716,23,Female,Urban,72,Month-to-Month,2020-09-04,100.2,4,23,643.9,2.0,48.1,3591.28,3591.28,29.81,1,2,2,2,369.41,1
CUST-3717,19,Male,Suburban,7,Month-to-Month,2026-02-01,89.5,6,13,568.0,278.2,71.09,499.97,499.97,18.31,2,1,3,0,921.33,0
CUST-3718,40,Male,Urban,38,Two-Year,2023-07-04,82.2,8,13,176.6,61.9,60.21,2389.29,2389.29,103.84,3,0,3,2,867.02,0
CUST-3719,61,Female,Rural,25,Two-Year,2024-08-02,75.3,4,20,134.6,8.3,110.05,2746.67,2746.67,104.49,1,2,3,0,1267.78,1
CUST-3720,19,Female,Urban,3,Two-Year,2026-06-02,61.0,4,16,263.4,44.9,116.33,354.83,354.83,0.31,1,0,4,0,2233.54,0
CUST-3721,55,Female,Rural,12,One-Year,2025-09-02,28.7,9,17,344.1,183.5,69.74,835.18,835.18,114.66,4,3,1,1,234.33,1
CUST-3722,34,Male,Suburban,25,Month-to-Month,2024-08-02,133.8,8,16,618.9,123.2,151.17,3711.64,3711.64,71.56,1,0,4,0,2902.46,0
CUST-3723,52,Male,Rural,63,Month-to-Month,2021-06-04,85.6,5,20,225.6,23.1,46.75,2806.07,2806.07,32.6,2,0,4,0,897.6,0
CUST-3724,51,Male,Urban,41,One-Year,2023-04-04,36.7,3,19,582.7,32.8,40.19,1696.12,1696.12,13.73,2,1,3,1,520.86,0
CUST-3725,40,Female,Suburban,32,Two-Year,2024-01-03,54.2,8,20,382.5,124.9,62.47,2079.63,2079.63,19.11,2,0,4,0,1199.42,0
CUST-3726,47,Male,Urban,23,One-Year,2024-10-02,94.1,5,20,424.6,149.7,63.61,1497.21,1497.21,65.98,3,0,3,3,915.98,0
CUST-3727,69,Male,Urban,12,Two-Year,2025-09-02,93.5,5,17,371.1,159.9,121.63,1426.33,1426.33,5.59,0,1,3,1,1576.32,0
CUST-3728,25,Male,Urban,5,Month-to-Month,2026-04-02,62.6,6,18,510.0,192.0,71.77,370.22,370.22,33.94,4,1,2,1,620.09,1
CUST-3729,39,Female,Urban,18,Month-to-Month,2025-03-03,52.7,5,18,628.2,45.1,104.72,1906.23,1906.23,9.19,2,1,3,0,1357.17,1
CUST-3730,61,Male,Rural,1,Two-Year,2026-08-02,67.8,6,14,320.3,128.5,76.08,77.47,77.47,16.63,0,2,3,1,876.44,1
CUST-3731,53,Female,Urban,8,One-Year,2026-01-01,27.1,8,11,649.2,27.7,57.72,441.73,441.73,0.18,6,0,2,0,554.11,0
CUST-3732,22,Male,Suburban,19,Two-Year,2025-02-01,70.7,3,12,602.3,118.4,145.94,2795.55,2795.55,122.03,2,1,3,0,1891.38,0
CUST-3733,30,Female,Suburban,18,One-Year,2025-03-03,71.0,6,20,398.7,27.7,53.81,974.5,974.5,4.02,1,1,3,2,697.38,1
CUST-3734,46,Male,Urban,2,Month-to-Month,2026-07-03,130.8,5,16,332.9,60.9,133.57,271.46,271.46,50.46,4,1,2,1,1154.04,1
CUST-3735,48,Female,Suburban,30,Month-to-Month,2024-03-03,71.5,4,20,702.4,41.1,66.07,2035.94,2035.94,28.86,1,0,4,1,1268.54,0
CUST-3736,64,Female,Urban,27,Two-Year,2024-06-03,92.6,7,18,400.5,145.2,160.78,4299.66,4299.66,61.61,3,0,3,0,2315.23,0
CUST-3737,33,Male,Suburban,3,One-Year,2026-06-02,132.9,7,13,414.2,4.5,138.48,401.11,401.11,25.38,5,0,3,1,1994.11,1
CUST-3738,59,Female,Urban,72,Month-to-Month,2020-09-04,53.0,2,20,525.8,193.2,149.15,11193.98,11193.98,145.59,1,1,3,1,1932.98,0
CUST-3739,47,Male,Rural,4,Month-to-Month,2026-05-03,66.3,8,18,588.8,40.3,130.88,538.0,538.0,32.69,0,1,4,1,2261.61,0
CUST-3740,33,Female,Suburban,64,Month-to-Month,2021-05-05,68.8,5,15,692.5,42.7,126.08,8101.69,8101.69,33.54,3,0,3,0,1815.55,1
CUST-3741,29,Female,Rural,1,Month-to-Month,2026-08-02,34.8,8,16,544.1,114.3,114.56,112.89,112.89,88.75,2,0,3,0,1649.66,1
CUST-3742,34,Male,Urban,71,One-Year,2020-10-04,77.2,5,17,476.5,71.3,128.73,9582.17,9582.17,10.45,3,0,3,1,1853.71,0
CUST-3743,33,Male,Urban,1,Month-to-Month,2026-08-02,119.9,5,14,492.1,199.7,127.21,122.04,122.04,15.78,2,0,4,2,2442.43,1
CUST-3744,29,Male,Urban,47,Month-to-Month,2022-10-04,110.4,3,15,227.2,51.4,129.56,6353.97,6353.97,38.28,2,0,3,0,1865.66,1
CUST-3745,25,Male,Urban,15,One-Year,2025-06-02,120.5,6,15,395.4,53.2,140.56,2088.19,2088.19,5.32,3,0,3,0,2024.06,1
CUST-3746,37,Male,Urban,45,Month-to-Month,2022-12-03,66.0,1,22,273.6,231.7,146.39,6321.96,6321.96,58.05,1,0,4,1,2810.69,0
CUST-3747,20,Male,Suburban,17,Two-Year,2025-04-03,51.1,6,16,598.9,169.6,161.38,2710.31,2710.31,31.37,1,2,3,1,1859.1,1
CUST-3748,33,Male,Urban,3,Month-to-Month,2026-06-02,152.7,6,15,333.1,15.2,78.83,242.39,242.39,49.22,1,0,4,1,1513.54,1
CUST-3749,47,Female,Urban,48,Two-Year,2022-09-03,91.4,4,25,654.9,23.8,134.99,6430.78,6430.78,162.12,0,0,3,1,1943.86,0
CUST-3750,62,Male,Rural,3,Month-to-Month,2026-06-02,36.6,7,14,363.7,63.8,60.59,181.64,181.64,131.83,1,1,4,0,1047.0,1
CUST-3751,40,Male,Suburban,72,Month-to-Month,2020-09-04,161.8,5,12,329.3,182.2,55.94,4157.96,4157.96,20.77,2,0,3,1,805.54,0
CUST-3752,45,Female,Urban,2,Two-Year,2026-07-03,82.3,10,17,317.0,53.9,47.81,96.72,96.72,11.55,2,0,4,0,917.95,0
CUST-3753,68,Male,Urban,22,One-Year,2024-11-02,5.0,5,17,193.9,85.8,56.3,1259.42,1259.42,35.21,0,1,3,0,729.65,0
CUST-3754,57,Male,Urban,43,Month-to-Month,2023-02-02,128.6,3,22,299.6,6.4,120.77,5013.44,5013.44,43.49,2,0,3,0,1739.09,0
CUST-3755,71,Male,Urban,17,Two-Year,2025-04-03,15.7,7,13,317.0,48.1,78.33,1298.65,1298.65,12.22,2,0,4,1,1503.94,0
CUST-3756,22,Female,Suburban,9,Month-to-Month,2025-12-02,93.7,14,18,627.7,10.4,53.37,476.07,476.07,11.56,1,2,3,0,614.82,1
CUST-3757,37,Female,Urban,47,Two-Year,2022-10-04,110.3,6,13,397.7,19.6,121.36,5481.37,5481.37,8.47,1,0,3,0,1747.58,0
CUST-3758,57,Male,Rural,51,Month-to-Month,2022-06-04,105.4,4,21,415.4,11.8,50.02,2494.67,2494.67,84.06,1,1,4,1,864.35,0
CUST-3759,61,Female,Suburban,72,Month-to-Month,2020-09-04,131.7,4,16,377.0,11.8,35.72,2657.61,2657.61,3.75,2,0,4,1,685.82,0
CUST-3760,18,Female,Suburban,16,Month-to-Month,2025-05-03,115.5,6,14,636.4,311.5,125.34,1909.61,1909.61,9.9,2,2,2,1,962.61,1
CUST-3761,47,Female,Urban,24,Month-to-Month,2024-09-02,140.7,9,26,481.0,23.0,36.44,835.29,835.29,34.27,4,1,3,2,472.26,1
CUST-3762,38,Female,Urban,15,Month-to-Month,2025-06-02,82.2,5,24,284.7,54.2,65.2,996.29,996.29,22.06,2,1,4,0,1126.66,1
CUST-3763,37,Female,Suburban,10,Month-to-Month,2025-11-01,72.6,3,18,214.1,2.0,105.84,1046.35,1046.35,4.5,3,2,2,1,812.85,1
CUST-3764,23,Male,Urban,46,Month-to-Month,2022-11-03,74.6,6,22,356.7,106.7,84.08,3973.28,3973.28,11.96,2,0,4,1,1614.34,0
CUST-3765,39,Male,Urban,14,Month-to-Month,2025-07-03,126.2,9,18,667.9,74.1,46.18,674.44,674.44,18.36,0,1,3,0,598.49,1
CUST-3766,35,Male,Urban,19,Month-to-Month,2025-02-01,65.8,8,17,423.3,16.9,73.88,1370.98,1370.98,111.53,2,0,3,2,1063.87,1
CUST-3767,25,Female,Urban,17,Two-Year,2025-04-03,110.4,6,19,659.5,2.4,84.37,1367.88,1367.88,17.63,1,0,4,0,1619.9,0
CUST-3768,56,Female,Suburban,41,One-Year,2023-04-04,59.2,5,17,759.6,20.9,56.91,2323.03,2323.03,4.31,2,0,3,1,819.5,0
CUST-3769,49,Female,Urban,72,One-Year,2020-09-04,59.7,5,23,801.3,64.4,54.31,4091.85,4091.85,125.6,4,1,2,1,469.24,1
CUST-3770,50,Female,Urban,37,Two-Year,2023-08-04,120.5,8,19,392.0,2.0,112.89,4195.91,4195.91,19.92,1,1,3,1,1463.05,0
CUST-3771,70,Male,Urban,21,One-Year,2024-12-02,98.1,4,15,297.7,5.1,33.57,696.33,696.33,5.27,0,0,4,0,644.54,0
CUST-3772,33,Female,Suburban,50,Two-Year,2022-07-04,20.2,2,17,590.6,34.2,140.17,7044.95,7044.95,33.05,2,1,2,0,1211.07,0
CUST-3773,29,Female,Rural,34,Month-to-Month,2023-11-03,59.4,6,20,251.4,12.6,27.76,912.26,912.26,57.86,1,1,3,0,359.77,0
CUST-3774,55,Female,Rural,3,Month-to-Month,2026-06-02,7.9,4,16,452.6,64.9,109.63,337.16,337.16,43.39,2,0,3,0,1578.67,0
CUST-3775,69,Female,Urban,4,Month-to-Month,2026-05-03,73.7,7,15,288.5,12.5,42.24,172.01,172.01,13.07,1,0,3,0,608.26,0
CUST-3776,51,Female,Urban,2,Month-to-Month,2026-07-03,76.8,4,25,373.9,328.5,137.19,280.53,280.53,9.56,0,0,4,0,2634.05,0
CUST-3777,31,Male,Urban,21,Two-Year,2024-12-02,70.8,6,16,432.1,37.2,52.12,1072.88,1072.88,75.06,1,1,3,1,675.48,0
CUST-3778,53,Female,Suburban,58,One-Year,2021-11-03,121.2,4,23,366.7,10.4,30.51,1825.06,1825.06,7.54,3,1,3,0,395.41,0
CUST-3779,50,Male,Suburban,13,Month-to-Month,2025-08-02,97.4,4,20,583.0,5.0,124.62,1683.73,1683.73,49.48,4,1,2,0,1076.72,1
CUST-3780,40,Female,Suburban,16,One-Year,2025-05-03,159.0,6,20,493.0,35.5,79.07,1322.75,1322.75,0.81,1,0,4,0,1518.14,0
CUST-3781,67,Female,Urban,72,Month-to-Month,2020-09-04,101.0,8,17,274.6,107.6,72.8,5314.22,5314.22,19.04,1,1,3,0,943.49,0
CUST-3782,62,Male,Suburban,60,Month-to-Month,2021-09-03,101.6,10,20,290.5,37.6,139.57,8247.06,8247.06,146.82,1,0,4,0,2679.74,0
CUST-3783,19,Female,Urban,36,One-Year,2023-09-03,93.2,5,13,333.1,9.9,35.91,1278.22,1278.22,35.17,3,0,3,0,517.1,0
CUST-3784,58,Male,Suburban,11,Two-Year,2025-10-02,76.9,12,15,683.2,43.6,71.62,792.99,792.99,13.02,3,0,4,1,1375.1,0
CUST-3785,38,Male,Urban,5,Two-Year,2026-04-02,65.5,5,16,581.6,26.8,49.41,248.91,248.91,42.11,2,0,3,0,711.5,1
CUST-3786,19,Male,Suburban,1,One-Year,2026-08-02,78.0,8,18,92.2,45.3,145.78,150.04,150.04,15.26,4,0,2,0,1399.49,0
CUST-3787,44,Female,Urban,4,Month-to-Month,2026-05-03,79.3,6,24,504.2,32.3,92.63,355.14,355.14,97.8,2,0,2,0,889.25,1
CUST-3788,26,Female,Urban,12,Month-to-Month,2025-09-02,82.2,9,18,902.4,67.8,128.58,1553.24,1553.24,9.37,2,0,3,1,1851.55,1
CUST-3789,18,Female,Suburban,27,Month-to-Month,2024-06-03,104.1,5,22,506.8,105.8,59.68,1586.96,1586.96,13.5,1,0,4,0,1145.86,0
CUST-3790,28,Male,Urban,3,One-Year,2026-06-02,94.0,8,20,435.7,141.4,81.22,251.8,251.8,40.85,1,1,3,0,1052.61,1
CUST-3791,20,Female,Suburban,5,Month-to-Month,2026-04-02,69.5,10,18,336.0,87.9,109.44,539.11,539.11,55.52,2,0,4,0,2101.25,1
CUST-3792,69,Female,Suburban,7,Month-to-Month,2026-02-01,62.9,7,6,270.6,28.5,49.75,347.13,347.13,30.07,1,1,3,0,644.76,1
CUST-3793,40,Male,Suburban,33,Two-Year,2023-12-03,91.7,7,23,497.6,38.7,88.31,2834.86,2834.86,11.95,1,0,5,1,2119.44,0
CUST-3794,43,Male,Urban,32,One-Year,2024-01-03,57.2,2,24,87.1,66.7,142.14,4455.57,4455.57,29.79,4,2,2,0,1091.64,1
CUST-3795,21,Male,Urban,27,One-Year,2024-06-03,72.2,6,18,328.9,16.1,134.4,3648.98,3648.98,8.66,1,1,4,1,2322.43,0
CUST-3796,35,Female,Suburban,10,Month-to-Month,2025-11-01,69.1,7,17,444.3,78.6,77.61,770.35,770.35,2.07,0,0,5,0,1862.64,1
CUST-3797,23,Female,Urban,16,Month-to-Month,2025-05-03,157.8,7,14,649.2,68.2,94.59,1468.26,1468.26,88.25,1,1,3,0,1225.89,1
CUST-3798,52,Female,Suburban,4,Month-to-Month,2026-05-03,46.8,1,15,175.6,69.5,58.24,232.35,232.35,22.96,1,1,4,0,1006.39,1
CUST-3799,39,Male,Urban,9,One-Year,2025-12-02,61.2,6,11,371.0,26.4,141.48,1230.71,1230.71,22.9,3,2,2,0,1086.57,1
CUST-3800,60,Female,Urban,72,Month-to-Month,2020-09-04,68.3,8,19,562.5,59.8,93.76,7008.41,7008.41,47.8,3,0,4,0,1800.19,0
CUST-3801,32,Male,Urban,72,Two-Year,2020-09-04,71.4,8,17,415.1,14.3,50.87,3818.01,3818.01,28.74,2,0,4,1,976.7,0
CUST-3802,39,Male,Urban,35,Two-Year,2023-10-03,115.0,7,15,683.2,13.7,124.2,4228.08,4228.08,21.2,1,1,4,0,2146.18,0
CUST-3803,54,Female,Urban,72,Month-to-Month,2020-09-04,77.4,3,22,548.4,95.1,87.61,6025.52,6025.52,55.4,2,0,3,0,1261.58,1
CUST-3804,69,Male,Suburban,34,Month-to-Month,2023-11-03,45.3,2,16,304.2,31.0,102.81,3644.81,3644.81,22.55,2,1,3,2,1332.42,1
CUST-3805,59,Female,Suburban,2,One-Year,2026-07-03,127.9,7,19,454.8,51.1,129.68,254.48,254.48,85.36,4,0,3,0,1867.39,0
CUST-3806,29,Male,Urban,72,Two-Year,2020-09-04,92.9,7,15,304.5,22.5,63.94,4460.03,4460.03,12.8,3,0,3,0,920.74,0
CUST-3807,64,Female,Rural,4,Two-Year,2026-05-03,97.6,5,16,435.6,17.5,94.08,392.1,392.1,1.2,5,0,1,0,451.58,1
CUST-3808,66,Male,Urban,38,Month-to-Month,2023-07-04,104.5,8,20,481.8,98.4,46.21,1823.17,1823.17,5.65,1,0,4,0,887.23,0
CUST-3809,59,Female,Rural,10,Month-to-Month,2025-11-01,48.0,7,23,570.9,102.7,67.38,643.69,643.69,59.86,2,0,3,0,970.27,0
CUST-3810,55,Male,Suburban,17,One-Year,2025-04-03,84.8,6,16,487.5,117.6,58.6,967.08,967.08,91.23,0,1,4,0,1012.61,0
CUST-3811,35,Male,Suburban,35,One-Year,2023-10-03,109.6,8,21,237.2,125.3,117.87,4254.4,4254.4,2.73,4,2,2,3,905.24,1
CUST-3812,62,Female,Urban,19,Month-to-Month,2025-02-01,65.8,5,12,96.4,34.4,59.45,1103.25,1103.25,83.78,2,0,3,0,856.08,0
CUST-3813,52,Male,Urban,10,Month-to-Month,2025-11-01,94.2,7,14,543.8,107.6,128.54,1307.05,1307.05,100.69,2,0,3,0,1850.98,1
CUST-3814,47,Female,Urban,14,One-Year,2025-07-03,101.3,6,15,71.0,27.6,116.67,1558.25,1558.25,49.13,1,0,4,0,2240.06,0
CUST-3815,41,Female,Suburban,14,Month-to-Month,2025-07-03,41.2,3,12,479.6,3.5,115.71,1675.28,1675.28,50.11,1,0,4,0,2221.63,0
CUST-3816,59,Male,Urban,72,Two-Year,2020-09-04,54.0,6,10,279.7,76.0,51.65,3689.88,3689.88,0.05,2,1,3,0,669.38,0
CUST-3817,47,Male,Suburban,53,Month-to-Month,2022-04-04,16.5,5,15,443.3,14.4,87.66,4632.07,4632.07,8.82,0,0,4,0,1683.07,0
CUST-3818,31,Female,Urban,21,One-Year,2024-12-02,91.8,4,17,420.2,39.0,108.95,2358.48,2358.48,8.46,2,0,4,0,2091.84,0
CUST-3819,23,Female,Suburban,8,One-Year,2026-01-01,141.5,4,12,502.0,11.6,63.86,508.54,508.54,30.49,2,2,3,1,735.67,1
CUST-3820,20,Female,Urban,55,Month-to-Month,2022-02-02,64.2,4,20,448.1,32.3,59.75,3156.15,3156.15,37.44,1,0,4,0,1147.2,0
CUST-3821,33,Female,Urban,6,One-Year,2026-03-03,79.2,4,14,568.6,140.5,128.64,772.18,772.18,81.18,3,0,2,0,1234.94,1
CUST-3822,24,Female,Urban,8,One-Year,2026-01-01,115.4,5,24,492.7,61.7,74.66,594.7,594.7,23.43,2,0,3,1,1075.1,0
CUST-3823,69,Male,Urban,15,Two-Year,2025-06-02,93.0,0,24,647.4,10.4,55.18,823.56,823.56,24.33,2,0,3,1,794.59,1
CUST-3824,31,Female,Urban,70,Month-to-Month,2020-11-03,55.8,5,27,357.7,84.0,102.34,6943.69,6943.69,1.95,1,1,3,1,1326.33,0
CUST-3825,26,Female,Suburban,5,One-Year,2026-04-02,130.8,9,20,251.9,122.4,114.7,554.23,554.23,208.8,0,0,5,0,2752.8,0
CUST-3826,32,Male,Urban,5,One-Year,2026-04-02,90.9,5,16,494.0,11.8,116.11,596.68,596.68,101.9,2,0,3,1,1671.98,1
CUST-3827,38,Male,Urban,23,Month-to-Month,2024-10-02,78.0,4,15,429.9,88.6,43.0,1000.79,1000.79,2.61,3,1,2,1,371.52,1
CUST-3828,52,Male,Suburban,11,Two-Year,2025-10-02,80.5,4,22,513.9,51.8,52.83,552.44,552.44,28.55,0,1,3,0,684.68,0
CUST-3829,19,Male,Urban,28,Month-to-Month,2024-05-03,102.7,9,15,435.7,60.3,123.42,3571.63,3571.63,14.96,6,0,2,0,1184.83,1
CUST-3830,44,Female,Rural,20,Month-to-Month,2025-01-01,66.6,6,19,631.8,181.8,113.44,2182.9,2182.9,19.57,0,4,2,0,653.41,1
CUST-3831,19,Male,Rural,19,Month-to-Month,2025-02-01,132.1,1,15,531.8,2.4,118.06,2296.46,2296.46,36.91,0,1,4,1,2040.08,1
CUST-3832,52,Male,Urban,4,Month-to-Month,2026-05-03,122.8,7,19,228.5,66.2,86.51,332.06,332.06,19.05,0,0,4,0,1660.99,0
CUST-3833,35,Male,Urban,5,Two-Year,2026-04-02,85.3,4,16,374.2,5.5,78.66,411.84,411.84,23.95,3,1,2,0,679.62,1
CUST-3834,31,Female,Urban,57,One-Year,2021-12-04,86.8,6,20,476.3,101.3,83.62,4957.24,4957.24,11.16,3,2,2,0,642.2,1
CUST-3835,37,Female,Suburban,72,Month-to-Month,2020-09-04,59.6,5,15,374.5,147.2,126.57,8824.17,8824.17,3.01,1,1,3,1,1640.35,1
CUST-3836,35,Male,Suburban,9,One-Year,2025-12-02,65.9,6,13,336.6,5.9,93.76,802.36,802.36,49.25,2,1,3,1,1215.13,1
CUST-3837,27,Male,Suburban,4,Month-to-Month,2026-05-03,50.9,4,19,677.6,2.0,70.46,269.43,269.43,16.64,1,0,3,1,1014.62,0
CUST-3838,42,Female,Suburban,2,One-Year,2026-07-03,78.9,3,18,583.6,202.5,76.95,158.65,158.65,76.19,1,1,3,0,997.27,0
CUST-3839,19,Female,Urban,31,Month-to-Month,2024-02-02,86.9,8,24,314.7,169.7,50.73,1506.07,1506.07,101.5,2,2,2,0,389.61,1
CUST-3840,42,Male,Suburban,42,Month-to-Month,2023-03-05,37.3,7,13,609.1,167.3,60.6,2615.99,2615.99,3.24,1,1,4,0,1047.17,0
CUST-3841,71,Male,Suburban,16,Month-to-Month,2025-05-03,105.7,9,16,591.4,182.5,64.78,1069.63,1069.63,40.36,1,2,2,0,497.51,0
CUST-3842,50,Male,Suburban,38,One-Year,2023-07-04,58.9,10,20,554.7,45.1,97.24,3623.77,3623.77,60.04,0,3,3,0,980.18,0
CUST-3843,53,Male,Rural,41,Month-to-Month,2023-04-04,97.4,2,12,173.9,244.9,149.04,6254.31,6254.31,36.45,3,0,2,0,1430.78,1
CUST-3844,48,Female,Suburban,72,Month-to-Month,2020-09-04,109.2,8,13,477.0,144.9,99.27,7376.38,7376.38,13.95,0,1,4,0,1715.39,0
CUST-3845,31,Female,Urban,3,Month-to-Month,2026-06-02,124.2,4,11,271.6,6.7,73.64,227.12,227.12,11.72,1,0,4,1,1413.89,1
CUST-3846,18,Female,Urban,8,Month-to-Month,2026-01-01,117.9,10,20,413.2,108.9,56.53,438.29,438.29,21.71,1,0,4,0,1085.38,1
CUST-3847,63,Female,Urban,3,Two-Year,2026-06-02,134.7,5,17,652.3,81.0,140.77,420.17,420.17,10.49,2,2,2,0,1081.11,0
CUST-3848,33,Male,Urban,67,Month-to-Month,2021-02-03,109.5,4,18,377.8,9.4,110.95,7112.7,7112.7,79.13,2,0,4,1,2130.24,0
CUST-3849,71,Female,Rural,52,Two-Year,2022-05-05,90.0,6,18,421.1,87.0,86.0,4483.32,4483.32,1.76,2,2,3,0,990.72,0
CUST-3850,63,Female,Urban,29,Month-to-Month,2024-04-03,70.8,7,18,195.0,43.1,42.63,1229.14,1229.14,4.18,2,1,3,0,552.48,1
CUST-3851,69,Male,Suburban,3,One-Year,2026-06-02,81.4,7,23,474.2,125.0,141.05,440.19,440.19,32.64,2,1,3,0,1828.01,1
CUST-3852,20,Male,Urban,11,Month-to-Month,2025-10-02,133.9,7,21,701.7,111.0,61.16,640.34,640.34,37.59,4,2,1,1,234.85,1
CUST-3853,52,Female,Urban,12,Two-Year,2025-09-02,79.1,11,15,823.2,185.4,130.26,1567.85,1567.85,46.62,2,0,4,1,2500.99,0
CUST-3854,58,Male,Rural,28,Month-to-Month,2024-05-03,84.8,3,21,614.4,5.1,64.82,1857.12,1857.12,11.28,0,0,4,0,1244.54,0
CUST-3855,23,Male,Rural,10,One-Year,2025-11-01,129.3,3,16,373.8,80.5,135.93,1354.4,1354.4,12.21,3,0,3,2,1957.39,1
CUST-3856,42,Female,Urban,3,Two-Year,2026-06-02,78.0,3,19,534.2,30.8,97.11,283.7,283.7,18.68,2,1,2,1,839.03,0
CUST-3857,30,Female,Urban,44,Two-Year,2023-01-03,61.2,0,17,365.8,97.2,65.74,2924.33,2924.33,9.35,5,1,2,0,567.99,0
CUST-3858,70,Male,Urban,12,Month-to-Month,2025-09-02,119.0,7,25,478.8,60.0,35.45,446.12,446.12,16.58,5,1,2,0,306.29,1
CUST-3859,51,Female,Urban,20,Two-Year,2025-01-01,60.2,10,15,543.2,44.5,56.09,1070.31,1070.31,41.78,0,0,5,2,1346.16,0
CUST-3860,25,Male,Urban,5,One-Year,2026-04-02,97.1,8,21,202.0,2.0,67.31,326.32,326.32,24.16,4,1,2,0,581.56,0
CUST-3861,38,Female,Urban,54,Month-to-Month,2022-03-05,91.9,3,21,587.7,60.7,115.57,6234.92,6234.92,118.98,1,1,2,0,998.52,1
CUST-3862,51,Female,Rural,28,Month-to-Month,2024-05-03,94.5,5,25,526.8,35.4,55.17,1559.84,1559.84,30.33,3,0,3,1,794.45,1
CUST-3863,21,Female,Suburban,72,Month-to-Month,2020-09-04,12.4,9,23,315.5,26.3,59.01,4301.47,4301.47,13.94,2,0,5,1,1416.24,0
CUST-3864,42,Male,Rural,23,Month-to-Month,2024-10-02,108.4,6,20,91.0,291.8,118.81,2612.45,2612.45,7.02,2,1,3,0,1539.78,0
CUST-3865,32,Female,Suburban,72,One-Year,2020-09-04,83.2,6,19,486.9,78.3,41.69,2888.49,2888.49,8.69,1,0,4,0,800.45,0
CUST-3866,21,Female,Urban,72,One-Year,2020-09-04,103.5,7,17,576.3,50.5,120.93,9094.14,9094.14,0.57,2,0,4,0,2321.86,0
CUST-3867,62,Male,Rural,29,Month-to-Month,2024-04-03,100.0,5,13,390.6,132.0,53.85,1495.33,1495.33,20.43,2,1,2,0,465.26,1
CUST-3868,29,Male,Urban,72,Two-Year,2020-09-04,94.5,4,23,391.6,16.7,112.27,8018.05,8018.05,112.67,0,0,4,1,2155.58,0
CUST-3869,49,Male,Rural,13,Month-to-Month,2025-08-02,73.1,9,19,551.0,62.9,65.25,854.8,854.8,52.57,1,2,3,0,751.68,1
CUST-3870,49,Male,Urban,15,Two-Year,2025-06-02,73.4,10,14,335.2,128.2,97.13,1429.87,1429.87,12.52,1,1,4,0,1678.41,0
CUST-3871,45,Female,Urban,2,Two-Year,2026-07-03,83.4,1,27,573.5,8.6,73.48,143.37,143.37,56.12,1,2,2,2,564.33,1
CUST-3872,30,Male,Rural,30,Two-Year,2024-03-03,90.1,7,11,400.3,17.5,56.75,1666.78,1666.78,93.97,0,1,3,0,735.48,0
CUST-3873,48,Male,Suburban,43,One-Year,2023-02-02,72.3,7,20,491.0,5.6,55.25,2324.1,2324.1,39.09,4,0,2,3,530.4,1
CUST-3874,31,Female,Rural,49,Month-to-Month,2022-08-04,113.3,9,15,510.6,317.5,181.77,8799.31,8799.31,25.1,0,1,3,1,2355.74,1
CUST-3875,37,Male,Rural,6,Month-to-Month,2026-03-03,75.2,5,13,731.2,56.5,68.61,395.86,395.86,5.11,1,2,3,0,790.39,1
CUST-3876,35,Female,Urban,20,Month-to-Month,2025-01-01,55.6,8,25,499.4,43.7,52.61,1089.4,1089.4,2.91,1,0,3,1,757.58,0
CUST-3877,46,Male,Urban,7,Month-to-Month,2026-02-01,102.9,4,12,286.8,26.9,57.83,415.31,415.31,8.65,1,2,3,1,666.2,1
CUST-3878,23,Female,Urban,36,One-Year,2023-09-03,141.4,2,26,354.3,38.8,110.77,3801.93,3801.93,38.1,3,0,4,1,2126.78,0
CUST-3879,49,Female,Suburban,6,Month-to-Month,2026-03-03,50.0,7,18,353.8,97.2,75.1,462.37,462.37,5.88,1,2,4,0,1153.54,1
CUST-3880,46,Female,Suburban,72,Two-Year,2020-09-04,81.2,4,18,543.1,161.6,68.97,5128.75,5128.75,26.66,3,1,3,0,893.85,0
CUST-3881,60,Male,Urban,9,Two-Year,2025-12-02,116.9,7,26,439.4,7.2,73.75,691.76,691.76,20.08,0,1,4,0,1274.4,0
CUST-3882,19,Female,Suburban,12,Month-to-Month,2025-09-02,102.1,6,17,448.3,23.1,41.99,509.57,509.57,34.66,1,0,3,0,604.66,0
CUST-3883,40,Male,Suburban,63,Month-to-Month,2021-06-04,103.6,7,22,664.0,13.6,72.89,4754.09,4754.09,1.87,2,0,3,0,1049.62,0
CUST-3884,36,Male,Urban,21,Month-to-Month,2024-12-02,85.9,8,24,608.1,37.2,129.73,2794.92,2794.92,137.28,3,0,3,0,1868.11,1
CUST-3885,48,Male,Suburban,1,Two-Year,2026-08-02,5.3,5,20,398.4,49.1,75.26,71.69,71.69,40.98,3,2,1,0,289.0,0
CUST-3886,68,Female,Suburban,23,One-Year,2024-10-02,92.7,5,20,760.2,83.0,96.58,2290.43,2290.43,44.77,1,1,3,0,1251.68,0
CUST-3887,22,Male,Rural,3,Month-to-Month,2026-06-02,96.2,9,22,856.1,135.5,136.08,411.55,411.55,0.57,1,1,3,0,1763.6,1
CUST-3888,36,Female,Urban,72,Month-to-Month,2020-09-04,118.8,3,17,298.1,50.8,91.95,6720.07,6720.07,2.9,3,0,4,0,1765.44,0
CUST-3889,51,Male,Urban,30,Month-to-Month,2024-03-03,62.5,3,17,354.1,43.6,36.99,1152.42,1152.42,40.75,5,0,3,0,532.66,1
CUST-3890,27,Male,Urban,10,Two-Year,2025-11-01,135.5,6,23,255.4,55.7,58.07,552.27,552.27,4.06,2,0,4,0,1114.94,0
CUST-3891,42,Female,Urban,28,Month-to-Month,2024-05-03,75.7,5,23,703.7,142.5,149.22,4014.33,4014.33,79.0,4,0,2,1,1432.51,1
CUST-3892,19,Male,Rural,3,Month-to-Month,2026-06-02,70.5,9,13,296.1,68.0,127.45,385.17,385.17,34.0,1,2,3,1,1468.22,1
CUST-3893,28,Female,Urban,53,Two-Year,2022-04-04,63.4,6,14,359.9,100.6,127.57,6700.12,6700.12,2.58,2,0,3,0,1837.01,0
CUST-3894,67,Male,Suburban,72,Two-Year,2020-09-04,116.4,8,25,881.0,82.6,100.35,7165.98,7165.98,33.28,4,0,3,1,1445.04,0
CUST-3895,48,Female,Urban,69,Two-Year,2020-12-04,52.1,6,16,621.5,167.1,90.69,6140.1,6140.1,56.81,0,0,4,0,1741.25,0
CUST-3896,32,Female,Urban,14,Month-to-Month,2025-07-03,104.0,4,14,402.6,110.4,121.41,1753.88,1753.88,56.49,0,0,4,0,2331.07,0
CUST-3897,26,Male,Urban,13,One-Year,2025-08-02,60.8,5,22,444.5,27.1,105.35,1315.26,1315.26,17.95,2,3,1,1,353.98,0
CUST-3898,40,Male,Suburban,2,One-Year,2026-07-03,83.7,5,19,131.4,125.2,117.7,236.18,236.18,21.57,3,2,2,0,903.94,1
CUST-3899,36,Female,Suburban,35,Month-to-Month,2023-10-03,39.3,8,15,438.4,41.0,89.07,3104.42,3104.42,46.63,3,0,4,0,1710.14,0
CUST-3900,26,Female,Urban,26,One-Year,2024-07-03,108.6,7,10,491.5,122.1,73.15,1911.66,1911.66,72.54,0,5,1,1,175.56,1
CUST-3901,52,Male,Rural,21,Month-to-Month,2024-12-02,80.5,6,20,256.5,153.5,98.1,1967.51,1967.51,55.22,4,1,2,2,847.58,1
CUST-3902,38,Male,Urban,72,Month-to-Month,2020-09-04,101.7,6,14,490.5,75.1,95.16,6970.57,6970.57,31.73,1,3,2,0,639.48,1
CUST-3903,26,Female,Urban,7,Two-Year,2026-02-01,79.6,7,21,819.4,82.5,62.21,414.29,414.29,45.17,2,0,3,0,895.82,0
CUST-3904,45,Female,Urban,1,Month-to-Month,2026-08-02,100.8,7,14,714.8,9.9,52.94,53.09,53.09,36.98,2,0,3,0,762.34,0
CUST-3905,63,Male,Urban,3,Two-Year,2026-06-02,83.6,4,19,734.0,25.4,119.88,351.21,351.21,30.13,2,0,3,1,1726.27,0
CUST-3906,68,Male,Rural,9,Month-to-Month,2025-12-02,107.2,6,18,397.0,53.0,69.73,615.84,615.84,88.27,1,1,4,1,1204.93,0
CUST-3907,24,Male,Urban,2,Month-to-Month,2026-07-03,101.0,9,20,380.0,2.0,137.27,281.09,281.09,36.53,1,0,4,0,2635.58,0
CUST-3908,33,Female,Urban,23,One-Year,2024-10-02,90.9,11,18,555.3,122.1,93.51,2255.23,2255.23,16.84,1,2,3,1,1077.24,0
CUST-3909,33,Male,Urban,13,One-Year,2025-08-02,58.0,7,14,353.4,30.0,99.5,1290.31,1290.31,128.22,2,0,3,0,1432.8,0
CUST-3910,50,Female,Suburban,7,Month-to-Month,2026-02-01,71.9,9,20,577.6,83.5,95.48,679.69,679.69,104.64,4,1,2,0,824.95,1
CUST-3911,21,Male,Urban,46,Two-Year,2022-11-03,61.8,6,24,625.1,95.3,96.01,4305.37,4305.37,53.08,0,0,4,1,1843.39,0
CUST-3912,21,Male,Suburban,8,Month-to-Month,2026-01-01,127.9,3,17,844.5,51.6,135.09,1086.56,1086.56,1.17,1,1,3,0,1750.77,1
CUST-3913,56,Female,Urban,39,Two-Year,2023-06-04,108.4,3,26,213.6,101.5,50.92,1906.44,1906.44,45.64,1,1,3,0,659.92,0
CUST-3914,57,Female,Urban,15,Month-to-Month,2025-06-02,86.1,6,23,639.6,74.6,75.94,1179.0,1179.0,1.06,1,0,3,0,1093.54,1
CUST-3915,34,Female,Suburban,24,Two-Year,2024-09-02,68.1,2,6,363.7,29.0,62.24,1487.15,1487.15,2.68,0,0,4,0,1195.01,0
CUST-3916,54,Male,Urban,72,Month-to-Month,2020-09-04,61.3,5,20,723.4,110.1,79.0,5609.2,5609.2,15.21,3,0,3,1,1137.6,0
CUST-3917,56,Female,Rural,2,Two-Year,2026-07-03,88.7,5,14,516.3,65.7,139.8,279.97,279.97,13.3,0,1,4,0,2415.74,0
CUST-3918,69,Female,Urban,23,One-Year,2024-10-02,140.3,8,19,476.8,11.3,34.74,832.02,832.02,29.04,1,1,3,0,450.23,0
CUST-3919,46,Female,Suburban,64,Month-to-Month,2021-05-05,85.2,8,16,622.7,96.3,72.04,4738.02,4738.02,9.78,1,1,3,0,933.64,0
CUST-3920,69,Male,Urban,30,Two-Year,2024-03-03,121.1,4,20,627.0,73.3,120.83,3499.02,3499.02,7.77,5,0,3,0,1739.95,0
CUST-3921,53,Male,Suburban,11,Month-to-Month,2025-10-02,93.3,5,17,384.0,21.8,55.72,629.35,629.35,38.44,0,1,4,0,962.84,0
CUST-3922,55,Male,Urban,17,Month-to-Month,2025-04-03,101.9,6,20,469.5,119.9,138.8,2334.32,2334.32,20.51,2,2,2,0,1065.98,1
CUST-3923,56,Female,Urban,38,One-Year,2023-07-04,70.7,7,12,343.5,30.4,67.51,2538.45,2538.45,1.9,4,1,2,1,583.29,0
CUST-3924,67,Male,Urban,72,Month-to-Month,2020-09-04,79.1,1,19,477.9,52.3,45.86,3387.05,3387.05,20.44,1,1,2,1,396.23,0
CUST-3925,54,Female,Urban,2,Month-to-Month,2026-07-03,60.1,5,21,620.1,27.3,88.81,176.9,176.9,49.76,2,1,3,0,1150.98,0
CUST-3926,69,Female,Urban,3,Month-to-Month,2026-06-02,94.1,8,19,729.0,83.8,96.37,276.75,276.75,2.41,3,1,2,1,832.64,1
CUST-3927,52,Female,Urban,13,Two-Year,2025-08-02,77.7,7,16,121.2,56.6,37.99,481.36,481.36,86.61,2,0,4,1,729.41,0
CUST-3928,24,Female,Suburban,9,Month-to-Month,2025-12-02,95.8,6,16,657.6,41.3,113.76,1064.24,1064.24,22.65,1,1,3,0,1474.33,1
CUST-3929,44,Male,Suburban,11,Month-to-Month,2025-10-02,55.4,6,19,587.4,2.0,41.6,461.81,461.81,25.11,3,0,3,0,599.04,0
CUST-3930,45,Male,Suburban,9,One-Year,2025-12-02,98.7,3,19,239.2,60.7,58.66,547.06,547.06,12.46,0,2,2,0,450.51,0
CUST-3931,39,Male,Suburban,8,Two-Year,2026-01-01,90.1,9,23,165.5,63.3,99.18,777.98,777.98,36.44,4,1,2,0,856.92,1
CUST-3932,31,Female,Urban,5,Two-Year,2026-04-02,89.1,7,17,454.0,13.0,129.39,659.17,659.17,0.76,2,2,1,0,496.86,1
CUST-3933,24,Male,Urban,72,One-Year,2020-09-04,96.7,2,25,437.2,26.3,31.31,2318.63,2318.63,46.95,2,0,4,0,601.15,0
CUST-3934,54,Female,Urban,6,One-Year,2026-03-03,77.9,8,16,460.9,137.2,140.19,814.47,814.47,3.66,1,1,3,0,1816.86,1
CUST-3935,39,Male,Suburban,8,Month-to-Month,2026-01-01,199.2,4,17,726.5,51.8,119.49,910.35,910.35,20.58,2,1,2,1,1032.39,1
CUST-3936,22,Male,Urban,10,Month-to-Month,2025-11-01,99.1,6,21,178.6,37.1,49.16,498.21,498.21,5.57,2,1,2,1,424.74,1
CUST-3937,19,Male,Urban,72,One-Year,2020-09-04,88.2,4,21,249.2,178.6,94.7,6870.82,6870.82,6.5,3,1,3,0,1227.31,1
CUST-3938,44,Female,Suburban,47,Two-Year,2022-10-04,107.3,8,21,204.3,108.6,145.48,6522.92,6522.92,21.86,2,0,4,0,2793.22,0
CUST-3939,38,Female,Urban,52,One-Year,2022-05-05,69.4,5,14,660.6,6.7,42.83,2207.29,2207.29,2.36,2,0,3,0,616.75,0
CUST-3940,71,Male,Rural,4,Month-to-Month,2026-05-03,68.4,2,15,577.3,127.3,56.9,229.04,229.04,5.68,2,1,3,0,737.42,0
CUST-3941,55,Female,Rural,60,Month-to-Month,2021-09-03,109.0,6,11,479.5,10.5,111.13,6475.82,6475.82,27.46,0,0,4,1,2133.7,0
CUST-3942,32,Male,Urban,18,One-Year,2025-03-03,111.7,8,10,358.0,12.5,81.03,1399.69,1399.69,41.68,2,1,3,1,1050.15,0
CUST-3943,38,Female,Urban,11,One-Year,2025-10-02,120.8,6,25,413.9,5.1,58.44,662.21,662.21,15.59,1,2,3,0,673.23,0
CUST-3944,27,Female,Urban,29,One-Year,2024-04-03,42.2,1,14,381.7,42.7,51.17,1547.0,1547.0,70.31,3,2,2,0,392.99,1
CUST-3945,40,Male,Suburban,57,One-Year,2021-12-04,81.2,3,12,562.8,67.3,118.14,6698.62,6698.62,6.14,1,1,3,0,1531.09,0
CUST-3946,56,Female,Urban,50,Month-to-Month,2022-07-04,94.9,4,15,795.5,91.1,89.21,4297.23,4297.23,28.78,1,1,3,1,1156.16,0
CUST-3947,22,Male,Suburban,72,Two-Year,2020-09-04,106.6,5,18,253.0,2.0,52.83,3773.82,3773.82,3.27,0,1,4,1,912.9,0
CUST-3948,18,Female,Suburban,72,One-Year,2020-09-04,100.8,13,14,373.2,12.7,135.4,9533.47,9533.47,6.41,4,1,3,1,1754.78,0
CUST-3949,30,Male,Urban,9,Month-to-Month,2025-12-02,59.5,6,15,408.9,63.1,98.99,890.06,890.06,83.8,2,1,4,0,1710.55,0
CUST-3950,38,Female,Urban,19,Month-to-Month,2025-02-01,100.4,11,22,20.0,48.5,72.89,1316.91,1316.91,172.65,0,1,4,2,1259.54,0
CUST-3951,43,Male,Suburban,1,Two-Year,2026-08-02,94.6,9,22,608.1,3.4,108.27,112.24,112.24,209.23,4,1,2,0,935.45,1
CUST-3952,67,Female,Urban,70,Two-Year,2020-11-03,94.6,7,23,464.8,178.1,108.8,7279.45,7279.45,56.41,0,1,4,0,1880.06,0
CUST-3953,62,Female,Suburban,6,Month-to-Month,2026-03-03,52.1,1,16,521.4,92.4,39.94,237.96,237.96,7.79,1,0,3,0,575.14,0
CUST-3954,38,Female,Urban,65,Month-to-Month,2021-04-04,57.0,8,16,344.0,28.9,126.01,8322.63,8322.63,11.79,2,0,3,2,1814.54,1
CUST-3955,70,Female,Suburban,14,Month-to-Month,2025-07-03,139.4,5,23,521.8,50.0,40.13,570.31,570.31,3.26,0,2,3,1,462.3,1
CUST-3956,35,Female,Rural,16,Month-to-Month,2025-05-03,114.6,2,12,424.5,30.5,143.35,2247.32,2247.32,1.94,3,0,3,0,2064.24,1
CUST-3957,54,Male,Rural,2,One-Year,2026-07-03,83.1,5,19,462.9,39.5,71.14,142.27,142.27,46.17,2,0,4,0,1365.89,0
CUST-3958,62,Male,Urban,13,One-Year,2025-08-02,83.6,10,16,648.2,58.9,94.2,1224.22,1224.22,27.21,5,2,2,0,723.46,1
CUST-3959,49,Male,Urban,72,One-Year,2020-09-04,151.7,7,18,516.2,33.0,144.9,10048.1,10048.1,37.82,3,2,2,1,1112.83,1
CUST-3960,53,Female,Suburban,1,One-Year,2026-08-02,86.4,7,18,180.9,63.0,65.41,64.58,64.58,30.37,1,1,3,0,847.71,0
CUST-3961,34,Male,Urban,18,Month-to-Month,2025-03-03,81.5,6,14,434.0,40.7,84.31,1459.8,1459.8,0.42,0,2,3,0,971.25,1
CUST-3962,52,Female,Urban,2,Month-to-Month,2026-07-03,61.2,8,17,665.7,69.6,122.25,233.67,233.67,13.49,3,0,4,1,2347.2,1
CUST-3963,66,Female,Rural,16,Month-to-Month,2025-05-03,78.0,4,12,414.4,19.8,81.67,1248.66,1248.66,41.13,2,2,2,1,627.23,1
CUST-3964,28,Male,Urban,7,Month-to-Month,2026-02-01,34.5,6,24,586.5,12.2,65.22,453.57,453.57,69.11,6,2,1,1,250.44,1
CUST-3965,38,Male,Urban,10,Month-to-Month,2025-11-01,100.6,2,15,727.6,2.0,39.17,400.69,400.69,5.87,2,0,2,0,376.03,1
CUST-3966,69,Male,Urban,69,One-Year,2020-12-04,122.8,4,28,608.1,59.9,92.98,6726.49,6726.49,4.39,2,0,4,1,1785.22,0
CUST-3967,70,Male,Suburban,19,One-Year,2025-02-01,123.1,5,20,541.7,256.9,126.98,2429.8,2429.8,111.7,1,0,3,0,1828.51,0
CUST-3968,43,Male,Suburban,11,One-Year,2025-10-02,63.9,7,17,489.4,35.5,57.09,615.39,615.39,119.66,1,2,3,0,657.68,1
CUST-3969,21,Male,Urban,30,One-Year,2024-03-03,16.2,3,17,409.9,15.5,65.73,1914.14,1914.14,48.53,4,1,2,1,567.91,1
CUST-3970,51,Female,Urban,6,One-Year,2026-03-03,95.2,9,13,431.6,2.0,59.64,364.81,364.81,2.14,3,0,3,0,858.82,1
CUST-3971,69,Female,Urban,10,One-Year,2025-11-01,124.6,3,14,700.4,46.7,81.16,775.22,775.22,34.82,3,1,2,2,701.22,1
CUST-3972,65,Male,Suburban,26,Month-to-Month,2024-07-03,36.9,4,16,571.8,319.8,164.77,4182.19,4182.19,4.81,1,0,3,0,2372.69,1
CUST-3973,35,Male,Urban,9,Two-Year,2025-12-02,73.8,4,14,422.6,267.9,103.43,948.42,948.42,65.34,2,1,3,0,1340.45,0
CUST-3974,57,Male,Rural,38,Month-to-Month,2023-07-04,95.7,11,20,399.7,6.9,57.37,2168.07,2168.07,12.64,2,1,2,1,495.68,1
CUST-3975,52,Female,Urban,23,Month-to-Month,2024-10-02,59.8,3,15,465.2,110.2,138.11,3176.6,3176.6,22.56,0,0,5,0,3314.64,0
CUST-3976,58,Female,Rural,49,Month-to-Month,2022-08-04,33.2,7,17,509.1,12.4,120.13,6166.26,6166.26,7.24,3,1,3,1,1556.88,1
CUST-3977,46,Male,Urban,72,Two-Year,2020-09-04,62.7,4,21,386.1,107.7,132.39,9441.16,9441.16,45.2,2,1,3,0,1715.77,0
CUST-3978,69,Male,Suburban,5,Two-Year,2026-04-02,67.9,8,22,241.1,124.9,129.15,651.89,651.89,24.41,1,1,4,0,2231.71,0
CUST-3979,46,Female,Urban,14,One-Year,2025-07-03,28.4,4,14,546.2,2.0,127.5,1874.0,1874.0,42.83,5,2,2,2,979.2,1
CUST-3980,55,Female,Urban,13,One-Year,2025-08-02,117.1,8,22,377.2,17.6,109.66,1452.15,1452.15,13.48,0,0,5,0,2631.84,0
CUST-3981,59,Male,Rural,6,Month-to-Month,2026-03-03,131.6,7,16,340.1,3.8,45.05,270.69,270.69,16.55,4,0,4,0,864.96,1
CUST-3982,38,Female,Rural,55,Two-Year,2022-02-02,85.9,8,15,371.4,44.9,35.53,1919.74,1919.74,79.39,0,1,4,0,613.96,0
CUST-3983,59,Male,Urban,47,One-Year,2022-10-04,106.9,5,15,332.2,2.0,46.21,2275.35,2275.35,10.27,2,0,4,0,887.23,0
CUST-3984,30,Male,Suburban,22,Two-Year,2024-11-02,40.6,6,16,582.9,63.9,76.52,1648.73,1648.73,81.66,1,0,4,0,1469.18,0
CUST-3985,66,Female,Suburban,26,Month-to-Month,2024-07-03,80.8,9,14,620.7,53.1,39.06,976.54,976.54,2.76,3,0,4,0,749.95,1
CUST-3986,58,Female,Rural,3,Month-to-Month,2026-06-02,67.6,6,19,580.8,31.0,116.71,365.04,365.04,6.06,1,1,3,0,1512.56,0
CUST-3987,34,Male,Urban,27,Two-Year,2024-06-03,97.3,6,15,491.4,40.3,104.79,2778.12,2778.12,38.08,0,1,3,1,1358.08,0
CUST-3988,26,Female,Urban,52,Month-to-Month,2022-05-05,5.0,5,27,222.2,300.0,152.56,8003.64,8003.64,180.11,2,1,3,0,1977.18,0
CUST-3989,58,Male,Urban,29,Two-Year,2024-04-03,75.9,8,16,542.8,11.9,37.8,1112.19,1112.19,95.03,3,0,3,1,544.32,0
CUST-3990,18,Female,Urban,11,Month-to-Month,2025-10-02,103.9,7,19,806.2,85.4,75.61,811.82,811.82,24.85,0,0,4,0,1451.71,0
CUST-3991,19,Male,Rural,37,Two-Year,2023-08-04,92.1,9,15,416.6,67.4,87.94,3228.86,3228.86,26.26,1,3,2,2,590.96,1
CUST-3992,65,Female,Urban,15,Month-to-Month,2025-06-02,108.5,4,17,161.6,70.8,104.92,1519.58,1519.58,29.82,2,2,3,0,1208.68,0
CUST-3993,46,Female,Urban,26,One-Year,2024-07-03,67.0,8,13,581.1,27.6,121.45,3279.13,3279.13,55.0,1,0,4,1,2331.84,0
CUST-3994,50,Male,Suburban,22,Month-to-Month,2024-11-02,5.0,11,10,130.8,15.9,139.73,3100.04,3100.04,28.01,3,0,3,1,2012.11,1
CUST-3995,27,Female,Suburban,16,One-Year,2025-05-03,118.0,5,19,278.9,68.4,44.71,743.28,743.28,4.39,0,1,3,1,579.44,0
CUST-3996,67,Female,Urban,42,Month-to-Month,2023-03-05,107.8,7,20,404.6,158.5,122.57,5022.91,5022.91,63.76,1,1,3,0,1588.51,1
CUST-3997,57,Female,Urban,71,Two-Year,2020-10-04,132.1,6,21,650.0,242.4,76.87,5530.9,5530.9,75.8,2,3,1,1,258.28,0
CUST-3998,38,Male,Rural,1,One-Year,2026-08-02,87.2,4,16,479.3,42.6,65.88,64.02,64.02,87.53,3,0,3,0,948.67,1
CUST-3999,45,Female,Urban,72,Month-to-Month,2020-09-04,97.5,7,18,342.5,36.0,119.19,8400.65,8400.65,19.1,3,0,4,0,2288.45,1
CUST-4000,28,Female,Suburban,24,Two-Year,2024-09-02,154.9,4,17,345.8,27.9,143.51,3396.42,3396.42,8.75,0,1,4,0,2479.85,0
CUST-4001,51,Male,Suburban,40,Month-to-Month,2023-05-04,29.5,8,17,254.8,107.9,101.74,4089.71,4089.71,4.45,0,2,3,0,1172.04,1
CUST-4002,25,Female,Urban,64,Month-to-Month,2021-05-05,98.3,3,12,354.8,19.2,68.48,4407.17,4407.17,26.03,2,0,4,0,1314.82,0
CUST-4003,39,Male,Rural,21,Month-to-Month,2024-12-02,121.5,3,18,411.6,46.8,56.64,1153.8,1153.8,11.37,3,1,3,0,734.05,1
CUST-4004,25,Male,Suburban,60,Two-Year,2021-09-03,91.4,2,19,461.7,27.5,119.12,6822.77,6822.77,19.51,3,1,2,1,1029.2,0
CUST-4005,66,Female,Urban,7,Month-to-Month,2026-02-01,87.0,4,20,562.0,135.5,149.26,1073.25,1073.25,3.65,2,0,4,0,2865.79,0
CUST-4006,32,Female,Suburban,6,Month-to-Month,2026-03-03,40.5,9,22,484.7,21.6,125.83,756.95,756.95,7.78,2,1,3,1,1630.76,1
CUST-4007,34,Female,Suburban,36,Two-Year,2023-09-03,129.0,4,18,236.3,75.4,94.92,3353.31,3353.31,20.19,3,1,3,0,1230.16,0
CUST-4008,40,Male,Suburban,68,One-Year,2021-01-03,117.1,7,19,85.7,57.8,101.42,6588.12,6588.12,6.88,3,1,2,0,876.27,1
CUST-4009,41,Female,Rural,72,Month-to-Month,2020-09-04,123.5,7,14,336.3,25.9,125.09,8650.36,8650.36,8.93,1,2,2,0,960.69,0
CUST-4010,62,Male,Urban,34,One-Year,2023-11-03,84.4,3,18,817.2,19.1,134.69,4544.46,4544.46,0.7,3,0,2,0,1293.02,0
CUST-4011,36,Male,Urban,25,Two-Year,2024-08-02,75.4,3,26,390.4,105.9,148.86,3715.48,3715.48,2.66,1,0,4,1,2858.11,0
CUST-4012,22,Male,Urban,14,Month-to-Month,2025-07-03,84.8,3,26,481.9,46.4,111.29,1538.97,1538.97,4.33,7,0,2,1,1068.38,1
CUST-4013,49,Female,Urban,72,One-Year,2020-09-04,136.0,6,23,197.1,61.4,56.26,4077.66,4077.66,37.41,0,0,4,0,1080.19,0
CUST-4014,61,Female,Urban,13,Month-to-Month,2025-08-02,77.2,6,15,349.1,212.7,92.9,1245.63,1245.63,5.69,2,2,2,2,713.47,1
CUST-4015,18,Female,Rural,45,One-Year,2022-12-03,129.5,7,20,563.8,33.0,60.56,2773.47,2773.47,74.38,4,0,4,0,1162.75,0
CUST-4016,40,Female,Suburban,25,Month-to-Month,2024-08-02,80.6,5,22,545.5,109.4,61.36,1590.3,1590.3,53.86,1,0,5,1,1472.64,0
CUST-4017,54,Male,Suburban,31,One-Year,2024-02-02,59.3,6,15,453.2,66.2,63.76,1999.45,1999.45,59.5,2,1,3,0,826.33,0
CUST-4018,25,Female,Suburban,17,Month-to-Month,2025-04-03,22.7,11,25,522.5,58.5,133.81,2184.92,2184.92,15.19,3,1,2,1,1156.12,1
CUST-4019,30,Male,Suburban,72,One-Year,2020-09-04,102.2,5,15,684.1,3.6,114.14,7930.4,7930.4,2.08,2,1,3,2,1479.25,0
CUST-4020,25,Female,Urban,28,Month-to-Month,2024-05-03,108.0,5,19,480.6,158.2,53.77,1489.08,1489.08,2.78,0,1,3,1,696.86,1
CUST-4021,40,Male,Rural,72,Month-to-Month,2020-09-04,50.5,6,23,747.8,16.9,44.52,3136.17,3136.17,40.96,0,1,4,0,769.31,0
CUST-4022,60,Female,Urban,1,Month-to-Month,2026-08-02,129.3,9,20,518.4,41.7,144.5,146.7,146.7,89.81,0,1,4,0,2496.96,1
CUST-4023,18,Female,Rural,28,One-Year,2024-05-03,43.6,8,18,334.5,90.6,64.58,1830.99,1830.99,6.75,0,1,3,0,836.96,0
CUST-4024,62,Female,Suburban,42,Month-to-Month,2023-03-05,106.3,12,23,308.8,48.0,105.16,4400.2,4400.2,69.9,4,1,1,1,454.29,1
CUST-4025,68,Male,Urban,45,Month-to-Month,2022-12-03,107.7,4,20,388.6,2.0,48.94,2233.93,2233.93,37.04,2,0,3,1,704.74,1
CUST-4026,41,Male,Suburban,72,Month-to-Month,2020-09-04,117.2,6,13,429.2,193.5,80.89,6063.55,6063.55,39.52,1,0,4,0,1553.09,0
CUST-4027,52,Female,Urban,1,One-Year,2026-08-02,25.9,4,16,625.6,2.0,82.63,82.56,82.56,41.86,1,0,4,0,1586.5,0
CUST-4028,41,Male,Urban,1,Month-to-Month,2026-08-02,117.0,4,22,679.4,6.1,82.0,80.75,80.75,2.25,0,0,4,0,1574.4,1
CUST-4029,34,Female,Suburban,21,One-Year,2024-12-02,80.7,3,14,409.3,16.5,101.78,2132.3,2132.3,32.41,2,1,4,0,1758.76,0
CUST-4030,22,Female,Urban,1,Month-to-Month,2026-08-02,74.8,7,19,537.6,59.4,53.25,51.36,51.36,23.11,1,1,3,0,690.12,1
CUST-4031,37,Male,Urban,72,Month-to-Month,2020-09-04,109.8,8,18,490.5,230.4,89.78,6203.9,6203.9,63.4,2,0,3,0,1292.83,0
CUST-4032,38,Female,Rural,9,One-Year,2025-12-02,113.8,3,13,419.2,166.4,121.73,1085.77,1085.77,19.56,0,0,5,1,2921.52,0
CUST-4033,57,Female,Suburban,22,Two-Year,2024-11-02,25.3,7,16,522.2,68.5,46.47,1065.63,1065.63,24.93,1,1,3,1,602.25,0
CUST-4034,48,Male,Rural,3,Month-to-Month,2026-06-02,46.3,2,14,555.9,88.0,142.77,443.85,443.85,30.4,2,1,4,1,2467.07,1
CUST-4035,63,Female,Suburban,25,Month-to-Month,2024-08-02,121.0,8,18,825.9,80.9,57.69,1467.96,1467.96,30.93,0,2,4,0,886.12,1
CUST-4036,53,Male,Urban,16,Month-to-Month,2025-05-03,99.2,6,11,757.2,75.5,86.74,1418.22,1418.22,17.88,1,1,4,1,1498.87,1
CUST-4037,28,Female,Urban,2,One-Year,2026-07-03,90.5,5,18,684.9,108.8,53.81,111.5,111.5,6.36,1,0,4,0,1033.15,0
CUST-4038,69,Female,Suburban,14,Month-to-Month,2025-07-03,55.4,2,20,408.9,27.0,107.81,1572.04,1572.04,10.13,3,0,3,0,1552.46,1
CUST-4039,32,Female,Rural,17,One-Year,2025-04-03,98.2,6,17,254.6,16.2,65.03,1123.14,1123.14,18.61,1,4,1,0,187.29,1
CUST-4040,36,Female,Urban,72,Month-to-Month,2020-09-04,121.6,6,15,532.8,27.8,37.63,2678.46,2678.46,33.84,3,0,4,0,722.5,0
CUST-4041,24,Male,Rural,8,Month-to-Month,2026-01-01,154.5,8,13,129.6,3.2,93.64,722.71,722.71,21.21,1,2,2,0,719.16,1
CUST-4042,68,Female,Rural,26,Month-to-Month,2024-07-03,74.4,4,16,433.2,221.8,171.05,4228.01,4228.01,54.9,3,0,3,0,2463.12,1
CUST-4043,45,Male,Suburban,72,One-Year,2020-09-04,111.3,6,12,538.4,87.4,138.27,10102.71,10102.71,29.95,0,0,4,0,2654.78,0
CUST-4044,68,Female,Rural,52,One-Year,2022-05-05,140.6,7,14,263.1,15.6,108.17,5567.36,5567.36,14.69,1,0,4,0,2076.86,0
CUST-4045,60,Female,Urban,72,Month-to-Month,2020-09-04,41.5,6,18,503.8,19.2,29.34,2023.69,2023.69,24.06,3,1,3,1,380.25,0
CUST-4046,22,Male,Rural,72,Two-Year,2020-09-04,139.0,6,22,602.3,319.0,171.73,12090.89,12090.89,15.58,4,0,2,1,1648.61,0
CUST-4047,22,Male,Suburban,23,Month-to-Month,2024-10-02,91.0,5,20,436.4,95.0,142.37,3264.27,3264.27,1.08,3,1,2,1,1230.08,1
CUST-4048,47,Female,Urban,40,One-Year,2023-05-04,87.2,4,17,464.4,36.0,34.78,1430.65,1430.65,11.55,1,0,4,0,667.78,0
CUST-4049,71,Female,Rural,4,Month-to-Month,2026-05-03,68.7,5,15,583.7,15.0,41.33,162.26,162.26,20.98,1,0,4,0,793.54,0
CUST-4050,49,Male,Urban,20,Month-to-Month,2025-01-01,74.1,5,18,760.3,2.7,77.32,1570.56,1570.56,10.32,0,1,3,1,1002.07,1
CUST-4051,25,Male,Urban,55,Two-Year,2022-02-02,62.6,12,21,492.1,71.9,82.03,4305.55,4305.55,44.5,3,0,3,1,1181.23,0
CUST-4052,27,Male,Suburban,24,One-Year,2024-09-02,56.4,6,19,572.9,98.4,73.62,1848.58,1848.58,69.35,1,0,4,0,1413.5,1
CUST-4053,55,Female,Urban,40,Month-to-Month,2023-05-04,98.5,4,18,397.9,7.4,48.87,2047.0,2047.0,12.33,1,1,3,0,633.36,0
CUST-4054,64,Male,Urban,45,One-Year,2022-12-03,118.4,5,15,575.5,2.0,88.45,3991.52,3991.52,0.86,1,0,4,0,1698.24,0
CUST-4055,49,Female,Suburban,10,Month-to-Month,2025-11-01,53.6,11,20,580.2,28.7,118.01,1198.69,1198.69,72.93,1,1,3,5,1529.41,1
CUST-4056,65,Male,Urban,69,One-Year,2020-12-04,64.1,7,22,540.0,71.6,143.49,10162.75,10162.75,30.15,0,1,3,1,1859.63,0
CUST-4057,45,Female,Urban,21,Month-to-Month,2024-12-02,92.7,8,20,761.3,167.3,84.73,1863.03,1863.03,0.2,0,0,4,0,1626.82,0
CUST-4058,34,Male,Urban,8,Two-Year,2026-01-01,51.6,8,22,403.4,137.6,126.51,1016.6,1016.6,24.25,4,1,2,1,1093.05,1
CUST-4059,48,Female,Urban,66,Month-to-Month,2021-03-05,92.3,5,19,457.5,75.8,127.01,8596.71,8596.71,3.56,1,0,3,0,1828.94,0
CUST-4060,25,Male,Suburban,18,Month-to-Month,2025-03-03,76.9,10,21,708.6,109.3,96.37,1681.3,1681.3,39.22,2,1,3,0,1248.96,1
CUST-4061,57,Female,Suburban,46,Month-to-Month,2022-11-03,35.9,6,23,397.7,28.6,135.21,6004.49,6004.49,26.71,2,1,3,0,1752.32,1
CUST-4062,42,Male,Rural,27,Month-to-Month,2024-06-03,99.1,5,18,597.8,18.3,30.38,837.69,837.69,85.54,2,1,2,1,262.48,1
CUST-4063,26,Female,Suburban,16,Month-to-Month,2025-05-03,68.2,5,22,783.7,8.6,129.85,2165.68,2165.68,17.59,1,0,3,0,1869.84,0
CUST-4064,19,Female,Urban,55,Month-to-Month,2022-02-02,115.8,6,15,596.5,13.0,129.59,7175.65,7175.65,90.03,1,1,3,0,1679.49,0
CUST-4065,32,Male,Rural,29,One-Year,2024-04-03,79.1,5,17,532.0,214.2,72.88,2120.81,2120.81,63.38,1,0,3,1,1049.47,0
CUST-4066,67,Female,Suburban,17,Month-to-Month,2025-04-03,63.7,7,19,423.4,172.8,101.46,1737.09,1737.09,48.86,4,2,1,0,389.61,1
CUST-4067,20,Female,Suburban,4,One-Year,2026-05-03,84.0,11,22,661.4,3.1,84.79,352.03,352.03,20.17,1,1,3,0,1098.88,1
CUST-4068,66,Male,Suburban,72,One-Year,2020-09-04,122.3,3,14,271.0,41.3,77.42,5741.49,5741.49,18.72,0,0,4,0,1486.46,0
CUST-4069,53,Male,Rural,2,Two-Year,2026-07-03,140.3,10,12,192.5,30.4,132.55,273.1,273.1,17.57,4,2,2,0,1017.98,1
CUST-4070,21,Male,Suburban,66,Two-Year,2021-03-05,102.8,6,20,291.0,68.6,117.28,7435.89,7435.89,1.86,2,1,3,0,1519.95,0
CUST-4071,31,Female,Urban,15,Two-Year,2025-06-02,67.3,6,16,458.3,25.9,43.08,662.98,662.98,32.6,2,3,1,0,144.75,0
CUST-4072,58,Female,Suburban,34,One-Year,2023-11-03,86.0,4,19,242.8,21.4,134.76,4704.77,4704.77,55.97,2,1,3,0,1746.49,0
CUST-4073,58,Male,Urban,72,Month-to-Month,2020-09-04,82.0,12,12,853.4,107.7,46.46,3222.07,3222.07,47.7,1,0,4,1,892.03,0
CUST-4074,42,Female,Urban,6,One-Year,2026-03-03,80.5,6,17,305.1,191.1,122.16,730.87,730.87,30.6,2,0,3,1,1759.1,1
CUST-4075,67,Female,Urban,28,Two-Year,2024-05-03,77.4,5,26,616.0,14.7,87.32,2346.64,2346.64,15.47,2,1,2,2,754.44,0
CUST-4076,27,Female,Urban,48,Month-to-Month,2022-09-03,56.0,7,14,325.6,17.4,35.94,1707.35,1707.35,41.54,3,0,3,0,517.54,0
CUST-4077,38,Female,Urban,47,Month-to-Month,2022-10-04,114.3,6,16,449.3,35.3,110.32,5258.15,5258.15,26.34,3,1,4,1,1906.33,0
CUST-4078,53,Female,Urban,25,Month-to-Month,2024-08-02,110.8,8,17,466.9,79.6,147.64,3587.02,3587.02,64.08,1,0,4,2,2834.69,0
CUST-4079,29,Female,Suburban,33,One-Year,2023-12-03,85.7,4,16,258.2,11.9,79.5,2527.0,2527.0,11.18,0,0,5,1,1908.0,0
CUST-4080,44,Male,Suburban,47,Month-to-Month,2022-10-04,122.8,7,21,454.0,41.0,90.25,4300.41,4300.41,3.77,2,0,4,1,1732.8,0
CUST-4081,57,Female,Rural,61,One-Year,2021-08-04,102.7,10,23,710.4,119.5,87.07,5484.82,5484.82,0.11,3,1,2,0,752.28,0
CUST-4082,19,Female,Urban,48,One-Year,2022-09-03,51.5,4,16,424.0,17.3,128.25,5943.19,5943.19,47.56,0,1,4,0,2216.16,0
CUST-4083,71,Male,Suburban,15,Two-Year,2025-06-02,74.4,7,25,496.1,3.2,132.17,2062.69,2062.69,32.01,0,0,4,0,2537.66,0
CUST-4084,30,Female,Rural,72,One-Year,2020-09-04,129.4,3,16,511.6,154.3,93.8,6913.68,6913.68,2.16,2,1,4,1,1620.86,0
CUST-4085,70,Female,Urban,19,Two-Year,2025-02-01,74.2,8,25,521.3,100.7,142.55,2756.67,2756.67,64.12,2,0,3,0,2052.72,0
CUST-4086,49,Female,Suburban,1,Month-to-Month,2026-08-02,64.2,14,11,134.9,78.0,60.2,57.92,57.92,22.7,0,0,5,1,1444.8,1
CUST-4087,48,Male,Suburban,15,Month-to-Month,2025-06-02,106.7,4,17,592.3,5.9,78.55,1228.88,1228.88,21.65,0,1,4,1,1357.34,1
CUST-4088,33,Male,Urban,5,Month-to-Month,2026-04-02,76.6,10,15,551.9,149.2,76.36,380.79,380.79,40.38,2,0,3,0,1099.58,1
CUST-4089,49,Female,Rural,5,Month-to-Month,2026-04-02,101.8,8,16,463.0,23.7,54.3,272.47,272.47,35.24,3,1,3,2,703.73,1
CUST-4090,49,Female,Suburban,11,Month-to-Month,2025-10-02,83.9,6,23,697.5,15.4,125.87,1386.32,1386.32,9.55,4,0,3,0,1812.53,1
CUST-4091,51,Male,Urban,2,One-Year,2026-07-03,61.1,4,17,649.6,43.4,113.65,228.01,228.01,36.22,2,0,4,0,2182.08,0
CUST-4092,28,Female,Urban,39,One-Year,2023-06-04,64.2,3,22,525.1,166.5,57.67,2321.75,2321.75,68.37,2,0,4,1,1107.26,0
CUST-4093,27,Male,Urban,3,One-Year,2026-06-02,34.4,3,17,367.7,338.8,162.93,469.18,469.18,17.4,2,1,3,0,2111.57,1
CUST-4094,32,Male,Urban,8,Month-to-Month,2026-01-01,51.8,10,22,412.4,61.9,100.17,800.06,800.06,11.98,0,1,3,1,1298.2,1
CUST-4095,34,Male,Urban,4,Month-to-Month,2026-05-03,103.9,6,15,434.2,202.3,145.85,590.05,590.05,2.17,1,0,4,0,2800.32,1
CUST-4096,57,Male,Urban,3,One-Year,2026-06-02,121.2,9,19,560.9,39.3,99.12,285.99,285.99,32.52,3,1,2,1,856.4,1
CUST-4097,35,Female,Urban,11,Month-to-Month,2025-10-02,66.7,3,15,449.4,2.0,68.7,761.82,761.82,49.28,2,0,4,0,1319.04,0
CUST-4098,26,Male,Rural,28,Month-to-Month,2024-05-03,43.8,3,12,498.0,21.0,85.07,2384.14,2384.14,120.08,1,2,3,0,980.01,1
CUST-4099,42,Male,Urban,72,Month-to-Month,2020-09-04,119.1,5,14,238.3,23.4,44.79,3135.46,3135.46,33.13,4,2,2,1,343.99,1
CUST-4100,57,Male,Urban,69,Month-to-Month,2020-12-04,120.0,10,24,603.0,99.2,75.6,5089.84,5089.84,20.79,1,1,3,0,979.78,0
CUST-4101,31,Male,Urban,69,Month-to-Month,2020-12-04,106.7,8,26,671.0,8.6,28.86,1908.94,1908.94,95.76,0,1,3,1,374.03,0
CUST-4102,42,Male,Urban,7,Month-to-Month,2026-02-01,41.5,5,22,385.2,12.5,73.59,525.71,525.71,6.9,0,1,3,0,953.73,0
CUST-4103,67,Male,Urban,11,Month-to-Month,2025-10-02,100.5,5,23,371.3,61.9,44.78,475.26,475.26,43.13,3,1,2,0,386.9,1
CUST-4104,39,Female,Urban,3,One-Year,2026-06-02,101.5,3,13,335.4,9.1,102.34,315.89,315.89,13.88,1,0,4,0,1964.93,0
CUST-4105,69,Female,Urban,50,Month-to-Month,2022-07-04,112.0,2,15,793.3,44.5,136.61,7096.67,7096.67,69.19,2,3,1,1,459.01,1
CUST-4106,47,Male,Suburban,3,Month-to-Month,2026-06-02,89.5,9,28,597.7,2.3,110.53,323.01,323.01,47.86,2,0,3,0,1591.63,0
CUST-4107,37,Male,Rural,27,Two-Year,2024-06-03,62.5,6,17,444.7,71.8,59.63,1571.42,1571.42,14.21,2,0,3,0,858.67,0
CUST-4108,38,Female,Urban,10,One-Year,2025-11-01,72.9,8,20,341.8,155.4,106.62,1026.02,1026.02,52.18,0,2,2,0,818.84,0
CUST-4109,61,Male,Urban,10,Month-to-Month,2025-11-01,120.3,5,20,266.7,135.1,127.14,1276.6,1276.6,77.39,2,0,3,0,1830.82,0
CUST-4110,49,Male,Suburban,72,Two-Year,2020-09-04,96.4,10,13,594.8,5.0,118.4,8920.53,8920.53,10.18,3,1,3,0,1534.46,0
CUST-4111,68,Male,Suburban,47,Month-to-Month,2022-10-04,45.8,7,19,403.0,58.1,66.26,3034.41,3034.41,29.68,1,1,4,0,1144.97,0
CUST-4112,63,Male,Urban,60,Month-to-Month,2021-09-03,136.2,6,12,532.5,7.1,80.93,4690.62,4690.62,19.04,2,1,3,0,1048.85,0
CUST-4113,66,Female,Rural,28,Two-Year,2024-05-03,119.7,6,14,701.4,3.6,37.54,1062.28,1062.28,91.07,2,4,2,0,216.23,1
CUST-4114,38,Male,Suburban,68,Two-Year,2021-01-03,134.9,2,17,268.0,61.3,117.72,8290.36,8290.36,125.52,2,0,3,0,1695.17,0
CUST-4115,52,Female,Urban,35,Month-to-Month,2023-10-03,119.0,5,17,336.8,55.2,83.28,3022.72,3022.72,3.84,1,0,4,2,1598.98,0
CUST-4116,49,Male,Suburban,72,One-Year,2020-09-04,57.1,8,23,544.7,6.4,30.76,2180.49,2180.49,27.85,1,1,4,0,531.53,0
CUST-4117,47,Male,Rural,11,One-Year,2025-10-02,94.9,3,19,412.7,29.0,90.23,1021.0,1021.0,26.49,3,0,3,0,1299.31,0
CUST-4118,56,Female,Suburban,30,Month-to-Month,2024-03-03,103.1,7,19,421.4,24.7,119.72,3624.76,3624.76,71.05,3,1,2,0,1034.38,1
CUST-4119,66,Male,Urban,39,Month-to-Month,2023-06-04,44.7,9,21,600.1,27.3,34.2,1364.86,1364.86,52.85,0,0,4,1,656.64,0
CUST-4120,29,Female,Urban,17,Month-to-Month,2025-04-03,49.8,5,15,584.7,26.3,75.33,1303.26,1303.26,11.85,3,1,2,0,650.85,1
CUST-4121,58,Male,Urban,70,Two-Year,2020-11-03,107.3,9,15,388.9,113.2,97.39,6563.47,6563.47,25.83,1,1,4,0,1682.9,0
CUST-4122,64,Female,Urban,72,Month-to-Month,2020-09-04,109.7,3,19,352.9,28.4,144.2,10234.45,10234.45,16.63,3,2,2,0,1107.46,1
CUST-4123,35,Male,Suburban,23,One-Year,2024-10-02,156.0,8,20,438.7,26.1,54.06,1276.09,1276.09,15.25,0,1,4,0,934.16,0
CUST-4124,38,Female,Suburban,17,Month-to-Month,2025-04-03,77.2,8,19,653.4,2.0,119.5,2084.3,2084.3,45.95,2,0,4,0,2294.4,0
CUST-4125,30,Male,Suburban,21,Month-to-Month,2024-12-02,34.5,7,9,157.6,101.6,57.02,1152.17,1152.17,32.02,2,1,3,0,738.98,1
CUST-4126,38,Female,Rural,63,One-Year,2021-06-04,80.5,6,26,430.7,70.1,146.38,9186.97,9186.97,7.76,2,2,1,0,562.1,1
CUST-4127,25,Male,Urban,35,One-Year,2023-10-03,110.3,2,24,564.1,27.1,64.34,2334.99,2334.99,33.93,1,0,3,0,926.5,0
CUST-4128,63,Female,Rural,2,Month-to-Month,2026-07-03,74.1,4,21,340.2,39.1,47.6,97.98,97.98,21.8,3,1,3,1,616.9,1
CUST-4129,57,Male,Suburban,26,Month-to-Month,2024-07-03,88.1,12,18,202.9,102.7,84.31,2209.8,2209.8,14.6,0,0,5,0,2023.44,0
CUST-4130,63,Female,Urban,1,One-Year,2026-08-02,65.7,6,21,257.7,27.4,30.86,29.95,29.95,2.41,0,2,4,1,474.01,0
CUST-4131,24,Male,Suburban,50,Month-to-Month,2022-07-04,120.8,3,17,513.4,41.7,43.77,2150.1,2150.1,92.43,3,2,2,0,336.15,0
CUST-4132,40,Male,Urban,14,Month-to-Month,2025-07-03,107.3,5,15,434.9,2.0,82.36,1170.76,1170.76,69.24,1,0,4,0,1581.31,0
CUST-4133,61,Female,Suburban,21,One-Year,2024-12-02,60.4,10,19,109.6,162.8,157.59,3402.52,3402.52,12.66,3,0,3,0,2269.3,1
CUST-4134,49,Male,Urban,53,Month-to-Month,2022-04-04,69.3,6,15,361.5,30.2,80.69,4325.17,4325.17,28.44,3,0,2,0,774.62,1
CUST-4135,28,Male,Urban,2,Month-to-Month,2026-07-03,64.6,9,15,679.9,22.9,104.35,206.52,206.52,70.0,2,1,3,0,1352.38,1
CUST-4136,39,Female,Suburban,6,Month-to-Month,2026-03-03,29.2,3,21,439.3,61.1,115.47,698.13,698.13,25.65,3,1,3,1,1496.49,1
CUST-4137,39,Female,Suburban,17,Two-Year,2025-04-03,62.1,6,25,554.1,48.6,36.5,589.71,589.71,5.35,2,1,3,0,473.04,0
CUST-4138,60,Male,Urban,9,Month-to-Month,2025-12-02,31.8,6,16,433.4,33.3,67.04,617.58,617.58,22.53,2,1,3,1,868.84,1
CUST-4139,42,Female,Urban,14,One-Year,2025-07-03,113.0,7,15,596.6,166.1,164.58,2383.37,2383.37,13.19,1,1,4,0,2843.94,0
CUST-4140,39,Female,Urban,72,Month-to-Month,2020-09-04,115.4,6,21,556.1,29.3,30.2,2075.7,2075.7,21.43,2,0,3,0,434.88,0
CUST-4141,45,Male,Suburban,58,Month-to-Month,2021-11-03,76.0,10,23,453.7,417.4,141.68,8134.82,8134.82,65.93,4,0,4,1,2720.26,1
CUST-4142,46,Female,Rural,71,Month-to-Month,2020-10-04,91.1,10,22,290.9,101.2,136.48,10028.03,10028.03,18.4,2,1,3,0,1768.78,1
CUST-4143,30,Female,Rural,72,Month-to-Month,2020-09-04,117.1,10,19,529.3,151.9,80.95,5885.01,5885.01,56.23,2,1,2,0,699.41,0
CUST-4144,35,Female,Urban,14,One-Year,2025-07-03,108.5,5,21,201.4,21.6,142.85,1996.58,1996.58,9.27,3,1,3,0,1851.34,0
CUST-4145,19,Male,Suburban,12,Month-to-Month,2025-09-02,145.1,8,15,539.2,4.7,81.61,938.88,938.88,31.53,0,1,4,0,1410.22,1
CUST-4146,46,Female,Urban,9,One-Year,2025-12-02,92.8,7,14,608.0,35.3,135.41,1247.6,1247.6,19.43,6,1,1,1,584.97,1
CUST-4147,38,Male,Suburban,59,Month-to-Month,2021-10-04,128.6,6,15,361.1,24.4,89.42,5375.63,5375.63,126.54,1,0,4,0,1716.86,0
CUST-4148,32,Male,Urban,38,Month-to-Month,2023-07-04,87.9,6,22,241.8,4.1,71.34,2735.25,2735.25,0.03,1,0,3,0,1027.3,1
CUST-4149,69,Male,Urban,9,Month-to-Month,2025-12-02,81.4,8,15,627.9,4.8,107.38,923.94,923.94,15.82,2,0,4,0,2061.7,1
CUST-4150,44,Female,Suburban,16,One-Year,2025-05-03,105.4,5,32,452.0,12.4,137.07,2224.43,2224.43,58.75,1,2,3,0,1579.05,0
CUST-4151,67,Female,Urban,24,Two-Year,2024-09-02,101.6,4,23,419.0,30.8,72.88,1670.7,1670.7,17.39,4,0,4,0,1399.3,0
CUST-4152,48,Female,Suburban,25,Two-Year,2024-08-02,66.8,7,16,483.1,177.9,151.15,3900.48,3900.48,8.58,0,1,5,0,3264.84,0
CUST-4153,32,Female,Suburban,72,Month-to-Month,2020-09-04,60.3,4,16,366.5,69.7,111.31,8310.27,8310.27,67.17,1,3,2,0,748.0,1
CUST-4154,68,Male,Urban,16,One-Year,2025-05-03,87.2,2,15,170.1,33.0,73.49,1179.47,1179.47,31.35,3,1,3,0,952.43,0
CUST-4155,40,Male,Urban,72,Month-to-Month,2020-09-04,28.3,6,20,349.0,104.4,47.04,3504.89,3504.89,28.47,0,1,4,1,812.85,0
CUST-4156,41,Male,Rural,20,One-Year,2025-01-01,75.8,7,17,454.0,54.6,69.01,1366.51,1366.51,17.93,2,2,2,0,530.0,0
CUST-4157,61,Male,Suburban,46,Two-Year,2022-11-03,55.5,6,18,454.7,35.1,125.87,5668.45,5668.45,6.0,5,0,3,1,1812.53,0
CUST-4158,30,Female,Urban,72,Month-to-Month,2020-09-04,67.7,3,20,133.6,10.1,37.46,2692.83,2692.83,30.0,1,0,4,1,719.23,0
CUST-4159,39,Female,Urban,72,Month-to-Month,2020-09-04,61.6,15,20,402.3,170.2,116.32,8424.27,8424.27,24.63,2,0,3,0,1675.01,0
CUST-4160,60,Male,Suburban,2,One-Year,2026-07-03,108.0,5,21,747.0,63.6,93.4,191.78,191.78,18.0,3,1,3,0,1210.46,0
CUST-4161,54,Male,Suburban,8,One-Year,2026-01-01,98.4,6,16,458.4,37.6,106.73,862.55,862.55,2.8,1,0,3,0,1536.91,0
CUST-4162,50,Male,Urban,22,Month-to-Month,2024-11-02,86.6,7,27,607.1,37.5,138.61,3157.93,3157.93,36.84,1,0,4,0,2661.31,0
CUST-4163,20,Male,Urban,19,Two-Year,2025-02-01,73.5,4,22,554.2,94.1,125.57,2489.81,2489.81,34.96,5,2,2,0,964.38,1
CUST-4164,71,Female,Rural,34,One-Year,2023-11-03,116.0,2,13,334.2,12.9,85.65,2918.51,2918.51,28.66,1,0,3,0,1233.36,0
CUST-4165,36,Female,Suburban,72,Month-to-Month,2020-09-04,112.0,6,22,339.3,35.1,125.76,9251.82,9251.82,4.93,2,0,3,0,1810.94,0
CUST-4166,40,Female,Rural,4,Month-to-Month,2026-05-03,81.7,3,15,522.2,4.2,106.33,424.53,424.53,12.63,1,4,2,2,612.46,1
CUST-4167,46,Male,Suburban,20,One-Year,2025-01-01,125.6,5,14,352.1,5.4,128.8,2680.6,2680.6,22.21,3,1,2,0,1112.83,1
CUST-4168,47,Male,Rural,8,Month-to-Month,2026-01-01,79.3,4,16,656.9,48.6,115.59,881.31,881.31,46.41,3,1,2,0,998.7,1
CUST-4169,56,Male,Urban,72,Month-to-Month,2020-09-04,91.1,4,17,395.1,31.2,116.27,8554.45,8554.45,8.83,3,1,2,0,1004.57,1
CUST-4170,61,Female,Suburban,72,One-Year,2020-09-04,67.8,7,17,599.3,82.6,47.05,3386.36,3386.36,56.48,3,1,3,1,609.77,0
CUST-4171,64,Female,Urban,22,One-Year,2024-11-02,73.2,9,22,518.9,281.0,67.58,1421.51,1421.51,13.46,1,1,4,0,1167.78,0
CUST-4172,42,Male,Suburban,4,One-Year,2026-05-03,66.2,5,19,536.0,127.5,154.03,631.26,631.26,38.35,2,1,4,0,2661.64,1
CUST-4173,54,Female,Urban,51,Month-to-Month,2022-06-04,105.6,5,17,340.0,37.9,59.67,3010.55,3010.55,96.72,2,0,4,1,1145.66,0
CUST-4174,64,Male,Urban,40,One-Year,2023-05-04,96.3,5,17,644.8,30.8,48.61,1949.69,1949.69,43.83,2,1,3,1,629.99,0
CUST-4175,25,Female,Rural,15,Two-Year,2025-06-02,53.4,5,15,870.4,57.2,51.83,793.99,793.99,2.51,0,0,5,0,1243.92,0
CUST-4176,59,Female,Rural,72,Month-to-Month,2020-09-04,102.0,9,18,282.1,6.2,110.79,7779.11,7779.11,16.53,1,0,4,0,2127.17,0
CUST-4177,33,Female,Urban,72,One-Year,2020-09-04,138.8,8,15,619.4,285.7,73.19,5158.14,5158.14,30.21,1,0,3,0,1053.94,0
CUST-4178,25,Female,Suburban,27,Two-Year,2024-06-03,65.2,11,13,450.7,257.6,139.66,3716.77,3716.77,39.15,4,0,2,0,1340.74,1
CUST-4179,18,Male,Urban,28,One-Year,2024-05-03,63.5,5,20,305.3,166.6,115.71,3320.1,3320.1,14.8,3,0,2,1,1110.82,1
CUST-4180,61,Male,Urban,12,One-Year,2025-09-02,85.2,9,15,259.3,70.5,52.52,660.61,660.61,19.6,3,1,3,1,680.66,1
CUST-4181,22,Male,Suburban,29,Month-to-Month,2024-04-03,126.3,6,30,295.1,45.5,47.4,1355.76,1355.76,16.51,1,0,4,0,910.08,0
CUST-4182,20,Male,Urban,20,Month-to-Month,2025-01-01,71.9,2,18,318.6,79.7,52.21,1055.77,1055.77,41.9,1,1,4,0,902.19,1
CUST-4183,18,Female,Rural,12,One-Year,2025-09-02,140.3,7,15,240.9,24.5,58.52,689.88,689.88,85.7,1,0,4,1,1123.58,0
CUST-4184,21,Female,Urban,3,One-Year,2026-06-02,53.3,11,16,648.3,124.3,117.45,365.63,365.63,52.72,1,0,4,1,2255.04,0
CUST-4185,57,Male,Suburban,10,Two-Year,2025-11-01,90.6,8,21,448.4,9.4,50.2,523.86,523.86,10.69,2,0,3,0,722.88,0
CUST-4186,52,Female,Suburban,8,Month-to-Month,2026-01-01,34.0,6,19,524.3,105.8,116.77,905.17,905.17,27.19,1,1,4,0,2017.79,1
CUST-4187,49,Male,Urban,26,Month-to-Month,2024-07-03,56.9,11,18,242.6,131.4,156.45,4130.38,4130.38,22.76,0,1,3,3,2027.59,1
CUST-4188,59,Male,Urban,31,Month-to-Month,2024-02-02,78.6,7,12,666.3,12.1,125.96,4063.27,4063.27,0.55,1,2,3,0,1451.06,1
CUST-4189,51,Male,Suburban,31,One-Year,2024-02-02,93.1,9,16,354.2,42.3,123.13,3807.48,3807.48,97.54,2,1,3,0,1595.76,1
CUST-4190,60,Male,Suburban,17,Month-to-Month,2025-04-03,122.2,4,20,683.5,144.5,155.82,2605.32,2605.32,21.96,3,1,2,1,1346.28,1
CUST-4191,42,Male,Urban,18,One-Year,2025-03-03,64.0,10,20,530.6,208.1,126.65,2372.18,2372.18,100.36,1,2,2,0,972.67,1
CUST-4192,27,Male,Urban,60,Month-to-Month,2021-09-03,97.6,5,15,278.0,108.4,129.68,7592.4,7592.4,38.19,2,0,4,0,2489.86,1
CUST-4193,38,Male,Urban,22,Month-to-Month,2024-11-02,44.8,7,19,515.8,183.9,141.58,3023.53,3023.53,43.11,2,0,3,0,2038.75,1
CUST-4194,63,Female,Urban,72,Month-to-Month,2020-09-04,115.3,5,20,444.5,179.7,164.03,12259.58,12259.58,19.49,3,1,3,1,2125.83,1
CUST-4195,56,Male,Urban,20,Two-Year,2025-01-01,124.3,6,18,275.4,253.4,137.43,2785.32,2785.32,68.31,1,1,3,1,1781.09,0
CUST-4196,44,Male,Urban,35,One-Year,2023-10-03,116.1,4,16,257.8,34.7,61.6,2088.09,2088.09,7.18,1,1,2,0,532.22,0
CUST-4197,44,Male,Suburban,2,Two-Year,2026-07-03,116.1,10,21,597.8,22.0,50.8,103.05,103.05,111.93,3,1,3,0,658.37,0
CUST-4198,19,Female,Suburban,35,One-Year,2023-10-03,82.3,9,21,667.5,65.1,70.04,2543.63,2543.63,33.53,1,1,4,0,1210.29,0
CUST-4199,58,Male,Rural,63,Month-to-Month,2021-06-04,93.3,3,19,262.2,13.6,114.64,6925.7,6925.7,14.14,1,0,5,1,2751.36,0
CUST-4200,65,Female,Suburban,72,Month-to-Month,2020-09-04,82.1,8,17,469.7,52.9,108.44,7617.71,7617.71,47.06,2,0,4,0,2082.05,0
CUST-4201,30,Female,Rural,72,Two-Year,2020-09-04,83.6,9,19,184.3,56.3,58.66,4267.53,4267.53,47.85,3,1,3,0,760.23,0
CUST-4202,26,Female,Suburban,11,One-Year,2025-10-02,62.7,3,20,601.0,106.7,139.89,1479.54,1479.54,52.14,3,1,3,0,1812.97,0
CUST-4203,69,Female,Suburban,29,Month-to-Month,2024-04-03,93.5,6,11,464.0,29.2,142.23,4291.9,4291.9,12.16,0,0,4,0,2730.82,0
CUST-4204,53,Male,Rural,20,One-Year,2025-01-01,97.5,5,16,210.6,59.9,121.06,2443.71,2443.71,0.91,2,0,3,1,1743.26,1
CUST-4205,39,Male,Suburban,28,Month-to-Month,2024-05-03,114.6,4,19,369.2,151.8,54.92,1550.83,1550.83,77.01,3,0,4,0,1054.46,0
CUST-4206,59,Male,Urban,6,Month-to-Month,2026-03-03,96.8,6,21,352.0,35.6,102.51,587.74,587.74,55.9,3,0,4,0,1968.19,0
CUST-4207,43,Female,Suburban,64,Month-to-Month,2021-05-05,111.4,5,21,295.5,55.1,141.1,8959.34,8959.34,17.99,2,0,3,1,2031.84,1
CUST-4208,71,Male,Rural,72,Two-Year,2020-09-04,62.7,3,24,621.4,100.6,76.09,5311.34,5311.34,6.36,2,1,3,0,986.13,0
CUST-4209,29,Male,Suburban,20,Month-to-Month,2025-01-01,127.7,3,22,298.5,18.7,95.12,1961.09,1961.09,22.14,1,1,2,0,821.84,1
CUST-4210,34,Female,Suburban,11,Month-to-Month,2025-10-02,77.8,7,14,752.3,7.1,52.17,564.47,564.47,12.77,0,0,5,0,1252.08,0
CUST-4211,31,Male,Suburban,5,Month-to-Month,2026-04-02,23.5,8,15,605.3,74.4,137.44,680.54,680.54,7.55,2,0,3,0,1979.14,1
CUST-4212,31,Female,Rural,38,Month-to-Month,2023-07-04,73.3,5,15,390.7,30.1,129.56,4992.53,4992.53,23.3,2,1,3,0,1679.1,1
CUST-4213,51,Female,Urban,13,Month-to-Month,2025-08-02,102.3,8,26,861.6,31.2,71.6,951.04,951.04,61.95,1,3,2,0,481.15,1
CUST-4214,70,Male,Suburban,72,Month-to-Month,2020-09-04,87.5,7,16,384.1,172.9,91.16,6753.85,6753.85,30.5,1,0,4,1,1750.27,0
CUST-4215,37,Male,Urban,37,Month-to-Month,2023-08-04,26.7,11,16,200.5,34.1,30.12,1078.21,1078.21,23.39,2,0,4,0,578.3,0
CUST-4216,28,Male,Suburban,35,Two-Year,2023-10-03,91.5,5,28,629.1,199.7,91.46,3125.09,3125.09,179.46,1,1,4,0,1580.43,0
CUST-4217,33,Female,Suburban,27,Month-to-Month,2024-06-03,88.8,9,18,295.4,7.3,115.96,3003.3,3003.3,49.99,1,0,4,0,2226.43,1
CUST-4218,68,Female,Urban,2,Month-to-Month,2026-07-03,55.9,6,19,674.9,27.3,32.39,67.09,67.09,4.95,1,1,4,0,559.7,0
CUST-4219,48,Female,Urban,72,Month-to-Month,2020-09-04,101.9,4,17,200.5,76.7,59.83,4228.25,4228.25,18.88,0,1,3,0,775.4,0
CUST-4220,23,Female,Suburban,33,One-Year,2023-12-03,81.0,4,13,297.3,8.8,110.29,3503.5,3503.5,21.89,3,1,3,0,1429.36,0
CUST-4221,36,Female,Urban,72,One-Year,2020-09-04,26.5,5,17,353.3,31.8,104.29,7367.23,7367.23,33.01,1,1,3,0,1351.6,0
CUST-4222,54,Male,Urban,26,Month-to-Month,2024-07-03,105.9,2,16,552.8,124.1,157.08,3903.22,3903.22,40.07,2,0,3,0,2261.95,1
CUST-4223,21,Male,Suburban,41,Two-Year,2023-04-04,90.2,2,19,363.2,93.2,83.91,3556.11,3556.11,13.78,0,1,4,1,1449.96,0
CUST-4224,64,Female,Urban,2,One-Year,2026-07-03,130.4,6,19,352.4,21.5,43.56,85.26,85.26,16.03,0,0,5,1,1045.44,0
CUST-4225,21,Male,Urban,33,One-Year,2023-12-03,59.1,7,13,569.0,28.6,105.74,3437.1,3437.1,3.82,0,1,3,0,1370.39,0
CUST-4226,37,Male,Rural,48,Month-to-Month,2022-09-03,78.0,14,10,661.4,45.7,40.95,2052.15,2052.15,3.27,1,0,4,0,786.24,0
CUST-4227,27,Female,Urban,50,Month-to-Month,2022-07-04,117.0,5,14,396.9,85.4,51.24,2482.41,2482.41,49.65,1,1,3,0,664.07,0
CUST-4228,41,Male,Urban,49,One-Year,2022-08-04,57.5,5,21,270.7,10.7,91.92,4370.75,4370.75,91.16,3,0,3,0,1323.65,0
CUST-4229,71,Female,Suburban,9,Two-Year,2025-12-02,115.9,3,13,711.6,48.8,86.59,784.02,784.02,7.67,2,0,4,2,1662.53,0
CUST-4230,52,Female,Suburban,72,One-Year,2020-09-04,116.7,7,16,423.6,5.0,56.06,4226.95,4226.95,89.79,1,1,3,1,726.54,0
CUST-4231,43,Male,Rural,72,Month-to-Month,2020-09-04,94.4,4,24,525.3,33.0,84.91,6358.78,6358.78,14.74,1,0,4,0,1630.27,0
CUST-4232,54,Female,Rural,3,Month-to-Month,2026-06-02,80.0,4,10,365.1,13.8,126.92,384.3,384.3,74.43,1,0,5,1,3046.08,1
CUST-4233,55,Male,Suburban,72,One-Year,2020-09-04,65.6,6,18,380.8,24.0,111.98,8314.3,8314.3,0.92,1,1,3,0,1451.26,0
CUST-4234,38,Male,Urban,12,One-Year,2025-09-02,63.4,8,16,365.0,26.2,81.23,973.55,973.55,3.32,2,1,3,0,1052.74,1
CUST-4235,71,Male,Urban,39,Month-to-Month,2023-06-04,94.3,3,27,600.1,95.6,75.14,2911.3,2911.3,19.97,3,0,4,1,1442.69,0
CUST-4236,57,Male,Urban,14,Month-to-Month,2025-07-03,5.0,11,26,664.1,20.0,94.96,1316.21,1316.21,65.93,0,0,4,1,1823.23,0
CUST-4237,56,Female,Urban,72,Month-to-Month,2020-09-04,68.3,7,19,357.7,70.8,35.96,2577.35,2577.35,20.87,3,0,2,1,345.22,0
CUST-4238,38,Male,Suburban,4,One-Year,2026-05-03,64.2,7,18,379.5,49.5,116.73,476.58,476.58,64.03,2,1,2,0,1008.55,1
CUST-4239,27,Male,Suburban,23,One-Year,2024-10-02,55.4,2,7,671.4,106.0,133.18,3161.61,3161.61,14.58,3,3,1,0,447.48,1
CUST-4240,55,Male,Urban,19,One-Year,2025-02-01,90.6,5,14,791.8,25.2,42.78,819.0,819.0,4.97,4,0,4,0,821.38,0
CUST-4241,63,Female,Suburban,13,One-Year,2025-08-02,40.9,4,17,552.7,340.1,122.31,1648.69,1648.69,90.87,1,1,4,1,2113.52,1
CUST-4242,21,Female,Urban,35,Month-to-Month,2023-10-03,121.1,3,13,512.6,22.8,45.1,1600.39,1600.39,2.79,1,0,5,2,1082.4,0
CUST-4243,62,Male,Urban,5,One-Year,2026-04-02,112.4,7,15,796.9,56.3,142.56,734.38,734.38,42.98,3,0,3,1,2052.86,1
CUST-4244,37,Male,Suburban,42,Two-Year,2023-03-05,125.8,6,20,494.6,65.0,129.74,5552.4,5552.4,75.09,2,0,2,0,1245.5,0
CUST-4245,34,Male,Urban,72,Two-Year,2020-09-04,69.2,5,14,495.0,50.2,34.84,2577.16,2577.16,4.47,2,1,4,0,602.04,0
CUST-4246,24,Male,Urban,54,Two-Year,2022-03-05,91.2,7,20,366.1,127.3,155.68,8002.4,8002.4,25.63,2,0,3,0,2241.79,0
CUST-4247,21,Female,Urban,65,Month-to-Month,2021-04-04,109.7,6,22,576.2,7.8,42.48,2862.6,2862.6,1.9,0,2,2,0,326.25,0
CUST-4248,46,Female,Urban,15,One-Year,2025-06-02,81.1,6,21,338.2,59.1,43.53,678.15,678.15,21.5,0,0,5,0,1044.72,0
CUST-4249,31,Male,Suburban,13,Two-Year,2025-08-02,68.0,6,23,374.6,45.9,35.63,479.0,479.0,54.19,2,1,4,1,615.69,0
CUST-4250,20,Male,Rural,24,One-Year,2024-09-02,88.6,13,19,401.3,35.1,121.19,2975.5,2975.5,12.68,3,1,3,0,1570.62,0
CUST-4251,41,Male,Urban,2,Month-to-Month,2026-07-03,78.8,8,20,554.8,27.6,135.55,278.89,278.89,9.3,1,0,4,1,2602.56,0
CUST-4252,54,Female,Urban,72,Two-Year,2020-09-04,52.9,3,21,398.2,10.8,37.61,2621.6,2621.6,10.15,1,1,2,0,324.95,0
CUST-4253,33,Male,Suburban,6,Month-to-Month,2026-03-03,13.6,10,14,611.4,68.2,148.32,849.66,849.66,54.83,4,1,2,0,1281.48,1
CUST-4254,69,Female,Rural,72,Month-to-Month,2020-09-04,57.3,1,15,277.0,8.1,62.54,4408.2,4408.2,127.36,1,1,4,1,1080.69,0
CUST-4255,21,Female,Urban,3,Month-to-Month,2026-06-02,14.2,6,14,390.1,114.9,120.3,358.82,358.82,9.07,2,1,3,0,1559.09,1
CUST-4256,41,Male,Urban,57,One-Year,2021-12-04,58.9,3,24,471.5,38.6,144.21,8031.55,8031.55,2.49,2,0,3,1,2076.62,0
CUST-4257,51,Female,Suburban,6,Month-to-Month,2026-03-03,127.6,5,21,484.4,60.4,35.04,218.03,218.03,4.71,2,0,4,0,672.77,0
CUST-4258,47,Female,Suburban,2,Month-to-Month,2026-07-03,29.5,5,22,583.7,5.3,88.67,185.58,185.58,34.63,2,1,3,0,1149.16,1
CUST-4259,35,Female,Urban,42,One-Year,2023-03-05,98.5,5,21,289.0,6.4,101.39,4373.69,4373.69,39.46,2,0,3,0,1460.02,0
CUST-4260,36,Male,Suburban,11,One-Year,2025-10-02,121.7,8,24,460.4,17.5,70.33,771.82,771.82,20.88,2,0,4,0,1350.34,0
CUST-4261,48,Male,Urban,42,One-Year,2023-03-05,37.8,8,19,277.4,98.3,52.4,2122.84,2122.84,2.89,2,0,3,1,754.56,0
CUST-4262,36,Female,Urban,27,Month-to-Month,2024-06-03,138.8,4,28,566.1,43.2,102.91,2881.94,2881.94,92.13,2,1,3,0,1333.71,1
CUST-4263,66,Female,Urban,4,One-Year,2026-05-03,82.7,2,12,368.6,24.2,34.04,140.82,140.82,93.05,2,0,3,0,490.18,0
CUST-4264,63,Female,Rural,72,Month-to-Month,2020-09-04,125.7,6,25,598.9,123.1,149.66,10411.63,10411.63,17.51,1,0,4,1,2873.47,0
CUST-4265,36,Female,Urban,20,Month-to-Month,2025-01-01,93.1,11,15,453.9,13.9,80.22,1531.99,1531.99,60.21,1,0,3,1,1155.17,1
CUST-4266,39,Female,Urban,44,Month-to-Month,2023-01-03,71.2,3,15,472.3,19.5,132.61,6067.63,6067.63,80.1,3,1,3,2,1718.63,1
CUST-4267,41,Female,Urban,23,Two-Year,2024-10-02,5.0,6,23,928.3,97.5,135.82,3224.43,3224.43,24.83,4,0,3,1,1955.81,0
CUST-4268,62,Male,Rural,31,Month-to-Month,2024-02-02,51.6,6,18,631.9,2.0,25.72,831.94,831.94,32.2,2,0,3,1,370.37,1
CUST-4269,29,Female,Urban,12,Month-to-Month,2025-09-02,105.4,8,22,574.2,16.2,80.24,949.2,949.2,46.23,1,3,2,0,539.21,1
CUST-4270,47,Female,Urban,8,Month-to-Month,2026-01-01,131.1,9,21,452.9,47.9,134.28,1091.21,1091.21,77.67,3,0,3,1,1933.63,1
CUST-4271,55,Female,Urban,26,Month-to-Month,2024-07-03,42.9,14,26,387.8,160.3,91.84,2474.8,2474.8,3.27,0,0,4,0,1763.33,0
CUST-4272,70,Female,Suburban,20,Two-Year,2025-01-01,83.2,8,23,365.7,20.1,65.18,1282.93,1282.93,1.9,4,0,3,0,938.59,1
CUST-4273,48,Male,Urban,17,Two-Year,2025-04-03,71.6,9,17,701.2,15.6,106.18,1800.46,1800.46,39.34,1,0,4,0,2038.66,0
CUST-4274,53,Female,Urban,37,Month-to-Month,2023-08-04,97.5,4,15,343.2,239.6,142.01,5271.02,5271.02,1.71,0,0,4,1,2726.59,0
CUST-4275,36,Female,Urban,39,Month-to-Month,2023-06-04,87.7,4,25,553.9,48.3,106.21,3947.21,3947.21,3.86,3,0,3,1,1529.42,1
CUST-4276,65,Male,Rural,2,Month-to-Month,2026-07-03,73.8,6,20,351.1,4.2,67.42,139.27,139.27,19.21,5,0,3,2,970.85,0
CUST-4277,62,Male,Suburban,14,One-Year,2025-07-03,104.2,7,16,297.2,21.0,35.47,518.62,518.62,7.04,1,3,2,0,238.36,0
CUST-4278,53,Male,Suburban,18,Month-to-Month,2025-03-03,64.3,6,19,380.2,49.6,138.58,2473.77,2473.77,80.19,1,0,5,1,3325.92,1
CUST-4279,47,Male,Rural,4,Month-to-Month,2026-05-03,85.3,7,20,581.7,4.9,62.21,251.61,251.61,14.1,1,2,2,0,477.77,1
CUST-4280,66,Male,Rural,9,Month-to-Month,2025-12-02,108.1,3,13,644.9,76.7,128.0,1156.79,1156.79,30.16,0,1,3,0,1658.88,1
CUST-4281,50,Male,Urban,2,Month-to-Month,2026-07-03,63.2,4,21,494.9,48.0,72.65,143.09,143.09,0.35,3,1,3,0,941.54,1
CUST-4282,35,Female,Rural,72,Month-to-Month,2020-09-04,74.2,3,23,431.8,80.4,93.96,6482.63,6482.63,25.21,1,1,3,0,1217.72,0
CUST-4283,69,Female,Urban,44,Month-to-Month,2023-01-03,68.3,7,31,556.9,27.2,72.05,3176.58,3176.58,58.13,3,1,2,0,622.51,1
CUST-4284,66,Female,Urban,4,Month-to-Month,2026-05-03,98.6,5,23,424.4,35.4,39.66,154.58,154.58,120.87,4,2,1,0,152.29,1
CUST-4285,45,Female,Rural,1,Month-to-Month,2026-08-02,95.5,5,23,387.4,171.1,88.56,89.91,89.91,39.74,3,1,3,0,1147.74,0
CUST-4286,64,Male,Urban,42,Two-Year,2023-03-05,69.5,6,24,294.7,15.4,137.21,5784.27,5784.27,7.93,3,1,3,0,1778.24,0
CUST-4287,28,Male,Urban,19,Month-to-Month,2025-02-01,95.2,4,26,651.9,2.6,38.08,730.07,730.07,15.79,4,2,1,2,146.23,1
CUST-4288,71,Female,Urban,51,Month-to-Month,2022-06-04,5.0,6,21,361.2,261.9,128.21,6605.23,6605.23,5.97,1,0,4,0,2461.63,0
CUST-4289,62,Male,Suburban,72,Two-Year,2020-09-04,110.1,11,22,283.8,2.0,136.67,10219.76,10219.76,14.43,0,0,4,0,2624.06,0
CUST-4290,50,Female,Urban,31,Two-Year,2024-02-02,111.9,5,23,417.7,142.4,48.73,1457.37,1457.37,28.84,0,0,4,0,935.62,0
CUST-4291,34,Female,Suburban,7,Month-to-Month,2026-02-01,69.8,8,13,614.7,113.7,50.01,360.77,360.77,23.39,2,0,4,0,960.19,0
CUST-4292,23,Female,Rural,51,One-Year,2022-06-04,63.8,8,18,586.8,43.5,136.07,7255.13,7255.13,72.42,4,1,2,0,1175.64,1
CUST-4293,21,Female,Suburban,72,Month-to-Month,2020-09-04,83.3,7,17,422.5,79.4,121.5,8941.61,8941.61,7.98,1,1,3,1,1574.64,1
CUST-4294,37,Male,Urban,29,One-Year,2024-04-03,57.7,1,18,375.5,7.2,88.79,2481.97,2481.97,19.9,2,1,2,1,767.15,1
CUST-4295,65,Male,Rural,38,Two-Year,2023-07-04,62.4,5,18,855.2,93.8,100.78,3963.77,3963.77,35.0,0,1,3,0,1306.11,0
CUST-4296,64,Female,Urban,14,Month-to-Month,2025-07-03,94.2,5,17,319.1,99.5,152.04,2190.67,2190.67,138.9,0,0,4,1,2919.17,1
CUST-4297,44,Male,Urban,16,Month-to-Month,2025-05-03,109.3,4,20,459.2,3.4,27.92,462.92,462.92,8.42,1,0,4,0,536.06,0
CUST-4298,32,Female,Urban,44,Month-to-Month,2023-01-03,94.5,7,18,340.0,44.7,62.81,2759.87,2759.87,62.66,3,0,3,0,904.46,1
CUST-4299,23,Male,Suburban,72,One-Year,2020-09-04,171.6,10,19,613.0,192.4,90.29,6709.07,6709.07,33.66,3,1,3,0,1170.16,0
CUST-4300,64,Female,Urban,33,One-Year,2023-12-03,122.5,10,22,617.3,196.2,68.18,2172.1,2172.1,5.03,0,2,3,0,785.43,0
CUST-4301,31,Female,Urban,52,One-Year,2022-05-05,107.1,3,10,271.4,270.9,106.72,5591.99,5591.99,53.63,3,0,3,0,1536.77,1
CUST-4302,28,Female,Urban,7,Month-to-Month,2026-02-01,106.0,6,15,495.5,69.5,78.02,548.97,548.97,6.73,1,1,3,1,1011.14,1
CUST-4303,56,Male,Urban,8,Month-to-Month,2026-01-01,87.6,2,17,34.6,9.9,136.75,1137.4,1137.4,42.11,3,0,4,0,2625.6,1
CUST-4304,26,Male,Suburban,25,One-Year,2024-08-02,100.1,7,9,478.9,34.6,81.02,2099.01,2099.01,9.63,2,0,4,0,1555.58,0
CUST-4305,43,Female,Suburban,7,Month-to-Month,2026-02-01,90.9,5,13,20.0,84.4,145.15,1038.0,1038.0,22.11,1,0,4,0,2786.88,0
CUST-4306,33,Male,Suburban,34,Month-to-Month,2023-11-03,116.5,10,17,516.5,21.7,121.41,3993.72,3993.72,53.52,2,0,4,1,2331.07,1
CUST-4307,22,Female,Urban,12,Month-to-Month,2025-09-02,76.6,3,17,402.0,108.0,125.94,1557.64,1557.64,35.2,3,0,3,1,1813.54,1
CUST-4308,69,Female,Urban,52,One-Year,2022-05-05,75.0,7,21,203.1,128.4,82.28,4327.44,4327.44,47.19,2,0,3,1,1184.83,0
CUST-4309,27,Female,Rural,55,One-Year,2022-02-02,120.3,8,14,552.2,93.7,88.16,5002.31,5002.31,56.93,2,0,3,0,1269.5,0
CUST-4310,67,Female,Urban,21,Two-Year,2024-12-02,71.2,9,9,463.9,27.2,34.21,749.9,749.9,1.24,3,2,3,0,394.1,1
CUST-4311,20,Male,Rural,7,Month-to-Month,2026-02-01,56.7,11,13,290.2,87.9,81.58,568.21,568.21,22.93,1,2,3,0,939.8,1
CUST-4312,30,Female,Urban,35,Two-Year,2023-10-03,62.6,7,16,585.5,4.9,125.83,4511.73,4511.73,148.5,3,0,3,1,1811.95,1
CUST-4313,60,Female,Rural,72,One-Year,2020-09-04,107.5,4,18,440.0,26.5,118.84,8961.16,8961.16,55.52,1,1,3,0,1540.17,0
CUST-4314,66,Male,Urban,32,Month-to-Month,2024-01-03,165.2,7,16,526.8,94.3,132.11,4106.47,4106.47,15.94,6,2,1,1,507.3,1
CUST-4315,47,Female,Urban,2,Month-to-Month,2026-07-03,58.4,5,13,395.8,103.0,65.93,136.44,136.44,11.74,3,1,3,0,854.45,1
CUST-4316,71,Male,Suburban,1,Month-to-Month,2026-08-02,104.4,12,17,425.0,25.0,52.9,51.01,51.01,42.7,1,1,4,0,914.11,0
CUST-4317,62,Male,Suburban,13,Two-Year,2025-08-02,89.6,6,17,733.6,209.7,132.74,1642.3,1642.3,5.16,1,0,4,0,2548.61,0
CUST-4318,23,Male,Urban,8,Month-to-Month,2026-01-01,118.8,8,16,349.8,20.7,103.01,852.68,852.68,75.01,0,0,5,0,2472.24,0
CUST-4319,34,Female,Suburban,56,Month-to-Month,2022-01-03,104.1,4,17,503.9,70.1,57.98,3396.2,3396.2,2.99,2,0,3,0,834.91,0
CUST-4320,62,Male,Suburban,62,Month-to-Month,2021-07-05,120.7,4,21,505.5,137.3,128.35,7585.45,7585.45,28.66,2,1,3,0,1663.42,0
CUST-4321,68,Female,Urban,10,One-Year,2025-11-01,93.8,6,16,244.0,52.1,76.07,786.9,786.9,65.67,1,0,4,0,1460.54,0
CUST-4322,70,Female,Urban,13,Month-to-Month,2025-08-02,60.0,9,15,507.4,34.6,132.17,1752.47,1752.47,44.55,1,0,3,1,1903.25,1
CUST-4323,36,Male,Urban,9,Month-to-Month,2025-12-02,64.6,6,11,164.3,15.4,69.23,635.52,635.52,23.26,3,0,3,1,996.91,1
CUST-4324,59,Male,Urban,72,Month-to-Month,2020-09-04,91.4,4,18,817.4,14.2,53.58,3842.18,3842.18,9.12,2,3,1,0,180.03,1
CUST-4325,52,Female,Suburban,23,Month-to-Month,2024-10-02,99.0,6,19,706.4,11.2,49.21,1122.45,1122.45,32.1,2,0,2,0,472.42,1
CUST-4326,63,Male,Urban,36,Month-to-Month,2023-09-03,73.5,8,13,97.9,38.0,134.0,4762.74,4762.74,118.66,2,0,4,0,2572.8,1
CUST-4327,43,Female,Urban,18,Month-to-Month,2025-03-03,145.5,4,23,653.7,51.6,131.64,2341.52,2341.52,3.51,1,0,4,1,2527.49,1
CUST-4328,68,Male,Urban,33,One-Year,2023-12-03,113.2,10,9,467.0,118.7,91.78,3161.14,3161.14,1.12,1,0,3,0,1321.63,0
CUST-4329,22,Male,Urban,17,One-Year,2025-04-03,22.5,6,24,185.1,15.9,55.07,965.75,965.75,19.04,3,0,4,1,1057.34,0
CUST-4330,46,Female,Urban,14,One-Year,2025-07-03,81.3,5,25,128.3,91.5,71.44,981.53,981.53,31.31,4,0,3,0,1028.74,0
CUST-4331,54,Male,Urban,34,Month-to-Month,2023-11-03,54.1,4,15,443.1,77.0,80.82,2813.98,2813.98,15.51,0,0,3,0,1163.81,0
CUST-4332,37,Male,Urban,30,One-Year,2024-03-03,142.2,5,13,748.6,65.4,39.91,1216.04,1216.04,44.27,2,1,3,0,517.23,0
CUST-4333,66,Male,Rural,12,Month-to-Month,2025-09-02,18.4,9,17,875.8,26.9,36.78,456.63,456.63,25.9,1,0,3,0,529.63,1
CUST-4334,38,Male,Urban,6,Month-to-Month,2026-03-03,97.6,7,13,502.1,24.9,135.39,779.19,779.19,14.92,0,1,5,1,2924.42,1
CUST-4335,27,Female,Suburban,16,Two-Year,2025-05-03,88.7,11,21,270.1,92.5,126.97,2072.18,2072.18,55.32,4,0,3,0,1828.37,0
CUST-4336,22,Female,Urban,18,One-Year,2025-03-03,109.4,6,24,782.1,20.9,121.74,2135.43,2135.43,3.66,0,1,3,0,1577.75,0
CUST-4337,53,Male,Urban,33,One-Year,2023-12-03,94.7,2,18,282.8,26.0,83.94,2698.44,2698.44,1.43,0,0,5,0,2014.56,0
CUST-4338,23,Female,Urban,72,Two-Year,2020-09-04,147.1,5,19,389.4,218.3,99.71,7326.82,7326.82,2.05,2,0,3,1,1435.82,0
CUST-4339,43,Female,Urban,2,Two-Year,2026-07-03,112.5,1,13,572.8,421.1,98.74,205.28,205.28,58.91,4,1,2,1,853.11,0
CUST-4340,21,Male,Rural,10,One-Year,2025-11-01,29.9,6,13,687.7,2.0,89.48,896.23,896.23,56.01,3,1,2,0,773.11,1
CUST-4341,56,Male,Rural,8,One-Year,2026-01-01,127.1,6,21,244.8,75.5,121.8,971.04,971.04,62.18,2,1,3,0,1578.53,0
CUST-4342,56,Female,Suburban,23,One-Year,2024-10-02,91.1,10,25,446.4,49.8,55.01,1305.1,1305.1,11.68,1,0,4,0,1056.19,0
CUST-4343,67,Female,Suburban,19,Month-to-Month,2025-02-01,127.2,8,21,567.6,40.1,75.76,1371.13,1371.13,23.67,1,2,3,0,872.76,1
CUST-4344,52,Female,Urban,43,Month-to-Month,2023-02-02,75.5,4,17,20.0,21.0,134.79,5915.98,5915.98,13.48,2,0,3,0,1940.98,1
CUST-4345,18,Female,Urban,10,One-Year,2025-11-01,53.1,4,17,116.4,46.0,128.93,1232.07,1232.07,30.98,4,0,2,1,1237.73,1
CUST-4346,41,Male,Rural,30,Month-to-Month,2024-03-03,47.5,7,16,154.7,39.6,122.75,3588.38,3588.38,65.31,2,3,2,1,824.88,1
CUST-4347,53,Female,Suburban,71,Month-to-Month,2020-10-04,116.8,9,17,497.5,33.3,34.54,2493.31,2493.31,0.7,2,1,3,1,447.64,0
CUST-4348,23,Female,Suburban,72,Month-to-Month,2020-09-04,108.9,7,13,557.6,123.2,62.53,4448.22,4448.22,29.52,3,1,2,0,540.26,0
CUST-4349,58,Female,Urban,72,Month-to-Month,2020-09-04,67.2,4,22,667.2,20.5,63.27,4462.16,4462.16,7.86,2,0,4,0,1214.78,0
CUST-4350,71,Male,Urban,49,Two-Year,2022-08-04,5.0,1,25,509.4,59.2,68.79,3372.16,3372.16,71.42,3,0,3,0,990.58,0
CUST-4351,63,Male,Rural,72,One-Year,2020-09-04,118.0,5,18,875.6,129.8,59.3,4418.98,4418.98,110.12,2,0,4,1,1138.56,0
CUST-4352,61,Male,Urban,9,Month-to-Month,2025-12-02,23.9,6,18,564.0,251.1,95.95,857.16,857.16,61.63,0,0,5,0,2302.8,0
CUST-4353,48,Female,Urban,8,Two-Year,2026-01-01,150.2,4,8,691.5,60.0,83.24,668.11,668.11,1.2,1,0,3,0,1198.66,0
CUST-4354,37,Male,Urban,1,Two-Year,2026-08-02,41.6,7,14,622.1,47.7,37.83,36.54,36.54,12.62,0,0,5,0,907.92,0
CUST-4355,41,Male,Suburban,41,Month-to-Month,2023-04-04,85.4,11,17,499.3,119.3,89.26,3639.4,3639.4,9.14,1,0,5,1,2142.24,0
CUST-4356,42,Male,Urban,72,Two-Year,2020-09-04,91.9,3,18,739.8,13.6,84.14,5765.2,5765.2,61.26,1,0,4,0,1615.49,0
CUST-4357,53,Male,Suburban,7,Month-to-Month,2026-02-01,95.9,8,18,570.5,64.6,39.4,285.13,285.13,0.64,2,0,4,1,756.48,0
CUST-4358,38,Female,Urban,34,Month-to-Month,2023-11-03,94.7,9,21,344.7,4.3,103.18,3405.27,3405.27,89.63,2,0,3,0,1485.79,1
CUST-4359,47,Female,Rural,46,Month-to-Month,2022-11-03,88.9,2,12,485.7,70.1,44.69,2142.06,2142.06,30.99,2,0,4,0,858.05,0
CUST-4360,41,Female,Suburban,72,One-Year,2020-09-04,72.0,8,12,391.9,103.3,115.0,8162.17,8162.17,47.7,5,0,2,0,1104.0,1
CUST-4361,61,Male,Urban,35,Month-to-Month,2023-10-03,78.3,11,15,310.8,4.2,139.95,5062.77,5062.77,21.29,2,0,3,1,2015.28,1
CUST-4362,59,Female,Suburban,72,One-Year,2020-09-04,65.4,5,17,326.9,122.6,50.37,3586.61,3586.61,42.97,1,1,3,1,652.8,0
CUST-4363,47,Male,Urban,14,One-Year,2025-07-03,88.5,7,18,563.0,8.6,57.58,778.13,778.13,14.25,2,0,3,0,829.15,0
CUST-4364,39,Male,Urban,15,Month-to-Month,2025-06-02,32.4,5,16,201.5,12.6,41.76,626.63,626.63,37.78,3,0,4,1,801.79,0
CUST-4365,45,Male,Rural,26,Month-to-Month,2024-07-03,94.5,6,18,499.5,117.7,85.11,2159.88,2159.88,19.72,2,2,3,0,980.47,1
CUST-4366,24,Male,Urban,16,Month-to-Month,2025-05-03,82.0,6,12,357.6,8.7,122.35,1922.95,1922.95,94.05,1,0,3,2,1761.84,1
CUST-4367,52,Male,Urban,1,Month-to-Month,2026-08-02,110.2,5,15,269.4,72.8,142.81,140.18,140.18,93.32,3,0,3,0,2056.46,1
CUST-4368,45,Female,Urban,44,One-Year,2023-01-03,75.9,5,21,433.8,22.7,124.97,5413.91,5413.91,29.56,3,0,4,0,2399.42,0
CUST-4369,31,Female,Urban,46,One-Year,2022-11-03,103.1,5,16,476.1,18.6,107.26,4933.03,4933.03,51.95,0,1,3,0,1390.09,0
CUST-4370,27,Female,Rural,46,One-Year,2022-11-03,101.6,6,17,817.2,68.3,117.72,5213.51,5213.51,47.46,1,1,3,0,1525.65,1
CUST-4371,33,Male,Urban,14,Month-to-Month,2025-07-03,80.8,3,19,264.8,7.3,39.96,545.88,545.88,42.9,1,0,4,0,767.23,0
CUST-4372,33,Male,Rural,25,One-Year,2024-08-02,95.6,6,17,505.3,55.6,61.94,1568.99,1568.99,127.84,1,1,4,1,1070.32,1
CUST-4373,71,Male,Rural,15,One-Year,2025-06-02,44.7,9,24,533.4,168.0,92.04,1415.9,1415.9,73.57,3,0,4,0,1767.17,1
CUST-4374,48,Female,Urban,1,Two-Year,2026-08-02,125.2,7,15,432.6,123.9,49.35,48.09,48.09,47.87,2,0,4,0,947.52,0
CUST-4375,59,Female,Urban,28,Two-Year,2024-05-03,68.6,7,24,709.1,123.8,138.06,3773.68,3773.68,2.88,0,3,2,0,927.76,0
CUST-4376,42,Female,Rural,5,One-Year,2026-04-02,79.7,9,22,495.6,23.5,57.92,288.96,288.96,15.35,1,0,4,1,1112.06,0
CUST-4377,30,Male,Urban,3,Month-to-Month,2026-06-02,53.4,7,19,608.2,78.5,42.79,134.55,134.55,14.72,1,2,3,0,492.94,1
CUST-4378,23,Female,Urban,47,One-Year,2022-10-04,62.0,5,21,336.6,98.5,48.17,2275.35,2275.35,25.12,3,0,4,1,924.86,0
CUST-4379,61,Male,Urban,1,Two-Year,2026-08-02,134.3,6,11,226.4,150.6,159.08,164.07,164.07,68.02,0,1,3,0,2061.68,0
CUST-4380,26,Female,Suburban,72,Month-to-Month,2020-09-04,89.1,5,17,415.9,19.9,132.87,9967.17,9967.17,39.01,0,1,3,0,1722.0,0
CUST-4381,62,Female,Suburban,24,Month-to-Month,2024-09-02,76.1,6,19,413.2,93.0,149.2,3629.82,3629.82,51.67,1,0,3,0,2148.48,0
CUST-4382,53,Female,Urban,72,Month-to-Month,2020-09-04,75.9,4,20,386.3,17.2,137.6,9926.18,9926.18,1.49,2,0,3,0,1981.44,0
CUST-4383,60,Female,Urban,2,One-Year,2026-07-03,85.1,5,14,500.7,2.0,117.23,240.66,240.66,1.93,1,1,3,0,1519.3,0
CUST-4384,37,Male,Rural,29,Month-to-Month,2024-04-03,106.7,4,12,367.0,42.7,63.15,1798.18,1798.18,92.33,1,0,4,2,1212.48,1
CUST-4385,35,Female,Suburban,15,Month-to-Month,2025-06-02,90.8,11,24,371.5,94.4,76.51,1201.89,1201.89,8.23,1,0,4,0,1468.99,1
CUST-4386,60,Female,Suburban,61,Two-Year,2021-08-04,91.5,6,14,711.0,15.7,73.58,4477.33,4477.33,55.4,2,0,4,0,1412.74,0
CUST-4387,38,Male,Suburban,15,One-Year,2025-06-02,57.3,3,18,276.0,3.2,115.76,1810.77,1810.77,27.81,4,1,3,0,1500.25,1
CUST-4388,21,Male,Urban,10,Month-to-Month,2025-11-01,76.2,6,18,690.3,30.4,136.14,1396.77,1396.77,15.06,1,0,4,0,2613.89,1
CUST-4389,67,Male,Suburban,64,Month-to-Month,2021-05-05,89.7,0,22,603.8,14.7,77.85,4838.66,4838.66,50.47,3,1,2,0,672.62,1
CUST-4390,50,Male,Urban,16,Month-to-Month,2025-05-03,84.1,4,13,655.3,31.3,64.36,1001.0,1001.0,117.23,6,1,2,1,556.07,1
CUST-4391,44,Male,Urban,1,Month-to-Month,2026-08-02,72.5,9,21,655.2,164.9,77.66,76.49,76.49,10.48,0,1,4,0,1341.96,1
CUST-4392,24,Female,Suburban,17,Month-to-Month,2025-04-03,69.8,3,16,429.6,88.5,67.78,1137.52,1137.52,15.2,3,0,2,1,650.69,1
CUST-4393,23,Male,Urban,35,Month-to-Month,2023-10-03,98.1,5,18,327.5,30.3,30.34,1010.4,1010.4,12.15,1,0,4,0,582.53,0
CUST-4394,32,Male,Rural,10,One-Year,2025-11-01,98.8,2,21,394.1,25.6,55.76,577.44,577.44,36.21,1,0,4,0,1070.59,0
CUST-4395,35,Female,Urban,19,One-Year,2025-02-01,114.7,6,25,448.8,165.2,83.69,1548.84,1548.84,45.09,3,1,2,0,723.08,1
CUST-4396,49,Female,Rural,2,Month-to-Month,2026-07-03,90.9,3,17,239.2,142.8,135.61,280.03,280.03,22.78,0,1,3,0,1757.51,1
CUST-4397,28,Female,Rural,30,Month-to-Month,2024-03-03,22.7,8,12,523.5,60.2,97.11,2908.31,2908.31,8.45,2,1,3,0,1258.55,1
CUST-4398,37,Male,Urban,47,Two-Year,2022-10-04,155.7,8,16,375.6,28.8,67.39,3196.48,3196.48,13.56,2,0,3,0,970.42,0
CUST-4399,41,Female,Suburban,18,Month-to-Month,2025-03-03,84.7,7,13,482.7,102.2,108.99,1968.97,1968.97,48.15,1,0,4,0,2092.61,1
CUST-4400,32,Female,Urban,18,Month-to-Month,2025-03-03,72.7,2,20,415.4,70.8,126.28,2374.12,2374.12,75.29,1,2,3,0,1454.75,1
CUST-4401,65,Male,Rural,4,One-Year,2026-05-03,83.3,2,12,616.5,54.1,103.26,409.65,409.65,24.82,0,1,4,0,1784.33,0
CUST-4402,24,Male,Urban,8,One-Year,2026-01-01,73.1,4,13,546.5,87.2,46.16,365.17,365.17,10.01,0,1,3,0,598.23,1
CUST-4403,38,Female,Suburban,6,Month-to-Month,2026-03-03,60.4,5,15,339.6,9.4,54.12,328.45,328.45,38.35,1,0,4,0,1039.1,0
CUST-4404,59,Female,Urban,22,One-Year,2024-11-02,103.4,7,24,465.5,173.0,83.82,1822.25,1822.25,35.7,1,1,3,1,1086.31,0
CUST-4405,43,Female,Urban,25,One-Year,2024-08-02,80.5,1,10,59.0,234.6,101.92,2575.38,2575.38,83.99,4,0,3,1,1467.65,0
CUST-4406,61,Female,Urban,72,Two-Year,2020-09-04,82.3,4,15,369.8,28.4,32.1,2327.93,2327.93,11.74,1,0,5,0,770.4,0
CUST-4407,31,Female,Urban,3,Month-to-Month,2026-06-02,9.9,3,17,498.9,190.7,139.2,429.09,429.09,59.51,2,0,4,0,2672.64,0
CUST-4408,54,Female,Suburban,31,One-Year,2024-02-02,78.2,10,9,277.2,103.3,94.58,3075.63,3075.63,38.87,1,1,4,0,1634.34,1
CUST-4409,38,Male,Suburban,25,Month-to-Month,2024-08-02,52.7,9,21,587.3,184.0,155.71,4078.56,4078.56,64.13,0,0,4,1,2989.63,0
CUST-4410,35,Male,Suburban,24,One-Year,2024-09-02,69.3,8,22,216.5,162.1,108.85,2514.11,2514.11,3.8,5,1,2,0,940.46,1
CUST-4411,22,Male,Urban,68,One-Year,2021-01-03,92.1,6,17,505.2,14.6,140.83,9530.59,9530.59,61.45,2,3,1,1,473.19,1
CUST-4412,20,Female,Urban,8,Month-to-Month,2026-01-01,66.6,7,16,422.4,19.6,108.52,861.42,861.42,22.69,1,0,5,0,2604.48,0
CUST-4413,40,Female,Urban,2,Two-Year,2026-07-03,70.7,6,8,646.4,19.6,129.93,251.82,251.82,52.14,1,0,3,1,1870.99,0
CUST-4414,43,Female,Suburban,37,Month-to-Month,2023-08-04,87.9,7,14,349.7,6.4,137.89,5226.28,5226.28,9.75,2,0,4,2,2647.49,1
CUST-4415,54,Male,Rural,14,Month-to-Month,2025-07-03,69.8,6,14,417.8,33.0,84.2,1234.03,1234.03,14.95,0,0,4,0,1616.64,0
CUST-4416,41,Female,Urban,1,Month-to-Month,2026-08-02,53.3,6,18,689.2,29.3,102.2,98.65,98.65,18.75,1,0,4,0,1962.24,1
CUST-4417,66,Male,Urban,10,One-Year,2025-11-01,33.4,4,21,691.7,27.4,134.22,1311.63,1311.63,27.96,2,1,2,0,1159.66,1
CUST-4418,36,Male,Urban,13,Month-to-Month,2025-08-02,95.1,10,14,107.4,27.9,95.34,1283.42,1283.42,25.0,1,1,3,2,1235.61,1
CUST-4419,68,Female,Suburban,32,Two-Year,2024-01-03,69.5,6,16,184.1,4.2,31.7,994.65,994.65,9.45,1,0,3,0,456.48,0
CUST-4420,42,Female,Suburban,7,Two-Year,2026-02-01,35.0,9,14,702.5,13.4,107.16,745.71,745.71,81.89,1,1,2,0,925.86,0
CUST-4421,38,Female,Suburban,18,Two-Year,2025-03-03,122.4,6,18,659.8,22.8,136.03,2507.39,2507.39,101.16,0,0,4,0,2611.78,0
CUST-4422,29,Male,Urban,22,Month-to-Month,2024-11-02,95.1,4,16,596.1,142.9,136.26,2885.61,2885.61,9.48,0,0,4,0,2616.19,0
CUST-4423,58,Female,Suburban,21,One-Year,2024-12-02,49.4,5,12,430.9,169.7,141.45,2978.51,2978.51,17.35,0,1,3,0,1833.19,1
CUST-4424,50,Male,Suburban,72,Month-to-Month,2020-09-04,63.9,6,24,445.8,21.8,37.39,2587.0,2587.0,57.16,0,2,2,0,287.16,0
CUST-4425,67,Male,Urban,2,Two-Year,2026-07-03,116.4,8,19,186.1,77.0,121.35,237.98,237.98,53.42,1,0,5,0,2912.4,0
CUST-4426,70,Female,Urban,72,One-Year,2020-09-04,79.7,12,16,372.0,123.6,47.25,3312.5,3312.5,127.29,1,0,5,1,1134.0,0
CUST-4427,21,Female,Urban,29,Month-to-Month,2024-04-03,72.4,9,11,611.0,45.9,138.91,4121.14,4121.14,103.04,3,0,3,1,2000.3,0
CUST-4428,59,Female,Urban,53,One-Year,2022-04-04,107.5,5,21,429.5,91.6,143.88,7359.25,7359.25,72.79,2,1,3,0,1864.68,0
CUST-4429,24,Male,Rural,19,Month-to-Month,2025-02-01,80.0,8,12,616.2,242.1,174.04,3360.31,3360.31,30.92,0,0,4,0,3341.57,0
CUST-4430,39,Female,Urban,20,Month-to-Month,2025-01-01,121.9,6,27,639.5,11.5,61.59,1241.11,1241.11,14.43,3,1,3,0,798.21,1
CUST-4431,50,Male,Suburban,70,Month-to-Month,2020-11-03,72.6,9,14,622.6,4.7,87.84,6256.9,6256.9,25.87,4,1,2,2,758.94,1
CUST-4432,34,Female,Suburban,72,Two-Year,2020-09-04,67.9,4,24,531.2,66.4,101.52,7584.7,7584.7,51.62,2,1,3,0,1315.7,0
CUST-4433,41,Male,Urban,9,Two-Year,2025-12-02,85.5,5,13,401.5,46.2,95.95,866.5,866.5,3.86,3,1,3,0,1243.51,0
CUST-4434,51,Male,Suburban,8,One-Year,2026-01-01,113.9,7,14,492.7,22.9,75.83,620.02,620.02,42.51,1,1,3,2,982.76,0
CUST-4435,45,Female,Urban,23,Two-Year,2024-10-02,92.5,6,16,272.0,161.5,162.71,3856.3,3856.3,79.24,2,0,4,2,3124.03,0
CUST-4436,60,Female,Urban,72,Month-to-Month,2020-09-04,88.1,3,27,157.2,121.5,145.2,10658.92,10658.92,8.27,1,0,4,0,2787.84,0
CUST-4437,58,Male,Urban,13,Two-Year,2025-08-02,60.8,7,22,486.1,20.0,98.18,1253.25,1253.25,58.35,2,1,3,1,1272.41,1
CUST-4438,56,Male,Urban,35,Month-to-Month,2023-10-03,56.4,5,16,343.0,96.7,114.0,4174.12,4174.12,77.52,0,0,5,0,2736.0,1
CUST-4439,39,Female,Urban,41,One-Year,2023-04-04,114.0,6,23,326.4,114.6,124.32,4873.22,4873.22,2.43,3,0,3,1,1790.21,0
CUST-4440,66,Male,Urban,50,One-Year,2022-07-04,117.1,5,23,420.7,25.6,98.26,4850.26,4850.26,110.94,4,1,2,0,848.97,0
CUST-4441,34,Male,Urban,28,Month-to-Month,2024-05-03,116.2,8,16,608.2,6.8,107.38,3103.25,3103.25,24.42,3,1,2,0,927.76,1
CUST-4442,51,Male,Urban,17,Month-to-Month,2025-04-03,108.7,5,13,660.3,123.5,137.42,2301.08,2301.08,21.43,2,0,4,1,2638.46,0
CUST-4443,23,Male,Rural,72,Month-to-Month,2020-09-04,98.4,5,19,282.1,6.6,138.45,10014.18,10014.18,32.3,3,0,3,0,1993.68,1
CUST-4444,63,Female,Urban,32,Two-Year,2024-01-03,97.9,5,18,803.4,42.3,128.99,3976.81,3976.81,8.41,1,0,4,1,2476.61,0
CUST-4445,23,Female,Suburban,43,Month-to-Month,2023-02-02,89.0,9,26,523.3,14.0,41.98,1869.56,1869.56,38.13,3,0,4,0,806.02,0
CUST-4446,51,Female,Urban,14,Month-to-Month,2025-07-03,101.9,8,18,549.4,170.5,113.42,1656.34,1656.34,57.92,1,0,4,0,2177.66,0
CUST-4447,18,Female,Suburban,37,One-Year,2023-08-04,83.7,7,20,273.3,7.4,98.77,3831.37,3831.37,13.62,1,1,3,0,1280.06,1
CUST-4448,27,Male,Urban,10,Month-to-Month,2025-11-01,101.8,3,20,441.0,8.1,56.77,543.69,543.69,10.33,0,0,4,0,1089.98,0
CUST-4449,38,Male,Rural,10,Month-to-Month,2025-11-01,112.5,7,19,432.2,78.6,91.48,887.28,887.28,86.29,0,0,5,0,2195.52,0
CUST-4450,22,Male,Urban,42,One-Year,2023-03-05,47.3,6,26,133.9,15.0,134.5,5646.17,5646.17,22.06,3,0,4,0,2582.4,0
CUST-4451,19,Male,Suburban,25,Month-to-Month,2024-08-02,117.9,7,12,443.0,9.2,56.17,1372.32,1372.32,34.69,1,0,4,0,1078.46,0
CUST-4452,39,Male,Urban,38,One-Year,2023-07-04,83.3,3,14,594.0,12.0,63.28,2438.94,2438.94,67.67,0,0,4,1,1214.98,0
CUST-4453,65,Female,Urban,11,Month-to-Month,2025-10-02,128.7,5,24,354.8,58.9,138.29,1573.74,1573.74,44.18,2,1,3,0,1792.24,1
CUST-4454,19,Female,Suburban,30,Month-to-Month,2024-03-03,123.1,4,20,314.4,16.4,38.31,1106.44,1106.44,13.59,4,2,2,0,294.22,1
CUST-4455,27,Male,Urban,20,One-Year,2025-01-01,54.1,7,20,641.3,30.8,130.84,2486.79,2486.79,0.72,5,1,2,0,1130.46,1
CUST-4456,51,Female,Urban,30,Month-to-Month,2024-03-03,85.0,1,18,485.5,123.2,78.42,2468.76,2468.76,22.15,2,0,4,1,1505.66,0
CUST-4457,33,Female,Urban,12,Two-Year,2025-09-02,29.0,3,18,438.3,12.6,84.2,1005.39,1005.39,10.0,3,2,2,1,646.66,1
CUST-4458,65,Female,Suburban,42,Two-Year,2023-03-05,73.4,6,12,480.0,113.8,115.99,4661.35,4661.35,19.04,3,0,3,0,1670.26,0
CUST-4459,68,Female,Rural,54,Month-to-Month,2022-03-05,95.7,7,22,553.0,97.1,113.9,6205.03,6205.03,21.46,2,1,3,0,1476.14,0
CUST-4460,56,Female,Urban,10,Month-to-Month,2025-11-01,110.4,8,16,606.8,115.6,155.04,1589.66,1589.66,70.28,2,1,3,0,2009.32,1
CUST-4461,39,Female,Suburban,12,Month-to-Month,2025-09-02,87.1,6,16,630.3,27.7,33.15,409.78,409.78,50.95,3,0,4,1,636.48,0
CUST-4462,29,Female,Urban,36,Month-to-Month,2023-09-03,98.3,6,21,527.3,41.6,112.17,4066.1,4066.1,7.63,0,0,3,0,1615.25,0
CUST-4463,41,Female,Urban,40,Month-to-Month,2023-05-04,63.9,10,16,683.5,79.8,134.22,5465.18,5465.18,13.29,5,0,3,0,1932.77,1
CUST-4464,64,Male,Rural,40,One-Year,2023-05-04,84.4,1,20,122.1,2.5,93.03,3712.37,3712.37,30.67,3,1,4,1,1607.56,0
CUST-4465,57,Male,Rural,38,Month-to-Month,2023-07-04,67.3,11,16,646.9,70.8,147.84,5685.2,5685.2,29.17,2,0,4,0,2838.53,0
CUST-4466,55,Female,Suburban,17,Month-to-Month,2025-04-03,93.5,5,12,413.4,8.3,74.28,1319.78,1319.78,27.61,0,2,3,0,855.71,1
CUST-4467,27,Male,Urban,17,Month-to-Month,2025-04-03,126.7,6,21,242.2,22.1,114.55,2042.29,2042.29,106.48,0,1,4,0,1979.42,1
CUST-4468,52,Male,Urban,10,Month-to-Month,2025-11-01,83.3,6,15,640.0,107.9,120.11,1216.42,1216.42,41.3,1,0,4,0,2306.11,0
CUST-4469,68,Female,Urban,6,One-Year,2026-03-03,43.9,8,19,458.7,65.6,38.44,232.58,232.58,3.57,1,0,3,0,553.54,0
CUST-4470,66,Male,Urban,39,Month-to-Month,2023-06-04,90.9,9,22,618.9,63.2,98.05,3764.87,3764.87,98.75,1,0,4,0,1882.56,0
CUST-4471,49,Female,Urban,4,Month-to-Month,2026-05-03,106.2,8,23,406.6,16.7,57.51,226.0,226.0,21.78,3,1,3,1,745.33,1
CUST-4472,24,Female,Suburban,72,Month-to-Month,2020-09-04,57.5,6,15,516.1,71.6,96.55,7246.69,7246.69,30.41,0,0,5,0,2317.2,0
CUST-4473,38,Female,Rural,58,Two-Year,2021-11-03,122.3,10,15,422.9,9.2,128.05,7549.56,7549.56,59.92,2,3,1,1,430.25,1
CUST-4474,37,Male,Urban,64,Month-to-Month,2021-05-05,67.1,6,18,455.6,217.5,130.09,8291.27,8291.27,8.4,0,1,4,0,2247.96,0
CUST-4475,43,Male,Urban,72,Two-Year,2020-09-04,62.2,2,22,348.6,18.9,96.14,7036.95,7036.95,25.1,1,0,4,0,1845.89,0
CUST-4476,21,Female,Rural,18,Month-to-Month,2025-03-03,31.6,9,16,238.0,113.9,119.42,2068.07,2068.07,68.66,1,0,4,0,2292.86,0
CUST-4477,63,Female,Urban,62,Two-Year,2021-07-05,93.1,3,24,266.0,164.3,110.4,7148.33,7148.33,46.7,3,0,3,1,1589.76,0
CUST-4478,69,Female,Suburban,6,One-Year,2026-03-03,139.5,5,19,492.2,12.3,78.33,471.03,471.03,15.11,1,1,4,1,1353.54,1
CUST-4479,39,Male,Urban,1,Month-to-Month,2026-08-02,96.0,8,12,352.1,2.0,68.36,67.23,67.23,31.14,4,0,3,0,984.38,1
CUST-4480,32,Male,Urban,51,Two-Year,2022-06-04,63.0,2,14,548.8,134.8,125.73,6100.14,6100.14,0.28,1,1,3,1,1629.46,0
CUST-4481,57,Female,Rural,3,One-Year,2026-06-02,100.4,5,13,426.4,93.9,128.29,391.69,391.69,1.7,2,0,4,0,2463.17,0
CUST-4482,38,Male,Urban,72,Month-to-Month,2020-09-04,109.0,6,22,365.3,10.9,75.31,5676.94,5676.94,4.21,2,1,2,0,650.68,1
CUST-4483,32,Female,Urban,37,Month-to-Month,2023-08-04,119.8,6,21,765.0,115.3,47.33,1761.46,1761.46,41.5,1,1,2,0,408.93,0
CUST-4484,39,Male,Urban,46,One-Year,2022-11-03,48.0,7,12,340.6,108.1,103.68,4689.48,4689.48,33.87,4,1,2,0,895.8,0
CUST-4485,69,Male,Rural,10,One-Year,2025-11-01,131.6,4,13,482.1,40.2,97.0,962.08,962.08,86.75,4,2,2,1,744.96,1
CUST-4486,45,Male,Rural,37,One-Year,2023-08-04,91.4,3,15,763.3,190.7,108.69,4049.15,4049.15,43.15,2,2,2,1,834.74,0
CUST-4487,31,Male,Urban,2,One-Year,2026-07-03,137.6,2,19,618.1,56.7,74.9,152.63,152.63,19.1,4,0,3,1,1078.56,0
CUST-4488,44,Female,Urban,60,One-Year,2021-09-03,89.7,4,17,506.9,38.0,133.73,7769.71,7769.71,70.59,4,2,2,0,1027.05,1
CUST-4489,58,Female,Suburban,7,One-Year,2026-02-01,102.3,8,24,327.1,2.0,80.63,588.97,588.97,1.53,3,1,3,1,1044.96,1
CUST-4490,57,Male,Urban,40,One-Year,2023-05-04,56.5,4,16,83.8,198.4,146.65,5815.74,5815.74,0.36,3,2,2,1,1126.27,1
CUST-4491,45,Female,Suburban,9,Month-to-Month,2025-12-02,114.5,3,18,20.0,8.9,99.68,908.29,908.29,10.08,0,0,5,0,2392.32,1
CUST-4492,43,Male,Urban,3,Two-Year,2026-06-02,52.7,4,15,380.3,22.8,118.94,371.5,371.5,4.78,1,0,4,1,2283.65,0
CUST-4493,66,Female,Urban,22,Month-to-Month,2024-11-02,93.1,5,22,760.3,85.0,138.68,3074.86,3074.86,11.03,4,1,2,0,1198.2,1
CUST-4494,19,Male,Suburban,7,Month-to-Month,2026-02-01,72.1,4,23,311.5,2.0,53.28,379.81,379.81,12.76,1,2,3,0,613.79,1
CUST-4495,42,Female,Urban,43,One-Year,2023-02-02,82.4,10,28,267.6,50.8,127.92,5573.82,5573.82,21.27,4,0,2,0,1228.03,0
CUST-4496,20,Female,Rural,9,Month-to-Month,2025-12-02,117.6,8,18,407.0,11.2,109.61,961.63,961.63,33.01,4,1,2,1,947.03,1
CUST-4497,25,Female,Urban,14,Month-to-Month,2025-07-03,74.3,3,17,473.9,2.0,89.82,1315.69,1315.69,15.21,6,1,1,0,388.02,1
CUST-4498,61,Female,Urban,28,Month-to-Month,2024-05-03,118.2,8,17,500.3,66.7,97.68,2727.5,2727.5,119.65,1,1,4,1,1687.91,1
CUST-4499,50,Female,Rural,12,One-Year,2025-09-02,72.8,5,19,658.5,60.0,69.82,804.19,804.19,27.31,2,0,3,0,1005.41,1
CUST-4500,59,Female,Urban,16,Two-Year,2025-05-03,88.9,4,15,292.4,86.1,100.1,1681.36,1681.36,73.13,2,0,3,0,1441.44,0
CUST-4501,69,Female,Suburban,56,One-Year,2022-01-03,149.5,2,17,678.8,62.6,78.59,4467.07,4467.07,56.74,2,2,2,0,603.57,0
CUST-4502,52,Female,Urban,7,Month-to-Month,2026-02-01,88.7,7,17,567.2,37.9,132.9,940.39,940.39,1.72,1,1,3,0,1722.38,1
CUST-4503,23,Female,Suburban,3,Month-to-Month,2026-06-02,82.7,4,22,343.3,42.3,98.29,307.15,307.15,22.31,1,2,2,0,754.87,1
CUST-4504,56,Male,Suburban,14,Month-to-Month,2025-07-03,89.2,3,18,285.1,16.2,61.81,868.96,868.96,57.48,2,1,3,0,801.06,1
CUST-4505,69,Female,Urban,19,Month-to-Month,2025-02-01,75.1,7,13,211.7,5.7,42.46,795.48,795.48,82.99,3,0,4,1,815.23,0
CUST-4506,40,Male,Suburban,26,Month-to-Month,2024-07-03,55.0,5,25,659.8,128.2,124.04,3120.14,3120.14,35.07,2,1,3,0,1607.56,1
CUST-4507,42,Female,Suburban,16,Month-to-Month,2025-05-03,146.8,7,18,394.5,76.4,112.9,1862.5,1862.5,94.11,4,1,3,0,1463.18,1
CUST-4508,67,Male,Urban,52,Month-to-Month,2022-05-05,72.8,3,26,393.9,8.5,67.68,3459.89,3459.89,38.1,1,2,3,2,779.67,1
CUST-4509,60,Female,Suburban,2,Month-to-Month,2026-07-03,39.3,7,15,493.8,19.9,46.64,93.43,93.43,8.18,2,0,3,0,671.62,0
CUST-4510,36,Male,Suburban,19,One-Year,2025-02-01,80.3,7,13,250.1,129.3,126.76,2410.58,2410.58,28.62,3,1,3,0,1642.81,0
CUST-4511,22,Male,Urban,16,Two-Year,2025-05-03,95.7,8,12,723.7,209.0,87.44,1432.67,1432.67,49.37,7,1,1,0,377.74,1
CUST-4512,68,Female,Urban,35,Two-Year,2023-10-03,78.8,7,18,509.3,101.8,139.4,4968.86,4968.86,38.43,1,0,4,0,2676.48,0
CUST-4513,28,Female,Urban,72,One-Year,2020-09-04,83.5,10,16,504.3,54.9,116.74,8341.04,8341.04,3.05,3,0,3,0,1681.06,0
CUST-4514,29,Male,Urban,24,Month-to-Month,2024-09-02,80.1,3,21,433.0,132.2,147.45,3512.63,3512.63,9.47,2,1,2,0,1273.97,1
CUST-4515,27,Male,Suburban,72,One-Year,2020-09-04,97.8,8,17,203.1,64.1,147.84,10400.01,10400.01,40.74,2,1,4,0,2554.68,0
CUST-4516,25,Female,Urban,12,Month-to-Month,2025-09-02,109.6,7,19,640.7,78.1,75.94,896.78,896.78,26.3,1,0,4,0,1458.05,0
CUST-4517,41,Female,Rural,2,One-Year,2026-07-03,79.2,3,12,858.5,114.0,100.07,204.37,204.37,1.1,2,2,3,0,1152.81,1
CUST-4518,45,Male,Urban,6,One-Year,2026-03-03,162.7,6,21,297.1,28.4,75.69,456.97,456.97,46.93,1,0,4,1,1453.25,0
CUST-4519,58,Male,Urban,17,One-Year,2025-04-03,116.2,6,23,283.1,99.8,48.89,793.82,793.82,2.9,1,0,5,0,1173.36,0
CUST-4520,53,Male,Suburban,13,Two-Year,2025-08-02,84.8,8,14,296.7,15.1,73.83,960.58,960.58,7.15,1,0,4,0,1417.54,0
CUST-4521,54,Female,Urban,4,One-Year,2026-05-03,45.4,4,16,318.4,14.0,78.14,326.78,326.78,82.19,1,1,3,0,1012.69,0
CUST-4522,38,Male,Urban,19,One-Year,2025-02-01,88.4,7,16,713.0,108.4,61.2,1117.37,1117.37,13.25,2,0,2,0,587.52,0
CUST-4523,25,Male,Urban,14,Month-to-Month,2025-07-03,109.4,4,24,267.2,53.9,134.67,1810.89,1810.89,1.22,3,0,3,0,1939.25,1
CUST-4524,26,Male,Urban,5,Two-Year,2026-04-02,109.6,3,21,874.4,34.7,63.84,324.55,324.55,0.62,2,0,4,1,1225.73,0
CUST-4525,64,Male,Urban,12,Month-to-Month,2025-09-02,29.4,3,26,787.0,48.2,119.46,1499.14,1499.14,95.96,0,0,5,1,2867.04,0
CUST-4526,32,Female,Rural,72,Two-Year,2020-09-04,88.5,6,20,595.3,247.9,70.95,4866.62,4866.62,16.31,0,0,4,0,1362.24,0
CUST-4527,65,Male,Urban,12,Month-to-Month,2025-09-02,70.6,4,14,557.6,146.0,50.36,594.92,594.92,33.97,2,0,3,0,725.18,1
CUST-4528,63,Male,Rural,42,Month-to-Month,2023-03-05,129.9,14,25,608.8,46.0,146.39,5882.16,5882.16,18.7,2,0,4,1,2810.69,1
CUST-4529,57,Male,Suburban,32,One-Year,2024-01-03,88.7,5,14,353.6,51.5,46.87,1464.72,1464.72,8.4,2,0,3,1,674.93,0
CUST-4530,35,Male,Urban,19,Month-to-Month,2025-02-01,16.5,8,22,244.7,61.9,122.36,2337.51,2337.51,73.54,0,0,3,0,1761.98,1
CUST-4531,59,Male,Urban,9,Two-Year,2025-12-02,96.0,3,19,474.0,101.7,109.77,982.21,982.21,104.61,1,0,4,1,2107.58,0
CUST-4532,37,Female,Suburban,16,Month-to-Month,2025-05-03,26.5,7,12,208.1,134.5,97.27,1535.05,1535.05,154.35,2,1,2,0,840.41,1
CUST-4533,23,Female,Rural,30,Two-Year,2024-03-03,98.5,5,24,318.5,10.3,30.79,896.98,896.98,1.48,4,1,1,0,133.01,1
CUST-4534,29,Female,Urban,15,One-Year,2025-06-02,162.6,7,13,591.7,64.3,72.44,1099.58,1099.58,1.81,0,2,3,0,834.51,0
CUST-4535,19,Female,Urban,8,One-Year,2026-01-01,125.8,7,22,526.1,16.8,131.02,1056.1,1056.1,68.31,1,1,3,0,1698.02,0
CUST-4536,24,Female,Urban,5,Month-to-Month,2026-04-02,92.8,6,18,705.1,63.2,138.57,704.15,704.15,6.78,4,1,2,1,1197.24,1
CUST-4537,33,Male,Urban,70,Month-to-Month,2020-11-03,65.2,5,17,399.5,12.2,95.8,6902.63,6902.63,28.87,1,0,4,0,1839.36,0
CUST-4538,20,Female,Suburban,20,Two-Year,2025-01-01,123.2,7,25,770.3,107.3,107.18,2192.79,2192.79,30.35,1,0,3,0,1543.39,0
CUST-4539,62,Female,Rural,33,Month-to-Month,2023-12-03,104.1,5,7,332.9,70.3,84.49,2915.67,2915.67,37.96,3,2,2,1,648.88,1
CUST-4540,20,Female,Urban,23,Month-to-Month,2024-10-02,77.0,5,16,615.7,130.6,133.79,2975.44,2975.44,1.34,0,1,3,0,1733.92,1
CUST-4541,44,Female,Suburban,68,One-Year,2021-01-03,68.8,8,23,481.4,187.9,154.72,10995.88,10995.88,12.92,0,1,3,1,2005.17,0
CUST-4542,67,Male,Suburban,26,Month-to-Month,2024-07-03,57.8,3,14,650.5,176.6,135.15,3398.69,3398.69,25.27,4,0,3,1,1946.16,1
CUST-4543,60,Female,Urban,22,Month-to-Month,2024-11-02,96.2,6,25,320.3,10.2,86.94,1978.25,1978.25,6.71,1,0,5,1,2086.56,0
CUST-4544,57,Female,Urban,72,Month-to-Month,2020-09-04,72.5,10,16,611.3,30.7,102.59,7599.54,7599.54,100.9,1,0,4,1,1969.73,0
CUST-4545,55,Female,Suburban,42,Month-to-Month,2023-03-05,90.0,10,14,537.6,42.9,56.7,2420.95,2420.95,61.78,3,1,2,0,489.89,1
CUST-4546,50,Male,Rural,4,Two-Year,2026-05-03,112.8,3,14,298.2,101.1,154.16,629.36,629.36,5.26,1,1,4,0,2663.88,1
CUST-4547,45,Male,Suburban,7,Month-to-Month,2026-02-01,71.7,2,17,859.6,2.0,132.92,948.26,948.26,38.9,2,2,2,1,1020.83,1
CUST-4548,18,Male,Urban,51,Two-Year,2022-06-04,104.4,3,16,430.8,168.8,160.33,8201.29,8201.29,18.48,2,1,3,1,2077.88,0
CUST-4549,25,Female,Urban,60,Month-to-Month,2021-09-03,121.7,7,30,606.2,34.0,49.29,2819.19,2819.19,13.06,2,0,4,0,946.37,0
CUST-4550,54,Male,Urban,26,Month-to-Month,2024-07-03,96.9,4,15,564.8,64.8,109.79,2877.25,2877.25,12.03,2,0,3,2,1580.98,0
CUST-4551,49,Male,Suburban,27,One-Year,2024-06-03,106.0,9,17,233.3,256.3,138.93,3709.52,3709.52,38.03,2,0,4,0,2667.46,0
CUST-4552,65,Female,Suburban,33,Month-to-Month,2023-12-03,97.1,7,11,630.4,139.3,86.73,2796.94,2796.94,81.86,4,0,4,1,1665.22,1
CUST-4553,60,Male,Urban,19,One-Year,2025-02-01,85.5,8,12,239.6,29.2,128.88,2446.3,2446.3,63.34,4,2,2,0,989.8,1
CUST-4554,54,Female,Suburban,38,Two-Year,2023-07-04,110.1,9,12,378.8,43.1,121.43,4774.97,4774.97,15.02,4,1,3,0,1573.73,0
CUST-4555,21,Male,Suburban,4,Month-to-Month,2026-05-03,133.3,10,29,515.2,95.5,122.08,492.15,492.15,43.05,2,1,2,0,1054.77,1
CUST-4556,47,Female,Suburban,72,One-Year,2020-09-04,110.6,3,23,463.7,88.5,41.59,3133.65,3133.65,26.23,1,1,3,1,539.01,0
CUST-4557,23,Female,Rural,46,Month-to-Month,2022-11-03,79.2,9,17,567.1,79.3,150.81,6882.16,6882.16,20.32,0,0,4,0,2895.55,0
CUST-4558,63,Female,Urban,33,Month-to-Month,2023-12-03,80.0,7,25,34.8,2.0,107.91,3442.9,3442.9,12.32,4,3,1,0,362.58,1
CUST-4559,71,Female,Rural,13,Month-to-Month,2025-08-02,81.1,9,18,197.8,14.4,138.65,1769.04,1769.04,2.97,1,1,3,1,1796.9,1
CUST-4560,36,Male,Urban,6,Two-Year,2026-03-03,113.4,12,15,576.4,16.3,37.42,216.54,216.54,7.48,1,0,3,0,538.85,0
CUST-4561,49,Male,Urban,18,Month-to-Month,2025-03-03,69.2,10,14,424.1,18.8,107.66,1973.71,1973.71,29.25,2,1,3,0,1395.27,1
CUST-4562,26,Male,Rural,36,Two-Year,2023-09-03,54.3,10,21,519.7,6.6,111.64,3882.2,3882.2,45.65,3,1,3,0,1446.85,0
CUST-4563,29,Female,Rural,33,Month-to-Month,2023-12-03,99.1,5,13,532.7,106.8,48.46,1602.1,1602.1,1.31,0,0,5,1,1163.04,0
CUST-4564,28,Female,Urban,16,Month-to-Month,2025-05-03,85.6,10,17,278.9,27.1,36.49,608.56,608.56,16.68,6,0,2,2,350.3,1
CUST-4565,63,Male,Suburban,32,Month-to-Month,2024-01-03,129.4,7,14,222.6,97.1,127.23,4044.43,4044.43,6.35,3,1,3,0,1648.9,1
CUST-4566,33,Female,Suburban,56,One-Year,2022-01-03,17.3,9,18,596.1,174.3,142.88,7923.45,7923.45,32.26,2,0,4,0,2743.3,0
CUST-4567,18,Male,Suburban,1,One-Year,2026-08-02,91.2,5,19,330.2,24.4,133.33,129.37,129.37,70.0,2,0,3,2,1919.95,0
CUST-4568,62,Female,Urban,20,Month-to-Month,2025-01-01,72.9,3,15,498.6,39.3,119.68,2454.35,2454.35,92.92,3,2,2,1,919.14,1
CUST-4569,70,Female,Suburban,47,Two-Year,2022-10-04,109.3,3,16,439.1,6.0,53.54,2467.12,2467.12,75.77,1,1,3,0,693.88,0
CUST-4570,38,Male,Urban,26,Month-to-Month,2024-07-03,76.6,5,19,256.7,22.7,139.81,3813.32,3813.32,72.05,2,0,3,0,2013.26,1
CUST-4571,47,Female,Urban,35,Two-Year,2023-10-03,67.7,4,17,370.6,51.4,63.44,2146.41,2146.41,32.15,2,0,3,0,913.54,0
CUST-4572,30,Male,Urban,24,Two-Year,2024-09-02,113.1,4,15,644.2,12.9,110.57,2521.59,2521.59,9.74,2,0,4,0,2122.94,0
CUST-4573,51,Female,Urban,72,One-Year,2020-09-04,123.4,3,15,495.1,50.1,93.39,6750.59,6750.59,48.1,1,1,4,1,1613.78,0
CUST-4574,21,Female,Rural,2,One-Year,2026-07-03,82.1,9,25,402.1,24.4,42.72,81.75,81.75,45.12,0,0,5,0,1025.28,0
CUST-4575,45,Male,Urban,23,Month-to-Month,2024-10-02,82.6,5,23,534.8,299.6,176.57,4008.18,4008.18,6.38,2,0,3,0,2542.61,1
CUST-4576,55,Male,Rural,4,One-Year,2026-05-03,123.1,10,13,710.9,30.6,97.21,386.96,386.96,7.58,3,0,4,0,1866.43,1
CUST-4577,48,Male,Urban,6,One-Year,2026-03-03,119.8,6,31,459.6,2.6,35.95,210.27,210.27,4.05,1,1,3,0,465.91,0
CUST-4578,44,Female,Suburban,16,Month-to-Month,2025-05-03,115.9,9,9,844.8,41.6,75.33,1262.91,1262.91,24.17,4,0,3,0,1084.75,1
CUST-4579,22,Female,Suburban,6,One-Year,2026-03-03,72.9,9,18,522.4,26.4,116.94,690.75,690.75,13.58,4,0,3,1,1683.94,1
CUST-4580,42,Male,Suburban,72,Month-to-Month,2020-09-04,65.2,2,17,410.8,30.0,100.62,6987.24,6987.24,80.63,1,2,3,0,1159.14,1
CUST-4581,20,Female,Suburban,72,Month-to-Month,2020-09-04,134.1,8,14,530.9,30.1,55.22,3791.89,3791.89,1.31,1,1,4,0,954.2,0
CUST-4582,50,Female,Suburban,14,Month-to-Month,2025-07-03,103.3,1,12,871.7,138.5,111.25,1527.82,1527.82,13.71,1,0,3,0,1602.0,1
CUST-4583,21,Male,Rural,34,Month-to-Month,2023-11-03,62.8,11,27,711.6,44.8,67.24,2359.56,2359.56,73.07,1,1,3,0,871.43,1
CUST-4584,42,Male,Suburban,26,Month-to-Month,2024-07-03,81.8,4,21,209.4,18.9,88.48,2242.03,2242.03,241.57,1,2,3,1,1019.29,1
CUST-4585,37,Female,Urban,56,Two-Year,2022-01-03,87.5,3,11,193.5,102.2,76.9,4348.91,4348.91,44.93,4,0,2,0,738.24,1
CUST-4586,51,Female,Suburban,33,Month-to-Month,2023-12-03,81.8,7,21,412.9,38.1,87.79,3038.77,3038.77,80.82,5,1,1,0,379.25,1
CUST-4587,43,Male,Urban,1,One-Year,2026-08-02,76.2,4,22,861.1,10.2,123.38,121.45,121.45,0.57,1,1,3,0,1599.0,0
CUST-4588,22,Male,Urban,48,Month-to-Month,2022-09-03,121.9,3,14,492.2,422.6,112.77,5475.74,5475.74,51.71,1,1,3,0,1461.5,0
CUST-4589,52,Male,Rural,46,Month-to-Month,2022-11-03,100.9,6,21,333.7,2.0,25.51,1185.14,1185.14,21.67,1,0,4,0,489.79,0
CUST-4590,45,Female,Urban,24,Month-to-Month,2024-09-02,152.6,3,13,829.2,80.3,54.87,1329.3,1329.3,41.04,3,1,2,0,474.08,1
CUST-4591,46,Male,Suburban,72,Month-to-Month,2020-09-04,123.6,5,24,643.0,122.3,140.15,10548.31,10548.31,19.67,1,1,4,0,2421.79,0
CUST-4592,26,Male,Urban,72,One-Year,2020-09-04,89.1,5,18,404.6,28.4,76.99,5701.78,5701.78,29.48,0,2,4,0,1182.57,0
CUST-4593,69,Female,Urban,25,One-Year,2024-08-02,127.5,3,21,352.2,11.1,111.74,2656.29,2656.29,10.54,2,1,4,2,1930.87,0
CUST-4594,55,Female,Urban,31,Month-to-Month,2024-02-02,95.6,11,29,639.3,37.3,34.13,1008.08,1008.08,29.87,3,0,3,1,491.47,1
CUST-4595,67,Male,Urban,72,Month-to-Month,2020-09-04,157.5,3,19,286.2,42.8,48.25,3314.21,3314.21,12.03,1,1,3,1,625.32,0
CUST-4596,23,Male,Suburban,12,Two-Year,2025-09-02,75.6,7,20,367.2,500.0,165.43,1958.28,1958.28,11.51,3,2,3,2,1905.75,1
CUST-4597,36,Female,Urban,13,Month-to-Month,2025-08-02,98.6,8,12,482.3,2.0,108.13,1397.2,1397.2,13.87,4,2,2,0,830.44,1
CUST-4598,61,Male,Urban,7,Month-to-Month,2026-02-01,67.0,1,20,369.4,69.3,126.01,909.17,909.17,7.84,2,0,4,1,2419.39,1
CUST-4599,28,Male,Urban,72,One-Year,2020-09-04,73.6,10,16,294.3,106.1,114.86,8382.63,8382.63,8.82,0,0,4,1,2205.31,0
CUST-4600,19,Female,Urban,45,Month-to-Month,2022-12-03,74.8,2,17,523.2,62.5,121.4,5736.14,5736.14,93.84,0,2,2,0,932.35,1
CUST-4601,64,Male,Suburban,4,Two-Year,2026-05-03,122.1,12,18,484.8,64.6,53.75,221.32,221.32,21.21,3,0,3,0,774.0,0
CUST-4602,61,Female,Urban,72,One-Year,2020-09-04,91.2,4,24,499.1,135.3,120.99,9036.64,9036.64,33.33,2,0,4,0,2323.01,0
CUST-4603,61,Female,Suburban,44,Month-to-Month,2023-01-03,11.2,10,21,95.7,54.1,82.03,3494.54,3494.54,29.68,2,0,3,0,1181.23,1
CUST-4604,26,Male,Rural,63,Month-to-Month,2021-06-04,87.8,7,9,655.6,138.7,151.01,9648.18,9648.18,10.8,0,2,3,0,1739.64,0
CUST-4605,38,Male,Suburban,2,One-Year,2026-07-03,55.8,1,20,111.5,15.3,98.06,189.24,189.24,0.01,6,0,2,0,941.38,0
CUST-4606,41,Female,Suburban,24,Month-to-Month,2024-09-02,71.8,11,10,509.3,47.2,94.37,2304.51,2304.51,3.86,2,1,3,0,1223.04,1
CUST-4607,51,Female,Urban,40,Two-Year,2023-05-04,119.5,8,15,864.5,2.2,91.83,3786.94,3786.94,62.18,1,0,5,0,2203.92,0
CUST-4608,39,Female,Urban,26,One-Year,2024-07-03,44.7,8,18,617.2,105.8,136.47,3477.35,3477.35,4.05,4,1,2,0,1179.1,0
CUST-4609,20,Female,Rural,37,Month-to-Month,2023-08-04,48.2,9,13,401.2,97.6,40.94,1464.37,1464.37,8.11,1,2,3,0,471.63,1
CUST-4610,29,Male,Suburban,56,One-Year,2022-01-03,35.2,4,15,361.2,50.3,131.48,7169.54,7169.54,85.39,2,2,2,0,1009.77,1
CUST-4611,45,Female,Suburban,16,Month-to-Month,2025-05-03,73.4,7,18,433.2,32.8,33.27,548.87,548.87,57.73,1,1,4,0,574.91,1
CUST-4612,47,Male,Suburban,62,Month-to-Month,2021-07-05,34.3,6,10,661.2,30.0,96.51,6011.78,6011.78,1.92,0,0,3,0,1389.74,1
CUST-4613,43,Male,Urban,6,One-Year,2026-03-03,36.8,6,20,562.8,14.6,84.99,511.8,511.8,36.1,0,0,5,0,2039.76,0
CUST-4614,65,Male,Urban,11,One-Year,2025-10-02,78.1,7,22,458.3,36.3,73.04,809.61,809.61,25.38,2,0,3,1,1051.78,0
CUST-4615,38,Male,Suburban,2,One-Year,2026-07-03,94.4,6,16,638.5,23.5,43.33,86.59,86.59,15.89,2,1,3,0,561.56,0
CUST-4616,45,Female,Suburban,15,Month-to-Month,2025-06-02,57.7,7,14,219.2,56.0,47.67,741.03,741.03,24.09,1,0,4,1,915.26,0
CUST-4617,43,Male,Urban,16,One-Year,2025-05-03,95.8,5,18,346.1,100.4,125.4,2007.89,2007.89,5.73,0,0,4,0,2407.68,1
CUST-4618,50,Male,Rural,54,Month-to-Month,2022-03-05,88.3,5,13,361.8,77.0,49.6,2704.1,2704.1,108.36,0,0,4,1,952.32,1
CUST-4619,38,Male,Urban,35,One-Year,2023-10-03,101.2,7,19,653.2,46.9,111.07,4073.97,4073.97,6.58,2,1,1,0,479.82,1
CUST-4620,52,Female,Urban,19,One-Year,2025-02-01,53.8,7,21,499.8,192.9,167.83,3174.52,3174.52,7.21,1,1,4,2,2900.1,1
CUST-4621,69,Female,Rural,35,One-Year,2023-10-03,144.5,2,21,896.7,14.3,105.56,3579.01,3579.01,16.11,1,0,3,0,1520.06,0
CUST-4622,51,Male,Suburban,2,Two-Year,2026-07-03,50.8,12,13,600.7,66.4,43.61,87.77,87.77,8.37,3,1,2,0,376.79,0
CUST-4623,58,Male,Urban,7,Two-Year,2026-02-01,66.2,8,17,326.0,6.0,88.24,630.32,630.32,13.13,2,1,3,1,1143.59,1
CUST-4624,68,Male,Urban,33,Two-Year,2023-12-03,100.4,6,15,625.1,72.7,131.86,4188.28,4188.28,1.42,2,0,4,0,2531.71,0
CUST-4625,64,Female,Urban,34,Two-Year,2023-11-03,88.5,4,17,327.0,84.0,147.38,4841.54,4841.54,33.34,0,2,3,1,1697.82,0
CUST-4626,35,Female,Suburban,49,One-Year,2022-08-04,110.4,5,22,376.0,99.2,123.56,5766.47,5766.47,9.66,3,2,2,1,948.94,1
CUST-4627,28,Female,Urban,17,Two-Year,2025-04-03,75.7,5,29,435.7,70.8,71.24,1240.68,1240.68,123.89,4,2,2,0,547.12,1
CUST-4628,40,Female,Suburban,43,Two-Year,2023-02-02,48.2,4,20,509.6,8.5,55.16,2301.23,2301.23,4.24,0,0,5,1,1323.84,0
CUST-4629,65,Male,Rural,38,One-Year,2023-07-04,39.2,8,12,489.9,2.9,115.58,4568.2,4568.2,2.82,2,0,3,0,1664.35,0
CUST-4630,39,Female,Suburban,72,Month-to-Month,2020-09-04,138.4,6,20,489.3,81.4,124.65,8988.66,8988.66,6.7,1,0,4,0,2393.28,0
CUST-4631,34,Female,Urban,8,Month-to-Month,2026-01-01,75.9,8,19,274.6,104.0,96.54,807.48,807.48,27.36,3,1,2,0,834.11,1
CUST-4632,22,Male,Suburban,27,Two-Year,2024-06-03,80.0,6,15,449.4,2.2,35.31,942.22,942.22,48.17,2,0,4,2,677.95,0
CUST-4633,61,Male,Urban,31,Month-to-Month,2024-02-02,139.0,7,23,506.1,10.6,103.87,3366.74,3366.74,28.66,1,0,4,1,1994.3,1
CUST-4634,28,Female,Urban,72,One-Year,2020-09-04,70.2,4,21,605.6,101.5,108.13,8157.21,8157.21,68.91,4,1,3,1,1401.36,1
CUST-4635,47,Female,Urban,8,Month-to-Month,2026-01-01,85.7,2,18,366.0,223.4,59.87,461.24,461.24,31.51,1,0,3,1,862.13,0
CUST-4636,32,Male,Urban,25,Month-to-Month,2024-08-02,54.0,7,17,20.0,47.8,106.05,2551.81,2551.81,5.22,2,1,3,1,1374.41,1
CUST-4637,44,Female,Rural,14,One-Year,2025-07-03,45.6,5,16,651.9,10.8,41.85,581.42,581.42,7.19,2,0,4,0,803.52,0
CUST-4638,52,Female,Urban,25,Two-Year,2024-08-02,141.7,8,23,552.2,25.2,123.75,3067.11,3067.11,15.49,3,1,2,0,1069.2,0
CUST-4639,50,Male,Urban,9,Month-to-Month,2025-12-02,142.1,10,17,210.1,98.8,117.29,1071.44,1071.44,88.41,0,0,4,1,2251.97,1
CUST-4640,37,Male,Rural,2,Two-Year,2026-07-03,115.6,7,13,184.3,50.9,38.58,74.17,74.17,21.57,2,1,3,0,500.0,1
CUST-4641,33,Male,Urban,28,One-Year,2024-05-03,114.6,6,21,569.1,3.9,86.74,2490.97,2490.97,72.54,2,0,4,0,1665.41,0
CUST-4642,51,Female,Suburban,14,Month-to-Month,2025-07-03,107.6,3,17,395.6,24.0,121.22,1650.4,1650.4,2.72,1,0,4,0,2327.42,0
CUST-4643,19,Male,Urban,7,Month-to-Month,2026-02-01,62.8,5,11,194.3,90.8,134.07,905.7,905.7,40.62,0,0,4,0,2574.14,1
CUST-4644,52,Male,Urban,13,Month-to-Month,2025-08-02,93.7,4,19,258.4,25.6,38.66,517.38,517.38,22.04,1,0,4,0,742.27,0
CUST-4645,57,Female,Rural,2,Month-to-Month,2026-07-03,69.9,6,18,424.6,36.8,39.59,75.86,75.86,6.65,2,1,2,0,342.06,1
CUST-4646,45,Female,Urban,72,Month-to-Month,2020-09-04,7.3,6,19,313.5,153.0,137.08,10078.6,10078.6,2.98,5,1,1,0,592.19,1
CUST-4647,64,Male,Suburban,29,Month-to-Month,2024-04-03,118.6,7,11,360.0,271.5,92.47,2577.35,2577.35,13.26,1,0,4,0,1775.42,0
CUST-4648,56,Male,Urban,56,Month-to-Month,2022-01-03,101.6,5,10,463.9,92.0,107.11,6142.15,6142.15,60.14,1,1,3,0,1388.15,1
CUST-4649,23,Male,Urban,19,Two-Year,2025-02-01,45.5,4,18,638.3,17.8,97.69,1910.04,1910.04,35.82,3,0,2,1,937.82,0
CUST-4650,26,Female,Urban,72,One-Year,2020-09-04,74.2,2,17,553.7,18.1,100.14,7271.12,7271.12,21.7,1,0,4,1,1922.69,0
CUST-4651,37,Female,Urban,22,One-Year,2024-11-02,116.6,4,13,490.5,23.6,67.39,1460.61,1460.61,65.36,0,0,4,0,1293.89,0
CUST-4652,18,Male,Urban,29,Month-to-Month,2024-04-03,89.0,7,18,704.5,11.4,31.29,883.47,883.47,6.99,0,2,3,0,360.46,1
CUST-4653,25,Female,Suburban,23,One-Year,2024-10-02,34.0,5,21,280.9,12.8,88.73,2103.83,2103.83,11.45,2,0,4,0,1703.62,0
CUST-4654,40,Female,Urban,44,Two-Year,2023-01-03,48.6,7,19,439.3,19.2,87.11,3682.13,3682.13,28.27,1,1,4,1,1505.26,0
CUST-4655,20,Female,Urban,28,Month-to-Month,2024-05-03,140.7,7,19,341.4,70.1,85.33,2502.6,2502.6,31.17,1,0,4,2,1638.34,1
CUST-4656,21,Female,Urban,11,Two-Year,2025-10-02,87.0,7,18,426.1,61.6,66.39,750.67,750.67,13.55,1,2,3,0,764.81,0
CUST-4657,42,Male,Rural,6,Two-Year,2026-03-03,116.8,7,22,441.9,27.1,126.01,770.45,770.45,24.56,0,0,4,0,2419.39,0
CUST-4658,64,Male,Rural,31,One-Year,2024-02-02,140.2,7,14,334.6,14.2,69.7,2266.28,2266.28,4.47,2,0,3,1,1003.68,0
CUST-4659,55,Female,Suburban,23,One-Year,2024-10-02,71.2,2,18,382.7,63.6,49.12,1151.08,1151.08,0.39,2,0,3,0,707.33,0
CUST-4660,32,Female,Rural,4,Month-to-Month,2026-05-03,95.6,8,14,570.9,9.1,113.55,436.21,436.21,82.42,4,0,3,0,1635.12,1
CUST-4661,38,Female,Urban,17,Month-to-Month,2025-04-03,26.0,4,12,430.3,10.3,99.71,1665.0,1665.0,20.39,1,0,4,0,1914.43,0
CUST-4662,52,Male,Urban,24,Month-to-Month,2024-09-02,66.8,7,17,20.0,31.4,65.27,1579.86,1579.86,9.2,2,1,3,1,845.9,1
CUST-4663,70,Female,Suburban,58,Month-to-Month,2021-11-03,102.3,2,19,575.5,54.5,50.55,2954.01,2954.01,14.01,1,4,2,0,291.17,1
CUST-4664,70,Female,Suburban,3,Month-to-Month,2026-06-02,79.2,4,18,548.1,84.7,88.27,251.84,251.84,25.52,3,1,2,0,762.65,1
CUST-4665,63,Male,Urban,15,Two-Year,2025-06-02,98.6,6,19,220.4,75.5,43.91,642.84,642.84,102.45,3,1,2,0,379.38,0
CUST-4666,69,Male,Urban,57,Month-to-Month,2021-12-04,112.9,5,14,723.6,30.9,55.25,3223.66,3223.66,44.68,2,1,3,0,716.04,0
CUST-4667,31,Female,Rural,35,Two-Year,2023-10-03,101.8,6,15,405.2,69.1,146.22,5199.38,5199.38,103.6,1,1,3,1,1895.01,0
CUST-4668,53,Female,Suburban,12,One-Year,2025-09-02,94.9,6,23,632.1,15.4,44.62,556.73,556.73,4.16,1,0,4,0,856.7,1
CUST-4669,29,Female,Urban,62,Month-to-Month,2021-07-05,90.7,3,20,457.6,44.2,63.26,4102.62,4102.62,6.87,1,2,4,0,971.67,0
CUST-4670,34,Female,Suburban,23,Month-to-Month,2024-10-02,68.0,2,23,362.5,62.1,50.3,1199.65,1199.65,15.79,2,0,4,1,965.76,1
CUST-4671,56,Male,Urban,23,Month-to-Month,2024-10-02,57.3,8,15,519.8,88.7,143.18,3310.64,3310.64,9.8,0,0,4,2,2749.06,0
CUST-4672,26,Male,Urban,72,Two-Year,2020-09-04,125.7,5,19,355.9,5.4,132.16,9556.41,9556.41,110.16,2,0,3,1,1903.1,0
CUST-4673,52,Female,Urban,72,Two-Year,2020-09-04,108.8,10,17,422.3,6.9,32.88,2336.46,2336.46,6.57,2,1,3,0,426.12,0
CUST-4674,30,Female,Urban,15,Month-to-Month,2025-06-02,61.3,7,17,167.1,5.0,129.04,2012.79,2012.79,6.52,3,1,2,0,1114.91,1
CUST-4675,32,Female,Urban,5,Two-Year,2026-04-02,86.9,4,16,395.3,51.4,49.08,253.51,253.51,23.41,1,1,3,0,636.08,0
CUST-4676,35,Female,Suburban,13,One-Year,2025-08-02,43.2,3,16,227.9,54.9,78.92,1054.58,1054.58,41.78,4,0,2,0,757.63,0
CUST-4677,68,Male,Urban,2,Month-to-Month,2026-07-03,70.7,7,24,448.9,2.0,92.72,190.6,190.6,16.69,1,0,4,1,1780.22,0
CUST-4678,50,Female,Suburban,1,One-Year,2026-08-02,101.1,6,27,540.5,69.5,88.6,91.69,91.69,1.56,4,0,2,0,850.56,0
CUST-4679,23,Male,Urban,17,One-Year,2025-04-03,92.8,8,20,459.5,93.7,54.68,968.5,968.5,50.81,1,1,3,0,708.65,0
CUST-4680,44,Male,Urban,72,Month-to-Month,2020-09-04,88.5,10,14,617.1,8.1,117.24,8712.28,8712.28,101.8,3,0,3,0,1688.26,0
CUST-4681,40,Male,Rural,68,One-Year,2021-01-03,58.5,6,26,806.0,26.7,108.06,7579.57,7579.57,58.22,2,2,2,1,829.9,0
CUST-4682,44,Male,Suburban,24,Month-to-Month,2024-09-02,52.4,9,15,430.1,123.3,151.73,3699.9,3699.9,64.16,3,0,3,0,2184.91,1
CUST-4683,51,Male,Rural,28,Month-to-Month,2024-05-03,113.5,3,20,463.7,75.5,76.92,2144.74,2144.74,65.91,2,0,3,0,1107.65,0
CUST-4684,63,Male,Rural,1,Month-to-Month,2026-08-02,135.8,9,19,332.0,23.6,78.04,78.44,78.44,49.88,0,1,4,2,1348.53,0
CUST-4685,55,Male,Urban,8,Two-Year,2026-01-01,101.5,5,13,109.6,88.1,78.44,629.74,629.74,57.29,4,1,2,0,677.72,1
CUST-4686,31,Male,Urban,1,One-Year,2026-08-02,79.8,3,23,474.4,141.9,53.53,55.27,55.27,2.79,2,0,4,1,1027.78,0
CUST-4687,53,Female,Rural,47,Month-to-Month,2022-10-04,121.8,5,21,572.8,24.1,34.93,1603.29,1603.29,1.97,1,0,4,1,670.66,0
CUST-4688,70,Male,Rural,6,Month-to-Month,2026-03-03,59.7,10,13,453.2,74.9,123.79,732.58,732.58,2.74,0,2,3,0,1426.06,1
CUST-4689,25,Male,Suburban,67,Month-to-Month,2021-02-03,116.6,3,22,302.7,6.4,58.71,3956.06,3956.06,31.34,2,0,2,0,563.62,0
CUST-4690,52,Female,Suburban,34,One-Year,2023-11-03,67.1,13,18,275.7,3.9,81.61,2909.3,2909.3,9.66,0,0,3,1,1175.18,0
CUST-4691,36,Female,Suburban,9,Month-to-Month,2025-12-02,68.6,5,21,222.5,57.4,146.19,1314.31,1314.31,1.0,1,0,4,1,2806.85,1
CUST-4692,47,Female,Urban,6,Two-Year,2026-03-03,75.0,9,18,430.7,44.1,33.64,194.3,194.3,2.79,0,0,3,0,484.42,0
CUST-4693,31,Male,Suburban,33,Two-Year,2023-12-03,82.0,4,17,269.7,108.0,100.73,3381.95,3381.95,2.48,4,2,1,1,386.8,0
CUST-4694,37,Female,Suburban,72,One-Year,2020-09-04,112.4,7,21,658.4,98.5,99.37,7237.87,7237.87,34.56,3,0,3,0,1430.93,0
CUST-4695,66,Male,Suburban,42,Month-to-Month,2023-03-05,45.9,7,23,586.1,22.0,143.13,6219.81,6219.81,5.4,2,1,3,0,1854.96,0
CUST-4696,42,Male,Urban,15,Month-to-Month,2025-06-02,66.9,6,16,638.7,46.7,127.95,1987.36,1987.36,65.42,1,1,3,0,1658.23,1
CUST-4697,57,Male,Urban,30,Month-to-Month,2024-03-03,91.3,10,20,679.7,91.6,46.43,1359.35,1359.35,172.02,4,1,2,2,401.16,1
CUST-4698,41,Female,Urban,13,One-Year,2025-08-02,101.7,4,17,381.9,20.5,46.15,572.67,572.67,20.37,1,0,4,0,886.08,0
CUST-4699,31,Male,Urban,72,One-Year,2020-09-04,33.9,5,20,600.0,29.2,33.28,2464.45,2464.45,27.0,0,0,4,0,638.98,0
CUST-4700,43,Male,Rural,46,One-Year,2022-11-03,61.3,9,22,403.7,4.0,48.24,2252.85,2252.85,10.53,4,1,3,0,625.19,0
CUST-4701,55,Male,Urban,32,Month-to-Month,2024-01-03,32.5,12,20,405.8,9.1,50.78,1566.68,1566.68,37.3,4,0,3,1,731.23,0
CUST-4702,40,Female,Urban,19,Two-Year,2025-02-01,64.0,6,24,413.7,61.2,44.52,886.95,886.95,86.28,1,1,3,1,576.98,0
CUST-4703,39,Female,Urban,32,Month-to-Month,2024-01-03,71.9,5,25,302.2,44.6,92.33,3080.4,3080.4,6.98,4,0,3,0,1329.55,0
CUST-4704,65,Male,Suburban,14,Month-to-Month,2025-07-03,100.1,5,19,424.8,12.0,138.93,1988.42,1988.42,107.15,3,3,1,2,466.8,1
CUST-4705,36,Female,Urban,1,One-Year,2026-08-02,16.3,2,9,427.5,2.0,117.74,112.49,112.49,8.76,1,0,4,0,2260.61,0
CUST-4706,63,Female,Urban,17,Month-to-Month,2025-04-03,104.6,6,24,570.8,12.0,50.19,828.77,828.77,10.82,3,2,2,2,385.46,1
CUST-4707,68,Female,Urban,72,One-Year,2020-09-04,69.7,8,17,410.4,90.0,128.55,9093.23,9093.23,84.89,3,1,3,0,1666.01,0
CUST-4708,20,Male,Urban,33,One-Year,2023-12-03,74.8,6,12,352.3,6.4,138.92,4380.77,4380.77,31.5,4,0,3,1,2000.45,1
CUST-4709,59,Female,Urban,3,One-Year,2026-06-02,114.1,9,17,574.3,33.5,126.07,390.59,390.59,1.13,0,0,5,1,3025.68,0
CUST-4710,36,Male,Urban,72,Month-to-Month,2020-09-04,125.3,7,20,287.2,17.7,81.56,5623.7,5623.7,56.85,3,0,3,0,1174.46,1
CUST-4711,26,Female,Rural,11,Month-to-Month,2025-10-02,65.3,10,14,426.1,51.8,63.75,680.59,680.59,35.96,1,0,3,1,918.0,1
CUST-4712,45,Male,Urban,10,Month-to-Month,2025-11-01,65.1,9,21,568.9,46.6,117.99,1158.53,1158.53,47.56,3,1,2,1,1019.43,1
CUST-4713,37,Male,Urban,12,Month-to-Month,2025-09-02,74.4,1,19,598.4,264.7,155.14,1830.39,1830.39,6.18,4,1,2,0,1340.41,1
CUST-4714,62,Male,Suburban,29,Two-Year,2024-04-03,65.0,4,18,686.8,96.3,73.59,2083.98,2083.98,72.21,1,1,4,0,1271.64,0
CUST-4715,24,Female,Urban,26,One-Year,2024-07-03,41.9,4,20,522.0,181.1,77.94,2123.43,2123.43,53.45,3,1,2,0,673.4,1
CUST-4716,31,Male,Suburban,23,Month-to-Month,2024-10-02,84.1,5,28,470.7,56.1,110.7,2663.43,2663.43,110.48,1,1,3,0,1434.67,0
CUST-4717,26,Female,Urban,42,Two-Year,2023-03-05,65.2,9,19,736.5,87.0,140.22,5960.09,5960.09,18.4,2,1,2,0,1211.5,0
CUST-4718,36,Male,Suburban,13,One-Year,2025-08-02,87.9,2,19,300.3,146.5,49.36,617.62,617.62,25.57,1,0,4,0,947.71,1
CUST-4719,64,Female,Suburban,51,Month-to-Month,2022-06-04,136.3,6,23,591.3,2.7,138.92,7231.35,7231.35,42.34,0,0,4,1,2667.26,1
CUST-4720,69,Female,Rural,7,Month-to-Month,2026-02-01,81.8,9,14,473.1,160.6,71.15,521.73,521.73,3.86,1,0,3,0,1024.56,1
CUST-4721,31,Female,Urban,51,Month-to-Month,2022-06-04,62.3,4,17,62.5,15.5,67.5,3614.05,3614.05,8.27,3,0,4,3,1296.0,1
CUST-4722,55,Female,Urban,36,Two-Year,2023-09-03,76.8,3,22,737.6,79.4,42.99,1565.69,1565.69,11.9,1,2,3,1,495.24,0
CUST-4723,70,Female,Urban,38,Month-to-Month,2023-07-04,88.9,10,20,304.4,96.5,45.86,1688.41,1688.41,101.59,3,1,3,0,594.35,1
CUST-4724,53,Male,Rural,22,Two-Year,2024-11-02,80.0,8,15,962.8,7.5,57.5,1306.96,1306.96,0.05,6,0,3,0,828.0,0
CUST-4725,57,Female,Rural,37,Month-to-Month,2023-08-04,68.1,8,12,477.6,198.9,119.81,4487.39,4487.39,178.87,1,0,4,0,2300.35,0
CUST-4726,34,Male,Urban,3,Two-Year,2026-06-02,35.3,6,23,278.4,169.7,154.08,460.03,460.03,17.62,1,0,4,1,2958.34,0
CUST-4727,47,Female,Urban,63,Month-to-Month,2021-06-04,104.0,2,19,594.3,69.1,43.4,2638.5,2638.5,36.57,0,1,3,0,562.46,0
CUST-4728,26,Female,Urban,2,Two-Year,2026-07-03,58.2,6,22,380.4,11.0,89.42,174.19,174.19,18.51,2,1,4,0,1545.18,0
CUST-4729,50,Male,Urban,6,Two-Year,2026-03-03,128.9,7,18,461.7,54.3,80.99,489.76,489.76,53.64,2,0,4,0,1555.01,0
CUST-4730,69,Male,Urban,29,Month-to-Month,2024-04-03,73.9,4,15,550.1,27.4,142.88,4044.35,4044.35,105.26,1,1,3,2,1851.72,1
CUST-4731,42,Male,Urban,45,One-Year,2022-12-03,69.5,9,23,469.4,173.6,72.55,3257.53,3257.53,20.78,1,0,4,0,1392.96,0
CUST-4732,31,Female,Suburban,3,One-Year,2026-06-02,70.9,5,17,452.4,33.9,72.58,222.43,222.43,6.95,3,1,3,0,940.64,1
CUST-4733,28,Female,Rural,72,Two-Year,2020-09-04,89.5,7,18,360.2,76.9,40.39,3049.81,3049.81,8.79,0,2,4,0,620.39,0
CUST-4734,70,Female,Rural,72,Month-to-Month,2020-09-04,59.0,5,13,62.2,65.9,140.02,9621.64,9621.64,10.81,0,0,4,0,2688.38,0
CUST-4735,52,Female,Urban,31,Month-to-Month,2024-02-02,64.7,4,18,519.8,20.5,99.66,3181.15,3181.15,8.77,2,0,4,0,1913.47,0
CUST-4736,58,Female,Suburban,22,Two-Year,2024-11-02,103.7,8,16,551.9,49.8,100.08,2119.82,2119.82,0.47,0,2,3,0,1152.92,0
CUST-4737,31,Male,Rural,45,One-Year,2022-12-03,54.5,4,15,820.2,34.3,35.75,1680.1,1680.1,69.3,3,0,3,0,514.8,0
CUST-4738,47,Male,Urban,14,Month-to-Month,2025-07-03,101.4,5,18,600.1,30.5,40.96,588.92,588.92,39.98,0,0,4,1,786.43,0
CUST-4739,58,Female,Suburban,23,Two-Year,2024-10-02,109.8,8,22,266.6,129.7,135.33,3080.8,3080.8,25.38,1,0,3,0,1948.75,0
CUST-4740,21,Female,Urban,72,Month-to-Month,2020-09-04,105.0,10,15,81.5,9.8,89.66,6463.65,6463.65,5.56,0,0,4,1,1721.47,1
CUST-4741,21,Female,Urban,72,One-Year,2020-09-04,92.0,9,8,30.2,34.3,53.04,3886.36,3886.36,1.45,3,0,4,0,1018.37,0
CUST-4742,45,Male,Urban,72,Month-to-Month,2020-09-04,30.9,7,22,458.7,2.0,88.53,6413.06,6413.06,16.99,3,0,3,1,1274.83,0
CUST-4743,25,Male,Urban,10,Month-to-Month,2025-11-01,48.7,8,10,562.4,19.7,139.29,1459.77,1459.77,0.19,1,1,3,1,1805.2,1
CUST-4744,19,Male,Suburban,9,Month-to-Month,2025-12-02,44.3,2,17,526.9,63.2,46.4,438.42,438.42,2.06,3,0,3,0,668.16,1
CUST-4745,58,Male,Urban,12,Month-to-Month,2025-09-02,73.6,9,16,509.6,6.0,137.47,1576.57,1576.57,2.67,1,1,2,1,1187.74,1
CUST-4746,63,Male,Urban,20,Month-to-Month,2025-01-01,85.9,7,17,699.6,20.6,117.22,2397.83,2397.83,59.21,2,0,3,0,1687.97,0
CUST-4747,39,Female,Urban,13,Month-to-Month,2025-08-02,49.3,8,13,520.4,137.9,62.28,829.62,829.62,45.34,1,1,3,0,807.15,0
CUST-4748,58,Male,Rural,16,Month-to-Month,2025-05-03,79.8,5,19,281.1,76.5,130.17,2143.15,2143.15,12.96,5,0,3,0,1874.45,1
CUST-4749,33,Female,Urban,32,Month-to-Month,2024-01-03,105.5,7,20,348.9,4.7,111.27,3709.15,3709.15,12.68,1,1,2,1,961.37,1
CUST-4750,46,Male,Suburban,48,One-Year,2022-09-03,55.0,8,20,532.9,317.0,138.55,6712.49,6712.49,14.77,1,0,4,0,2660.16,0
CUST-4751,66,Female,Suburban,44,Month-to-Month,2023-01-03,60.4,5,18,488.0,188.7,142.36,6110.09,6110.09,29.18,1,1,3,1,1844.99,1
CUST-4752,65,Male,Urban,56,Month-to-Month,2022-01-03,120.4,6,26,442.6,9.9,42.73,2433.96,2433.96,68.85,1,0,4,1,820.42,0
CUST-4753,47,Male,Urban,2,One-Year,2026-07-03,57.2,6,20,366.2,165.7,132.84,260.98,260.98,22.69,0,1,5,1,2869.34,0
CUST-4754,29,Male,Suburban,2,Two-Year,2026-07-03,95.3,5,14,288.0,51.9,106.49,209.63,209.63,5.63,3,0,3,1,1533.46,0
CUST-4755,52,Female,Urban,52,One-Year,2022-05-05,122.2,6,20,753.2,172.3,83.58,4395.25,4395.25,6.04,3,1,3,0,1083.2,1
CUST-4756,28,Female,Urban,26,Month-to-Month,2024-07-03,49.6,5,10,284.1,223.8,137.97,3511.55,3511.55,2.05,4,1,1,0,596.03,1
CUST-4757,63,Male,Suburban,29,Two-Year,2024-04-03,51.8,5,17,344.5,76.9,114.6,3388.04,3388.04,47.2,3,0,3,2,1650.24,0
CUST-4758,67,Male,Urban,2,Two-Year,2026-07-03,78.1,7,10,459.7,22.4,55.85,115.64,115.64,17.84,2,0,3,2,804.24,0
CUST-4759,38,Female,Urban,10,Month-to-Month,2025-11-01,87.0,10,10,516.2,168.1,67.19,704.52,704.52,87.55,0,1,4,0,1161.04,1
CUST-4760,38,Male,Urban,34,Two-Year,2023-11-03,65.8,3,18,493.4,55.4,74.97,2464.46,2464.46,12.99,1,2,3,2,863.65,0
CUST-4761,22,Male,Urban,65,Month-to-Month,2021-04-04,144.1,5,11,161.7,27.2,74.98,4851.94,4851.94,56.04,2,0,4,1,1439.62,0
CUST-4762,65,Female,Suburban,72,Month-to-Month,2020-09-04,101.2,5,21,517.7,40.1,125.79,9274.85,9274.85,23.93,1,1,4,0,2173.65,0
CUST-4763,37,Female,Suburban,23,Month-to-Month,2024-10-02,60.9,4,24,652.0,33.9,80.23,1859.57,1859.57,66.09,3,2,2,0,616.17,1
CUST-4764,54,Male,Suburban,26,One-Year,2024-07-03,44.0,10,18,499.4,178.0,136.4,3391.99,3391.99,28.83,0,0,5,0,3273.6,0
CUST-4765,20,Male,Suburban,59,Month-to-Month,2021-10-04,83.1,7,17,822.8,111.4,94.92,5515.18,5515.18,7.48,1,0,4,0,1822.46,0
CUST-4766,61,Female,Urban,26,Month-to-Month,2024-07-03,98.2,9,12,707.2,2.1,33.03,884.01,884.01,56.52,2,0,4,1,634.18,0
CUST-4767,50,Male,Urban,24,Month-to-Month,2024-09-02,140.2,10,15,390.9,2.0,100.37,2407.15,2407.15,0.2,0,2,3,0,1156.26,1
CUST-4768,70,Male,Urban,72,Month-to-Month,2020-09-04,87.3,2,15,356.7,4.7,128.67,9444.31,9444.31,24.56,1,0,3,0,1852.85,1
CUST-4769,26,Female,Urban,52,Month-to-Month,2022-05-05,77.7,5,16,268.8,61.3,93.8,4946.14,4946.14,7.63,0,0,4,3,1800.96,0
CUST-4770,26,Female,Rural,72,One-Year,2020-09-04,55.7,5,17,459.6,109.5,122.16,9185.47,9185.47,14.44,1,1,4,1,2110.92,0
CUST-4771,21,Male,Suburban,9,Month-to-Month,2025-12-02,96.1,7,15,514.1,47.0,121.62,1133.78,1133.78,18.41,0,0,4,0,2335.1,0
CUST-4772,52,Female,Urban,25,Two-Year,2024-08-02,115.5,5,12,664.3,49.7,86.21,2121.59,2121.59,28.73,1,2,3,1,993.14,1
CUST-4773,34,Female,Urban,61,Month-to-Month,2021-08-04,31.4,5,17,449.1,17.9,56.41,3440.22,3440.22,15.32,0,0,4,0,1083.07,0
CUST-4774,51,Male,Urban,4,Month-to-Month,2026-05-03,87.2,1,17,314.4,40.0,129.9,518.37,518.37,36.23,0,2,3,0,1496.45,0
CUST-4775,41,Female,Urban,52,Month-to-Month,2022-05-05,54.4,3,13,654.2,19.3,123.19,6264.28,6264.28,7.27,1,0,4,0,2365.25,0
CUST-4776,49,Male,Urban,7,Month-to-Month,2026-02-01,44.3,8,18,241.6,20.8,126.96,899.48,899.48,54.61,4,0,3,0,1828.22,1
CUST-4777,18,Male,Urban,55,Month-to-Month,2022-02-02,135.8,4,20,533.4,32.3,124.8,6699.63,6699.63,32.23,3,0,3,1,1797.12,1
CUST-4778,25,Female,Rural,32,One-Year,2024-01-03,111.6,6,27,490.6,3.2,40.78,1260.55,1260.55,15.17,0,1,4,1,704.68,0
CUST-4779,62,Male,Suburban,8,One-Year,2026-01-01,66.8,6,19,472.4,201.5,102.92,791.27,791.27,26.57,3,1,3,0,1333.84,0
CUST-4780,40,Male,Urban,22,Month-to-Month,2024-11-02,80.2,7,19,402.6,159.7,70.98,1528.21,1528.21,18.11,1,0,4,0,1362.82,0
CUST-4781,64,Male,Urban,38,Month-to-Month,2023-07-04,75.5,3,21,668.8,103.4,58.36,2211.74,2211.74,72.76,2,0,3,0,840.38,0
CUST-4782,57,Male,Urban,33,Month-to-Month,2023-12-03,51.2,6,11,513.5,54.6,123.07,3905.22,3905.22,27.67,5,0,2,1,1181.47,1
CUST-4783,29,Female,Suburban,19,Two-Year,2025-02-01,68.8,2,20,530.0,109.0,96.7,1869.6,1869.6,54.39,4,1,2,1,835.49,1
CUST-4784,71,Female,Suburban,72,One-Year,2020-09-04,108.5,5,22,577.7,237.6,71.07,5306.49,5306.49,55.45,0,0,4,0,1364.54,0
CUST-4785,29,Female,Rural,25,Month-to-Month,2024-08-02,68.0,10,19,199.1,21.7,74.95,1860.09,1860.09,46.34,3,0,3,0,1079.28,1
CUST-4786,63,Male,Urban,24,Month-to-Month,2024-09-02,98.9,3,23,262.7,29.4,143.65,3576.28,3576.28,48.63,2,1,3,0,1861.7,1
CUST-4787,64,Male,Suburban,3,Two-Year,2026-06-02,68.3,2,16,312.7,84.9,62.16,179.97,179.97,8.9,4,1,2,1,537.06,1
CUST-4788,32,Male,Urban,72,Month-to-Month,2020-09-04,49.5,8,17,465.4,66.9,80.71,5565.61,5565.61,71.69,2,1,3,2,1046.0,0
CUST-4789,58,Male,Suburban,7,Month-to-Month,2026-02-01,120.8,8,20,301.0,113.2,110.35,796.69,796.69,43.06,3,1,3,0,1430.14,1
CUST-4790,36,Male,Urban,25,Month-to-Month,2024-08-02,21.1,7,11,310.4,27.7,52.11,1364.6,1364.6,1.94,0,1,3,1,675.35,1
CUST-4791,43,Female,Urban,54,One-Year,2022-03-05,138.5,3,22,413.5,24.2,139.92,7435.26,7435.26,36.51,3,1,4,0,2417.82,0
CUST-4792,69,Female,Suburban,8,Two-Year,2026-01-01,114.9,5,13,626.6,57.2,106.6,866.22,866.22,23.02,4,0,3,0,1535.04,0
CUST-4793,46,Female,Urban,25,Two-Year,2024-08-02,90.5,10,17,622.9,10.2,52.92,1343.44,1343.44,5.38,4,1,2,0,457.23,0
CUST-4794,39,Male,Urban,10,One-Year,2025-11-01,71.6,7,13,566.5,2.6,76.75,781.74,781.74,22.43,1,2,2,0,589.44,1
CUST-4795,57,Female,Urban,47,Month-to-Month,2022-10-04,74.0,6,21,556.1,18.2,69.23,3277.33,3277.33,89.44,0,0,5,1,1661.52,0
CUST-4796,38,Male,Urban,28,Month-to-Month,2024-05-03,91.1,2,14,450.7,11.2,40.75,1113.21,1113.21,73.07,3,0,3,1,586.8,1
CUST-4797,68,Male,Urban,64,Month-to-Month,2021-05-05,90.5,3,6,500.3,2.0,58.03,3558.24,3558.24,3.16,4,0,2,0,557.09,1
CUST-4798,55,Female,Urban,72,Two-Year,2020-09-04,56.2,9,18,455.4,97.8,103.35,7079.28,7079.28,20.33,2,2,2,0,793.73,0
CUST-4799,37,Female,Urban,35,One-Year,2023-10-03,87.0,3,25,473.2,50.9,42.77,1449.09,1449.09,24.93,2,0,3,0,615.89,0
CUST-4800,46,Male,Urban,43,Month-to-Month,2023-02-02,92.8,6,17,494.4,71.9,41.33,1709.65,1709.65,41.11,0,1,3,0,535.64,0
CUST-4801,68,Male,Rural,27,Month-to-Month,2024-06-03,76.0,9,23,398.3,11.6,88.99,2291.78,2291.78,50.92,0,1,3,0,1153.31,1
CUST-4802,21,Male,Urban,16,Month-to-Month,2025-05-03,152.2,6,15,97.3,19.3,77.81,1193.97,1193.97,61.71,2,1,3,1,1008.42,1
CUST-4803,24,Female,Urban,35,Two-Year,2023-10-03,81.0,2,14,579.9,4.0,47.25,1579.13,1579.13,31.75,5,0,3,0,680.4,0
CUST-4804,45,Male,Urban,72,Month-to-Month,2020-09-04,32.1,4,25,470.5,388.8,165.28,11957.41,11957.41,74.86,2,1,3,0,2142.03,0
CUST-4805,45,Female,Rural,18,Month-to-Month,2025-03-03,54.7,7,14,163.5,7.1,36.17,622.23,622.23,28.46,0,1,3,0,468.76,0
CUST-4806,21,Male,Suburban,13,Month-to-Month,2025-08-02,106.1,2,20,581.3,6.2,57.02,778.04,778.04,0.82,0,1,3,0,738.98,0
CUST-4807,39,Male,Urban,17,Month-to-Month,2025-04-03,63.3,6,14,516.8,61.9,45.93,780.95,780.95,21.48,4,1,2,0,396.84,1
CUST-4808,29,Male,Suburban,19,Two-Year,2025-02-01,55.2,3,23,177.8,26.2,112.61,2225.41,2225.41,6.15,1,1,2,0,972.95,1
CUST-4809,62,Female,Suburban,3,Two-Year,2026-06-02,126.9,6,15,767.0,142.1,119.07,356.77,356.77,29.87,2,0,4,0,2286.14,0
CUST-4810,20,Male,Suburban,23,Two-Year,2024-10-02,90.1,5,18,440.4,115.8,64.04,1419.29,1419.29,39.97,2,0,4,0,1229.57,0
CUST-4811,39,Female,Suburban,23,One-Year,2024-10-02,67.0,3,12,865.1,131.7,108.85,2588.83,2588.83,39.99,1,0,4,0,2089.92,1
CUST-4812,61,Female,Rural,30,One-Year,2024-03-03,5.0,5,24,658.0,86.4,118.05,3448.62,3448.62,23.6,2,0,5,1,2833.2,0
CUST-4813,19,Female,Rural,15,One-Year,2025-06-02,103.6,4,16,740.1,9.2,30.31,433.76,433.76,44.17,4,1,2,0,261.88,0
CUST-4814,41,Female,Suburban,32,Month-to-Month,2024-01-03,85.5,7,18,459.7,4.3,101.91,3160.35,3160.35,4.25,1,1,3,1,1320.75,0
CUST-4815,51,Female,Urban,70,One-Year,2020-11-03,124.0,6,17,488.2,4.3,61.48,4346.42,4346.42,103.31,1,1,3,0,796.78,0
CUST-4816,44,Female,Suburban,72,Month-to-Month,2020-09-04,52.2,9,11,569.4,105.2,56.33,4029.26,4029.26,64.85,1,2,3,1,648.92,0
CUST-4817,58,Female,Suburban,29,One-Year,2024-04-03,73.8,9,19,508.1,69.6,129.87,3638.79,3638.79,67.59,1,0,4,0,2493.5,0
CUST-4818,18,Male,Urban,2,Month-to-Month,2026-07-03,94.0,6,16,572.0,257.6,133.34,267.56,267.56,1.18,2,0,4,0,2560.13,1
CUST-4819,25,Male,Rural,72,Month-to-Month,2020-09-04,122.7,8,17,437.3,67.0,97.91,7368.9,7368.9,9.12,1,0,3,1,1409.9,1
CUST-4820,40,Male,Urban,41,Two-Year,2023-04-04,92.8,8,29,141.2,18.6,123.99,5198.79,5198.79,3.66,3,1,2,1,1071.27,0
CUST-4821,55,Male,Urban,14,Two-Year,2025-07-03,63.8,7,27,371.5,6.1,56.4,755.59,755.59,70.19,0,0,4,1,1082.88,0
CUST-4822,23,Male,Rural,6,Month-to-Month,2026-03-03,123.9,2,21,533.6,29.6,31.06,183.0,183.0,48.51,2,0,4,0,596.35,0
CUST-4823,39,Female,Urban,6,Month-to-Month,2026-03-03,75.6,6,20,519.0,14.5,136.28,833.41,833.41,3.54,1,1,3,0,1766.19,0
CUST-4824,42,Male,Urban,7,Two-Year,2026-02-01,90.4,4,10,810.1,64.3,64.87,437.75,437.75,18.0,3,1,2,0,560.48,0
CUST-4825,35,Male,Urban,2,One-Year,2026-07-03,107.5,7,15,387.0,6.6,98.82,198.4,198.4,25.1,1,1,3,0,1280.71,1
CUST-4826,34,Female,Urban,72,Month-to-Month,2020-09-04,131.9,5,16,521.4,96.2,151.8,10980.0,10980.0,43.95,1,2,2,0,1165.82,1
CUST-4827,29,Male,Urban,26,One-Year,2024-07-03,96.1,6,17,576.1,77.5,63.49,1582.8,1582.8,12.16,3,1,2,0,548.55,1
CUST-4828,23,Male,Urban,40,Month-to-Month,2023-05-04,162.6,8,21,537.4,86.7,152.16,6150.99,6150.99,12.01,4,0,3,0,2191.1,0
CUST-4829,43,Male,Urban,58,Month-to-Month,2021-11-03,82.3,3,22,308.3,218.8,119.77,7224.58,7224.58,26.55,2,2,3,0,1379.75,0
CUST-4830,44,Male,Rural,52,Two-Year,2022-05-05,93.8,9,20,529.7,68.3,145.53,7682.37,7682.37,26.1,2,0,3,0,2095.63,0
CUST-4831,25,Male,Rural,71,Month-to-Month,2020-10-04,66.4,13,21,273.2,101.0,50.04,3700.45,3700.45,4.16,2,0,3,0,720.58,0
CUST-4832,36,Female,Urban,72,Month-to-Month,2020-09-04,94.7,6,13,371.8,5.8,86.94,6330.76,6330.76,43.65,2,1,3,0,1126.74,0
CUST-4833,59,Female,Suburban,19,Month-to-Month,2025-02-01,93.9,10,23,420.6,186.3,161.55,3146.74,3146.74,6.88,1,0,4,0,3101.76,1
CUST-4834,18,Male,Urban,72,Month-to-Month,2020-09-04,116.4,10,18,418.1,16.0,45.29,3388.91,3388.91,66.36,1,0,4,0,869.57,0
CUST-4835,46,Male,Urban,43,Month-to-Month,2023-02-02,98.3,11,22,173.8,44.2,63.27,2710.64,2710.64,51.93,2,0,3,1,911.09,1
CUST-4836,62,Male,Urban,3,Month-to-Month,2026-06-02,69.2,10,16,443.3,204.7,80.13,232.17,232.17,138.54,2,3,2,0,538.47,1
CUST-4837,66,Female,Rural,38,Month-to-Month,2023-07-04,92.7,5,18,473.7,12.8,137.95,5042.53,5042.53,6.57,2,1,3,0,1787.83,0
CUST-4838,52,Male,Rural,39,Month-to-Month,2023-06-04,64.8,4,25,492.0,2.3,55.66,2269.18,2269.18,101.2,0,0,4,0,1068.67,0
CUST-4839,57,Male,Urban,72,Month-to-Month,2020-09-04,101.5,3,16,404.3,22.9,42.35,3063.51,3063.51,46.18,1,1,3,0,548.86,0
CUST-4840,31,Female,Urban,16,Month-to-Month,2025-05-03,68.2,5,13,805.5,11.1,118.29,1927.29,1927.29,74.57,2,1,3,0,1533.04,0
CUST-4841,52,Male,Urban,29,One-Year,2024-04-03,43.1,5,28,483.1,71.7,94.8,2779.93,2779.93,1.22,1,1,3,0,1228.61,0
CUST-4842,65,Male,Urban,1,One-Year,2026-08-02,51.1,9,18,373.1,21.2,96.02,96.64,96.64,13.55,4,0,3,0,1382.69,1
CUST-4843,62,Male,Suburban,14,Month-to-Month,2025-07-03,49.8,5,15,506.6,4.2,95.42,1343.82,1343.82,1.05,2,0,4,0,1832.06,0
CUST-4844,37,Female,Urban,3,One-Year,2026-06-02,69.2,5,24,335.5,145.3,117.29,350.92,350.92,7.03,2,0,3,1,1688.98,0
CUST-4845,66,Female,Suburban,25,Two-Year,2024-08-02,59.6,7,12,623.6,3.3,77.74,2018.21,2018.21,75.48,2,2,2,1,597.04,1
CUST-4846,30,Female,Urban,56,Two-Year,2022-01-03,84.3,8,22,542.2,20.6,140.28,7557.86,7557.86,18.52,2,0,4,1,2693.38,0
CUST-4847,55,Male,Rural,8,Month-to-Month,2026-01-01,73.2,6,14,740.9,17.9,47.7,389.84,389.84,38.96,1,1,3,0,618.19,0
CUST-4848,66,Female,Suburban,25,One-Year,2024-08-02,100.5,8,13,629.8,2.0,135.45,3447.46,3447.46,23.15,1,0,4,0,2600.64,0
CUST-4849,63,Female,Urban,8,Month-to-Month,2026-01-01,96.5,6,21,720.2,11.7,60.39,461.98,461.98,22.46,0,0,4,0,1159.49,0
CUST-4850,66,Female,Suburban,5,Month-to-Month,2026-04-02,75.3,3,14,60.2,109.6,63.28,307.45,307.45,36.72,1,0,4,0,1214.98,1
CUST-4851,25,Male,Suburban,24,Month-to-Month,2024-09-02,122.3,4,22,266.0,2.5,97.33,2403.13,2403.13,19.97,2,1,3,0,1261.4,0
CUST-4852,60,Female,Urban,3,Month-to-Month,2026-06-02,57.2,6,13,576.8,2.0,127.86,373.37,373.37,0.73,3,1,3,0,1657.07,1
CUST-4853,37,Male,Urban,30,Month-to-Month,2024-03-03,115.2,5,15,345.8,65.3,76.54,2314.05,2314.05,56.42,3,1,2,0,661.31,1
CUST-4854,50,Male,Rural,2,One-Year,2026-07-03,89.7,5,18,726.2,6.1,34.58,66.28,66.28,11.18,2,1,3,1,448.16,0
CUST-4855,43,Female,Urban,4,One-Year,2026-05-03,73.2,6,6,406.9,30.2,91.23,354.81,354.81,38.95,1,1,3,0,1182.34,0
CUST-4856,56,Male,Urban,27,Month-to-Month,2024-06-03,118.9,8,20,652.8,2.0,138.59,3888.19,3888.19,37.57,1,2,3,0,1596.56,1
CUST-4857,38,Female,Urban,30,Month-to-Month,2024-03-03,101.7,4,16,537.6,29.3,74.19,2194.94,2194.94,5.47,4,0,2,0,712.22,0
CUST-4858,70,Male,Suburban,1,Month-to-Month,2026-08-02,52.7,6,15,434.4,24.9,31.03,31.98,31.98,6.3,2,0,4,0,595.78,1
CUST-4859,66,Female,Suburban,28,Month-to-Month,2024-05-03,95.9,4,20,324.6,61.7,91.85,2566.26,2566.26,20.78,2,0,3,0,1322.64,1
CUST-4860,59,Female,Rural,60,Two-Year,2021-09-03,95.9,7,24,508.7,44.9,75.87,4471.29,4471.29,14.64,3,0,3,1,1092.53,0
CUST-4861,60,Female,Urban,43,One-Year,2023-02-02,115.2,5,13,419.3,73.8,43.73,1892.91,1892.91,11.18,1,0,4,0,839.62,0
CUST-4862,71,Male,Urban,5,Two-Year,2026-04-02,102.6,4,17,306.3,178.5,152.38,764.49,764.49,12.95,2,0,4,0,2925.7,0
CUST-4863,58,Male,Suburban,30,One-Year,2024-03-03,104.7,9,24,194.9,103.1,111.62,3510.93,3510.93,10.28,1,1,3,1,1446.6,0
CUST-4864,26,Female,Suburban,37,Month-to-Month,2023-08-04,71.8,7,14,467.2,176.2,69.17,2519.48,2519.48,4.11,3,0,2,0,664.03,0
CUST-4865,41,Male,Urban,2,Month-to-Month,2026-07-03,78.7,6,19,628.5,3.6,132.03,268.12,268.12,3.22,0,1,3,0,1711.11,1
CUST-4866,54,Female,Urban,64,Month-to-Month,2021-05-05,77.4,5,13,502.6,301.6,136.5,8901.59,8901.59,74.22,4,2,2,2,1048.32,1
CUST-4867,66,Female,Urban,72,Month-to-Month,2020-09-04,37.0,4,22,580.1,25.3,108.05,7877.89,7877.89,59.04,4,1,2,0,933.55,1
CUST-4868,58,Male,Suburban,63,One-Year,2021-06-04,123.6,6,17,427.9,21.1,95.25,5988.29,5988.29,23.86,2,1,2,0,822.96,1
CUST-4869,34,Male,Rural,58,Month-to-Month,2021-11-03,51.4,5,18,307.4,33.6,142.55,8502.27,8502.27,13.49,0,1,2,0,1231.63,0
CUST-4870,41,Male,Suburban,45,Month-to-Month,2022-12-03,93.1,4,15,586.2,99.4,142.33,6576.62,6576.62,40.62,4,0,4,1,2732.74,1
CUST-4871,38,Female,Rural,33,One-Year,2023-12-03,75.1,12,19,407.9,200.5,56.98,1966.65,1966.65,4.05,3,0,4,0,1094.02,0
CUST-4872,68,Male,Urban,38,Two-Year,2023-07-04,77.8,5,21,459.2,52.5,34.56,1375.92,1375.92,3.75,3,1,2,1,298.6,0
CUST-4873,56,Male,Rural,54,Month-to-Month,2022-03-05,105.3,4,16,582.8,10.9,82.78,4342.83,4342.83,5.33,3,2,2,3,635.75,1
CUST-4874,58,Male,Suburban,36,One-Year,2023-09-03,61.6,3,22,585.9,15.7,63.47,2320.21,2320.21,41.23,0,1,3,0,822.57,0
CUST-4875,56,Female,Urban,14,Month-to-Month,2025-07-03,98.7,11,16,468.6,33.8,92.04,1334.49,1334.49,60.32,1,0,4,1,1767.17,0
CUST-4876,30,Male,Rural,16,Month-to-Month,2025-05-03,99.0,4,15,608.3,29.6,68.35,1144.16,1144.16,26.9,0,1,3,0,885.82,1
CUST-4877,28,Male,Urban,72,Month-to-Month,2020-09-04,61.7,6,20,547.0,17.7,128.65,8931.88,8931.88,6.46,2,0,3,0,1852.56,0
CUST-4878,63,Female,Rural,1,Month-to-Month,2026-08-02,112.3,6,18,550.7,123.4,63.04,65.87,65.87,14.37,1,0,3,0,907.78,0
CUST-4879,36,Female,Rural,40,One-Year,2023-05-04,126.0,0,22,693.4,21.4,34.79,1353.4,1353.4,60.59,1,3,2,0,233.79,0
CUST-4880,28,Female,Suburban,72,Month-to-Month,2020-09-04,145.7,7,16,556.3,58.4,73.19,5307.86,5307.86,25.15,0,1,4,0,1264.72,0
CUST-4881,30,Male,Suburban,41,One-Year,2023-04-04,77.1,9,24,779.8,42.4,47.36,1971.72,1971.72,21.0,1,1,4,0,818.38,0
CUST-4882,63,Male,Urban,72,Two-Year,2020-09-04,90.7,4,26,207.7,167.0,118.08,8824.42,8824.42,37.66,2,0,3,0,1700.35,0
CUST-4883,62,Female,Urban,39,Month-to-Month,2023-06-04,92.6,7,21,286.8,64.4,89.0,3576.41,3576.41,15.33,2,2,3,0,1025.28,1
CUST-4884,18,Male,Urban,2,One-Year,2026-07-03,105.0,6,26,363.6,26.2,110.35,230.29,230.29,0.15,1,1,3,0,1430.14,1
CUST-4885,57,Female,Suburban,58,Month-to-Month,2021-11-03,137.5,5,13,258.2,66.2,43.3,2583.57,2583.57,98.92,2,1,2,0,374.11,1
CUST-4886,61,Female,Suburban,11,Month-to-Month,2025-10-02,99.6,8,19,776.4,25.0,115.5,1250.01,1250.01,43.4,0,0,4,1,2217.6,0
CUST-4887,36,Male,Rural,20,One-Year,2025-01-01,100.4,2,21,736.7,6.2,57.73,1117.52,1117.52,110.98,1,2,3,0,665.05,1
CUST-4888,29,Female,Urban,13,One-Year,2025-08-02,52.2,9,14,584.0,43.2,108.69,1364.32,1364.32,66.41,2,0,4,1,2086.85,0
CUST-4889,25,Female,Suburban,11,Month-to-Month,2025-10-02,146.5,7,17,514.8,127.9,77.65,818.92,818.92,16.39,0,0,3,0,1118.16,1
CUST-4890,25,Male,Rural,19,Two-Year,2025-02-01,70.7,4,20,264.6,155.9,144.28,2859.85,2859.85,16.65,2,1,3,1,1869.87,1
CUST-4891,70,Female,Suburban,16,Month-to-Month,2025-05-03,5.2,2,13,535.5,51.0,128.57,2054.28,2054.28,5.45,1,0,4,2,2468.54,1
CUST-4892,62,Male,Urban,33,Two-Year,2023-12-03,16.7,7,25,475.6,78.2,71.95,2484.84,2484.84,57.63,1,0,3,0,1036.08,0
CUST-4893,29,Male,Urban,56,Month-to-Month,2022-01-03,94.8,8,21,604.6,61.3,138.8,7986.46,7986.46,33.84,2,0,2,0,1332.48,1
CUST-4894,65,Male,Urban,12,Month-to-Month,2025-09-02,46.8,3,21,370.8,108.2,78.15,980.36,980.36,10.34,1,1,3,1,1012.82,1
CUST-4895,50,Female,Suburban,8,Month-to-Month,2026-01-01,86.6,9,18,553.9,7.1,129.07,1070.62,1070.62,112.69,2,1,3,1,1672.75,1
CUST-4896,62,Female,Suburban,37,Month-to-Month,2023-08-04,40.2,7,14,632.8,33.4,52.21,1947.87,1947.87,51.11,1,0,4,0,1002.43,0
CUST-4897,43,Female,Rural,37,One-Year,2023-08-04,94.2,5,18,615.6,19.0,60.96,2193.68,2193.68,74.97,4,0,3,0,877.82,1
CUST-4898,56,Male,Urban,72,One-Year,2020-09-04,101.9,4,19,478.2,2.0,126.98,8917.7,8917.7,6.69,1,1,4,1,2194.21,0
CUST-4899,45,Female,Urban,1,Month-to-Month,2026-08-02,90.3,5,16,696.0,115.1,51.57,50.91,50.91,31.43,0,0,5,2,1237.68,0
CUST-4900,22,Male,Suburban,63,Month-to-Month,2021-06-04,64.1,12,22,293.6,9.4,107.11,6426.93,6426.93,164.34,1,1,4,0,1850.86,1
CUST-4901,25,Female,Suburban,25,Month-to-Month,2024-08-02,111.4,5,15,500.3,25.4,107.24,2725.73,2725.73,15.05,1,1,2,0,926.55,1
CUST-4902,42,Male,Rural,32,Month-to-Month,2024-01-03,73.0,9,21,554.1,131.1,156.46,5034.34,5034.34,18.08,0,1,3,0,2027.72,0
CUST-4903,44,Male,Suburban,4,One-Year,2026-05-03,79.3,8,17,449.9,83.0,149.27,573.26,573.26,26.96,1,0,3,0,2149.49,0
CUST-4904,63,Male,Urban,19,One-Year,2025-02-01,69.7,2,28,587.3,54.5,88.43,1734.76,1734.76,1.59,1,1,3,1,1146.05,1
CUST-4905,40,Female,Suburban,9,Two-Year,2025-12-02,77.0,7,15,636.5,24.1,104.34,969.36,969.36,8.96,2,2,3,0,1202.0,0
CUST-4906,47,Male,Rural,10,Month-to-Month,2025-11-01,141.1,6,14,128.1,47.1,49.98,480.74,480.74,13.65,1,0,4,0,959.62,1
CUST-4907,62,Female,Urban,24,Month-to-Month,2024-09-02,84.9,7,17,728.9,3.8,51.56,1200.8,1200.8,0.33,4,1,2,1,445.48,1
CUST-4908,64,Male,Urban,55,One-Year,2022-02-02,46.9,10,24,357.0,84.5,101.89,5464.07,5464.07,13.28,0,1,4,1,1760.66,0
CUST-4909,40,Male,Urban,45,Two-Year,2022-12-03,56.2,6,16,662.3,17.6,54.96,2479.54,2479.54,27.58,4,1,2,0,474.85,0
CUST-4910,66,Male,Urban,30,One-Year,2024-03-03,76.7,7,16,330.7,42.4,56.3,1764.15,1764.15,0.68,1,0,5,0,1351.2,0
CUST-4911,64,Female,Suburban,26,Month-to-Month,2024-07-03,61.2,5,13,539.8,6.5,28.59,755.63,755.63,26.56,1,0,4,1,548.93,1
CUST-4912,37,Female,Urban,19,Month-to-Month,2025-02-01,113.5,8,22,545.0,80.6,45.53,880.74,880.74,56.29,2,0,4,1,874.18,0
CUST-4913,35,Male,Urban,72,One-Year,2020-09-04,42.5,5,18,423.0,147.0,128.87,9085.09,9085.09,5.53,3,2,2,0,989.72,0
CUST-4914,35,Male,Urban,27,One-Year,2024-06-03,81.4,3,16,370.2,39.6,32.58,890.58,890.58,113.91,2,1,3,0,422.24,0
CUST-4915,19,Male,Suburban,10,Two-Year,2025-11-01,115.3,7,16,972.4,5.6,128.86,1251.4,1251.4,18.76,0,0,5,0,3092.64,0
CUST-4916,21,Female,Urban,9,Month-to-Month,2025-12-02,66.1,4,17,360.5,188.6,62.34,572.9,572.9,20.19,2,0,4,0,1196.93,0
CUST-4917,47,Male,Suburban,32,Two-Year,2024-01-03,98.2,5,22,722.2,38.5,48.78,1519.57,1519.57,25.31,1,3,2,0,327.8,0
CUST-4918,50,Female,Urban,25,Month-to-Month,2024-08-02,83.8,2,15,968.7,5.4,64.96,1545.07,1545.07,17.48,1,1,3,0,841.88,0
CUST-4919,53,Female,Urban,1,Two-Year,2026-08-02,84.1,11,18,390.3,13.6,110.6,110.86,110.86,36.98,2,0,3,1,1592.64,1
CUST-4920,35,Male,Urban,59,Two-Year,2021-10-04,100.4,3,12,166.9,8.3,106.83,6175.65,6175.65,6.86,3,2,2,1,820.45,1
CUST-4921,54,Female,Urban,40,One-Year,2023-05-04,29.2,7,20,453.1,14.3,55.5,2248.63,2248.63,88.58,1,0,4,1,1065.6,0
CUST-4922,36,Female,Urban,36,One-Year,2023-09-03,121.1,3,19,369.0,11.0,64.26,2370.28,2370.28,70.96,1,0,4,0,1233.79,0
CUST-4923,64,Female,Urban,3,Month-to-Month,2026-06-02,28.1,5,26,574.8,166.6,144.42,446.86,446.86,36.22,1,2,2,1,1109.15,1
CUST-4924,45,Male,Rural,15,Month-to-Month,2025-06-02,119.1,9,28,370.8,15.2,84.42,1327.27,1327.27,54.52,1,1,3,0,1094.08,0
CUST-4925,57,Male,Suburban,72,Month-to-Month,2020-09-04,98.0,9,23,417.4,37.9,83.38,6036.73,6036.73,43.15,2,0,3,1,1200.67,0
CUST-4926,37,Male,Urban,66,Month-to-Month,2021-03-05,99.2,5,25,443.7,85.1,110.61,7287.47,7287.47,22.51,2,0,3,0,1592.78,1
CUST-4927,66,Male,Urban,12,Month-to-Month,2025-09-02,133.4,2,18,236.9,73.5,88.56,1035.68,1035.68,5.92,2,1,2,0,765.16,1
CUST-4928,50,Male,Rural,6,Month-to-Month,2026-03-03,120.5,5,24,416.9,203.7,105.47,648.44,648.44,13.72,2,0,3,0,1518.77,1
CUST-4929,29,Male,Suburban,20,Two-Year,2025-01-01,109.4,7,23,438.4,219.8,149.82,2991.22,2991.22,75.54,1,0,4,0,2876.54,0
CUST-4930,68,Female,Urban,15,Month-to-Month,2025-06-02,76.2,6,18,326.8,55.0,140.36,2068.99,2068.99,38.37,1,0,3,0,2021.18,1
CUST-4931,32,Male,Suburban,38,One-Year,2023-07-04,74.2,6,15,514.3,90.7,101.77,3841.0,3841.0,70.16,4,1,2,0,879.29,0
CUST-4932,58,Male,Suburban,72,One-Year,2020-09-04,110.2,6,22,658.0,31.7,63.03,4479.39,4479.39,73.59,4,1,3,0,816.87,0
CUST-4933,56,Male,Suburban,15,Month-to-Month,2025-06-02,98.6,9,19,408.8,36.5,139.68,2195.46,2195.46,26.22,1,0,4,0,2681.86,1
CUST-4934,19,Female,Urban,3,Month-to-Month,2026-06-02,94.0,4,20,448.2,7.2,106.8,311.63,311.63,20.08,1,0,3,1,1537.92,1
CUST-4935,46,Female,Urban,72,Month-to-Month,2020-09-04,83.3,8,13,405.2,72.7,111.16,7935.11,7935.11,19.63,0,0,5,1,2667.84,0
CUST-4936,58,Male,Urban,2,One-Year,2026-07-03,72.8,8,15,774.4,20.5,97.84,191.91,191.91,20.55,1,0,4,1,1878.53,0
CUST-4937,27,Male,Rural,72,One-Year,2020-09-04,43.3,5,27,339.1,5.4,110.95,7726.09,7726.09,102.28,0,2,3,1,1278.14,0
CUST-4938,19,Female,Suburban,36,Month-to-Month,2023-09-03,104.3,9,16,331.8,6.7,115.2,4064.04,4064.04,5.7,4,1,2,1,995.33,1
CUST-4939,68,Male,Urban,72,One-Year,2020-09-04,79.5,7,20,355.2,83.3,128.48,9240.68,9240.68,5.76,1,0,3,1,1850.11,0
CUST-4940,28,Male,Rural,8,Month-to-Month,2026-01-01,77.6,5,14,681.5,16.9,139.75,1132.71,1132.71,17.14,2,0,4,1,2683.2,1
CUST-4941,30,Male,Rural,2,One-Year,2026-07-03,30.6,11,14,697.0,95.5,86.62,175.26,175.26,56.66,1,0,4,0,1663.1,0
CUST-4942,27,Male,Rural,22,Month-to-Month,2024-11-02,87.8,4,18,301.9,153.6,75.95,1716.46,1716.46,66.92,3,0,3,0,1093.68,0
CUST-4943,31,Male,Rural,20,One-Year,2025-01-01,44.1,5,23,597.4,27.1,74.39,1424.01,1424.01,61.1,2,1,3,0,964.09,0
CUST-4944,35,Female,Rural,14,Two-Year,2025-07-03,72.0,11,16,381.9,102.7,128.58,1766.7,1766.7,30.53,1,0,4,0,2468.74,0
CUST-4945,68,Female,Urban,72,One-Year,2020-09-04,108.8,7,21,206.2,36.4,92.64,6571.75,6571.75,68.25,1,0,5,1,2223.36,0
CUST-4946,71,Male,Suburban,57,Month-to-Month,2021-12-04,86.9,6,16,205.9,96.2,138.86,8067.16,8067.16,7.5,0,0,4,0,2666.11,0
CUST-4947,26,Female,Suburban,36,Month-to-Month,2023-09-03,81.8,3,13,425.4,23.8,55.73,1947.6,1947.6,31.95,1,1,3,0,722.26,0
CUST-4948,56,Male,Urban,6,One-Year,2026-03-03,63.2,3,22,605.4,174.2,135.9,792.1,792.1,13.94,0,1,3,0,1761.26,1
CUST-4949,45,Male,Urban,44,Month-to-Month,2023-01-03,68.6,6,20,457.8,283.3,96.17,4060.19,4060.19,11.16,1,2,3,2,1107.88,0
CUST-4950,20,Female,Rural,43,Month-to-Month,2023-02-02,132.6,15,16,478.1,31.7,121.66,5248.8,5248.8,3.67,3,0,3,0,1751.9,1
CUST-4951,37,Female,Urban,19,One-Year,2025-02-01,108.4,5,20,133.6,14.4,77.56,1507.06,1507.06,15.88,3,1,2,0,670.12,1
CUST-4952,23,Male,Rural,72,Month-to-Month,2020-09-04,71.1,1,13,391.3,75.2,150.06,11017.87,11017.87,1.24,0,1,3,0,1944.78,0
CUST-4953,44,Male,Urban,6,Month-to-Month,2026-03-03,81.8,8,22,408.0,56.9,110.45,678.79,678.79,15.21,2,1,3,1,1431.43,1
CUST-4954,70,Female,Urban,11,Two-Year,2025-10-02,92.4,7,17,384.7,309.7,156.75,1667.28,1667.28,22.54,4,2,2,0,1203.84,1
CUST-4955,19,Female,Urban,3,Month-to-Month,2026-06-02,98.1,4,13,274.4,108.5,46.19,139.77,139.77,15.5,2,0,4,0,886.85,1
CUST-4956,46,Female,Urban,53,Month-to-Month,2022-04-04,84.3,7,14,800.8,117.2,123.43,6275.75,6275.75,51.62,1,0,4,1,2369.86,1
CUST-4957,55,Male,Suburban,32,One-Year,2024-01-03,31.9,4,18,560.3,84.3,85.8,2873.73,2873.73,11.53,0,2,3,0,988.42,0
CUST-4958,20,Male,Suburban,13,Two-Year,2025-08-02,84.1,3,18,608.2,28.1,66.37,828.74,828.74,2.72,5,1,2,0,573.44,1
CUST-4959,33,Male,Urban,6,Month-to-Month,2026-03-03,82.2,4,21,474.3,178.5,143.23,891.83,891.83,7.77,1,0,4,0,2750.02,1
CUST-4960,47,Male,Urban,2,One-Year,2026-07-03,146.7,9,25,697.4,40.7,57.4,109.5,109.5,60.03,1,0,4,1,1102.08,1
CUST-4961,57,Female,Urban,6,One-Year,2026-03-03,165.8,4,18,287.2,33.1,50.88,306.23,306.23,35.36,3,1,2,1,439.6,0
CUST-4962,19,Male,Urban,20,Month-to-Month,2025-01-01,104.3,2,22,611.6,14.0,67.97,1407.35,1407.35,30.14,1,2,4,0,1044.02,0
CUST-4963,34,Male,Suburban,10,Month-to-Month,2025-11-01,64.7,7,15,243.9,23.6,100.91,1022.68,1022.68,27.07,1,2,3,1,1162.48,1
CUST-4964,58,Female,Urban,10,Month-to-Month,2025-11-01,105.4,5,24,467.4,2.0,54.89,548.56,548.56,48.39,5,0,3,0,790.42,1
CUST-4965,29,Female,Urban,69,One-Year,2020-12-04,34.0,5,12,459.0,70.1,99.75,6626.28,6626.28,7.65,1,2,2,0,766.08,0
CUST-4966,52,Male,Urban,24,Two-Year,2024-09-02,69.0,7,17,475.6,60.5,78.33,1909.86,1909.86,8.24,7,0,1,0,375.98,1
CUST-4967,60,Female,Urban,43,Month-to-Month,2023-02-02,36.2,6,21,460.0,33.5,75.65,3286.24,3286.24,4.88,0,0,4,0,1452.48,0
CUST-4968,18,Female,Urban,2,One-Year,2026-07-03,101.5,5,22,65.6,221.9,81.65,162.62,162.62,14.51,3,0,3,0,1175.76,0
CUST-4969,62,Female,Urban,15,One-Year,2025-06-02,48.7,5,19,384.8,76.8,73.56,1074.15,1074.15,11.2,2,0,3,1,1059.26,1
CUST-4970,32,Male,Rural,22,Month-to-Month,2024-11-02,76.4,6,20,444.2,18.1,59.2,1265.95,1265.95,86.35,1,1,3,0,767.23,1
CUST-4971,43,Female,Rural,7,One-Year,2026-02-01,83.7,11,16,367.3,30.9,57.64,422.44,422.44,0.44,1,0,4,0,1106.69,0
CUST-4972,54,Female,Suburban,5,Month-to-Month,2026-04-02,84.1,4,16,175.9,47.1,41.36,216.42,216.42,22.5,2,0,3,0,595.58,1
CUST-4973,38,Male,Urban,68,Two-Year,2021-01-03,70.8,5,17,393.7,51.2,82.49,5854.43,5854.43,45.91,3,1,2,0,712.71,0
CUST-4974,66,Male,Urban,72,One-Year,2020-09-04,95.1,4,20,568.7,21.0,56.28,4058.64,4058.64,82.98,1,1,3,0,729.39,0
CUST-4975,48,Female,Urban,3,One-Year,2026-06-02,47.4,9,11,727.1,18.7,138.31,435.19,435.19,118.39,1,3,3,3,1394.16,1
CUST-4976,42,Male,Suburban,15,One-Year,2025-06-02,137.2,7,19,430.7,23.1,97.67,1435.37,1435.37,2.51,1,0,4,0,1875.26,0
CUST-4977,40,Female,Rural,72,One-Year,2020-09-04,54.0,5,17,414.1,214.9,110.37,7888.54,7888.54,7.6,4,1,2,0,953.6,0
CUST-4978,41,Male,Urban,3,Two-Year,2026-06-02,86.2,7,8,316.4,29.0,68.21,197.97,197.97,242.66,2,1,4,1,1178.67,0
CUST-4979,55,Male,Urban,34,One-Year,2023-11-03,103.7,6,22,735.0,30.5,82.56,2796.96,2796.96,13.16,2,2,2,0,634.06,0
CUST-4980,45,Male,Suburban,72,Two-Year,2020-09-04,105.5,9,12,324.9,82.8,76.69,5347.76,5347.76,2.0,2,0,4,0,1472.45,0
CUST-4981,38,Female,Suburban,72,One-Year,2020-09-04,108.3,6,17,394.8,11.5,125.27,8628.21,8628.21,94.97,0,1,3,1,1623.5,0
CUST-4982,71,Male,Suburban,21,Month-to-Month,2024-12-02,37.2,1,25,535.7,67.0,64.47,1287.53,1287.53,18.08,1,0,4,1,1237.82,0
CUST-4983,60,Female,Suburban,6,Two-Year,2026-03-03,57.5,3,21,625.8,71.3,67.89,402.39,402.39,12.04,1,2,2,0,521.4,1
CUST-4984,35,Female,Rural,8,One-Year,2026-01-01,89.1,4,14,361.4,4.3,107.26,892.2,892.2,5.71,1,1,4,1,1853.45,1
CUST-4985,53,Female,Urban,72,One-Year,2020-09-04,99.4,10,18,417.9,13.7,130.66,9348.62,9348.62,19.38,2,1,3,0,1693.35,0
CUST-4986,52,Female,Rural,72,Two-Year,2020-09-04,122.7,5,10,411.2,40.8,109.34,7987.11,7987.11,16.05,6,1,2,0,944.7,1
CUST-4987,62,Female,Rural,31,Month-to-Month,2024-02-02,69.6,10,16,208.9,117.3,52.34,1674.12,1674.12,90.26,6,0,2,0,502.46,1
CUST-4988,26,Male,Suburban,48,Month-to-Month,2022-09-03,57.9,7,14,531.1,85.7,141.23,6814.94,6814.94,8.33,1,1,3,0,1830.34,1
CUST-4989,70,Female,Urban,45,Month-to-Month,2022-12-03,68.6,8,22,342.9,134.4,133.63,6051.35,6051.35,3.17,1,0,4,1,2565.7,0
CUST-4990,55,Female,Urban,36,One-Year,2023-09-03,152.8,8,22,372.8,123.8,71.13,2566.86,2566.86,11.33,2,1,3,0,921.84,1
CUST-4991,47,Male,Urban,58,One-Year,2021-11-03,130.0,7,21,511.4,46.6,39.18,2187.24,2187.24,27.64,1,1,3,0,507.77,1
CUST-4992,61,Male,Urban,38,Two-Year,2023-07-04,79.9,2,24,467.2,63.3,117.0,4506.31,4506.31,13.91,0,0,5,1,2808.0,0
CUST-4993,51,Female,Rural,26,Month-to-Month,2024-07-03,123.5,7,22,769.3,164.8,76.7,2038.71,2038.71,13.1,0,0,5,0,1840.8,0
CUST-4994,49,Male,Urban,9,One-Year,2025-12-02,67.8,11,24,768.7,87.8,98.41,841.43,841.43,17.76,3,1,3,0,1275.39,0
CUST-4995,20,Female,Urban,45,Two-Year,2022-12-03,113.6,6,17,712.4,28.8,39.62,1708.62,1708.62,72.08,0,1,3,0,513.48,0
CUST-4996,20,Male,Suburban,22,One-Year,2024-11-02,43.6,4,20,812.5,28.0,94.54,2088.55,2088.55,38.04,4,3,1,1,317.65,1
CUST-4997,45,Male,Urban,12,Month-to-Month,2025-09-02,95.7,6,19,739.8,29.7,31.92,396.02,396.02,26.22,2,1,4,0,551.58,0
CUST-4998,61,Female,Urban,54,One-Year,2022-03-05,115.6,7,13,154.5,44.4,93.07,5042.43,5042.43,18.05,4,0,3,0,1340.21,0
CUST-4999,32,Male,Urban,40,Two-Year,2023-05-04,75.2,2,22,549.6,29.3,125.26,4977.6,4977.6,2.55,3,0,3,0,1803.74,0
CUST-5000,58,Male,Suburban,72,Two-Year,2020-09-04,103.4,5,25,507.6,13.5,93.81,7049.34,7049.34,75.56,2,1,3,0,1215.78,0
CUST-5001,40,Female,Urban,6,One-Year,2026-03-03,68.2,7,11,499.6,58.7,135.55,778.84,778.84,4.81,2,0,3,1,1951.92,1
CUST-5002,57,Male,Rural,35,Two-Year,2023-10-03,94.1,7,14,363.6,132.2,107.95,3641.55,3641.55,7.22,2,0,4,0,2072.64,0
CUST-5003,28,Female,Urban,10,Month-to-Month,2025-11-01,70.6,2,28,135.4,44.1,110.67,1127.19,1127.19,20.93,2,0,4,0,2124.86,0
CUST-5004,65,Female,Rural,72,Month-to-Month,2020-09-04,109.6,5,13,351.1,16.1,69.53,4810.33,4810.33,5.29,2,1,4,0,1201.48,0
CUST-5005,49,Female,Urban,4,Two-Year,2026-05-03,47.1,5,25,328.7,109.0,75.48,290.9,290.9,35.77,0,1,3,0,978.22,0
CUST-5006,71,Male,Urban,36,Month-to-Month,2023-09-03,54.5,3,17,575.2,91.6,77.36,2888.54,2888.54,23.87,1,0,3,1,1113.98,0
CUST-5007,53,Male,Urban,52,Month-to-Month,2022-05-05,124.2,3,21,398.9,78.3,48.57,2452.45,2452.45,24.11,0,1,3,0,629.47,0
CUST-5008,50,Female,Urban,15,Month-to-Month,2025-06-02,11.2,1,19,673.5,73.0,65.21,990.13,990.13,119.46,4,0,3,1,939.02,0
CUST-5009,41,Female,Urban,72,One-Year,2020-09-04,65.8,4,19,770.7,99.1,84.37,6011.92,6011.92,39.2,1,1,4,0,1457.91,1
CUST-5010,56,Female,Urban,63,One-Year,2021-06-04,80.7,9,21,302.1,115.3,81.57,4952.23,4952.23,46.09,2,0,4,1,1566.14,0
CUST-5011,51,Female,Urban,12,Month-to-Month,2025-09-02,95.6,7,17,259.8,148.5,104.27,1236.99,1236.99,32.9,2,0,3,0,1501.49,0
CUST-5012,45,Male,Suburban,1,Two-Year,2026-08-02,70.7,8,16,538.2,61.2,90.33,89.57,89.57,10.52,1,1,4,1,1560.9,0
CUST-5013,54,Male,Urban,12,Two-Year,2025-09-02,51.2,4,22,559.2,32.5,114.45,1391.07,1391.07,2.28,5,1,2,0,988.85,1
CUST-5014,24,Male,Urban,11,Month-to-Month,2025-10-02,121.8,7,26,470.0,6.1,71.43,758.5,758.5,28.81,0,0,4,0,1371.46,1
CUST-5015,21,Male,Suburban,72,Month-to-Month,2020-09-04,116.6,6,18,241.3,83.3,115.38,7923.02,7923.02,20.7,0,0,3,0,1661.47,0
CUST-5016,54,Male,Rural,72,One-Year,2020-09-04,73.6,6,14,510.8,9.9,128.91,9379.89,9379.89,4.6,3,0,4,0,2475.07,0
CUST-5017,18,Female,Urban,3,One-Year,2026-06-02,31.3,5,17,411.3,131.9,97.2,278.93,278.93,68.69,4,1,2,0,839.81,1
CUST-5018,18,Male,Urban,21,Month-to-Month,2024-12-02,94.2,6,21,575.8,33.8,93.72,1900.0,1900.0,24.03,2,2,3,1,1079.65,1
CUST-5019,64,Male,Rural,27,Month-to-Month,2024-06-03,90.5,6,18,409.4,135.8,123.24,3487.69,3487.69,21.17,2,1,3,1,1597.19,1
CUST-5020,37,Male,Urban,4,Month-to-Month,2026-05-03,65.0,7,17,599.4,47.5,88.95,338.82,338.82,18.91,1,0,4,1,1707.84,1
CUST-5021,36,Female,Rural,16,Month-to-Month,2025-05-03,26.3,8,18,600.2,39.3,49.66,805.86,805.86,46.85,2,1,3,1,643.59,1
CUST-5022,46,Female,Urban,13,Month-to-Month,2025-08-02,76.9,7,19,345.0,29.4,63.17,791.55,791.55,1.86,2,1,3,1,818.68,1
CUST-5023,27,Female,Rural,26,One-Year,2024-07-03,108.0,8,27,583.5,4.1,28.86,774.46,774.46,8.49,2,1,2,0,249.35,0
CUST-5024,35,Female,Urban,36,One-Year,2023-09-03,112.5,7,24,544.6,2.0,103.91,3771.35,3771.35,81.41,0,1,4,0,1795.56,0
CUST-5025,45,Male,Rural,40,One-Year,2023-05-04,83.7,3,17,420.0,46.2,64.08,2556.14,2556.14,1.44,3,0,2,1,615.17,0
CUST-5026,52,Female,Urban,5,Month-to-Month,2026-04-02,66.3,2,24,665.4,150.4,142.27,708.53,708.53,33.02,1,1,3,1,1843.82,1
CUST-5027,60,Male,Suburban,56,One-Year,2022-01-03,107.0,3,20,220.4,57.3,109.03,6210.05,6210.05,9.67,4,0,2,0,1046.69,0
CUST-5028,64,Male,Urban,38,Month-to-Month,2023-07-04,50.9,10,25,372.3,128.9,128.99,5067.63,5067.63,27.22,3,0,4,0,2476.61,0
CUST-5029,48,Female,Urban,72,Month-to-Month,2020-09-04,44.4,6,15,659.8,500.0,201.48,13791.29,13791.29,26.51,3,1,3,0,2611.18,1
CUST-5030,44,Female,Suburban,20,One-Year,2025-01-01,82.3,9,8,482.7,12.8,75.87,1444.6,1444.6,37.38,3,1,2,0,655.52,1
CUST-5031,28,Male,Urban,72,One-Year,2020-09-04,131.4,7,19,425.5,70.0,57.2,4024.69,4024.69,6.6,4,0,2,0,549.12,1
CUST-5032,66,Male,Rural,66,Month-to-Month,2021-03-05,132.5,5,18,401.3,35.1,137.84,9314.2,9314.2,35.84,1,0,4,0,2646.53,0
CUST-5033,66,Female,Urban,19,One-Year,2025-02-01,45.5,6,22,306.8,15.2,141.8,2611.7,2611.7,53.26,1,1,3,0,1837.73,1
CUST-5034,55,Male,Rural,16,Two-Year,2025-05-03,71.9,9,20,698.9,17.9,52.75,836.13,836.13,6.76,3,1,2,0,455.76,1
CUST-5035,22,Male,Urban,72,One-Year,2020-09-04,158.0,3,12,483.1,18.2,112.95,8138.58,8138.58,54.53,5,0,2,0,1084.32,1
CUST-5036,25,Male,Rural,42,One-Year,2023-03-05,64.3,11,17,456.3,85.0,46.06,1909.94,1909.94,4.54,0,2,4,1,707.48,0
CUST-5037,51,Male,Rural,72,Two-Year,2020-09-04,133.6,7,14,648.3,28.5,32.43,2326.7,2326.7,10.67,3,1,3,0,420.29,0
CUST-5038,65,Female,Urban,53,One-Year,2022-04-04,114.3,8,17,650.9,19.2,105.52,5759.64,5759.64,15.72,2,1,3,1,1367.54,0
CUST-5039,69,Male,Rural,31,One-Year,2024-02-02,120.7,9,15,491.7,141.1,75.51,2277.42,2277.42,13.05,1,2,3,0,869.88,1
CUST-5040,29,Male,Suburban,5,Month-to-Month,2026-04-02,71.6,4,13,894.5,2.3,125.14,614.86,614.86,46.32,3,0,4,0,2402.69,0
CUST-5041,55,Female,Urban,12,Month-to-Month,2025-09-02,72.5,8,22,201.9,86.5,96.97,1166.73,1166.73,10.96,2,1,3,0,1256.73,1
CUST-5042,18,Female,Suburban,72,One-Year,2020-09-04,57.7,6,18,748.3,210.1,146.46,10930.12,10930.12,48.62,0,0,4,1,2812.03,0
CUST-5043,48,Male,Urban,13,One-Year,2025-08-02,109.0,4,16,537.5,63.9,46.48,586.43,586.43,2.06,2,2,2,1,356.97,1
CUST-5044,21,Male,Suburban,4,Month-to-Month,2026-05-03,35.9,7,19,587.2,51.6,133.31,534.56,534.56,13.43,3,2,3,0,1535.73,1
CUST-5045,66,Male,Urban,41,Two-Year,2023-04-04,80.1,5,27,229.1,4.1,47.46,2018.98,2018.98,85.37,3,0,3,1,683.42,0
CUST-5046,62,Female,Urban,44,Month-to-Month,2023-01-03,134.0,8,22,271.1,45.4,97.16,4109.38,4109.38,17.05,2,0,3,2,1399.1,0
CUST-5047,67,Female,Urban,12,One-Year,2025-09-02,102.8,6,20,431.5,29.2,99.49,1220.32,1220.32,22.24,1,0,4,0,1910.21,0
CUST-5048,22,Female,Suburban,12,Month-to-Month,2025-09-02,115.1,3,23,510.3,97.9,47.26,551.45,551.45,48.92,4,2,2,0,362.96,1
CUST-5049,47,Female,Rural,21,Month-to-Month,2024-12-02,35.7,9,17,508.6,108.6,153.7,3122.35,3122.35,1.94,3,0,3,1,2213.28,1
CUST-5050,41,Female,Rural,1,One-Year,2026-08-02,55.2,5,16,421.5,11.9,61.55,59.93,59.93,42.21,2,0,4,1,1181.76,0
CUST-5051,20,Female,Urban,52,Month-to-Month,2022-05-05,120.5,10,16,336.4,48.0,114.33,5946.86,5946.86,2.33,0,0,4,2,2195.14,1
CUST-5052,28,Female,Urban,13,Month-to-Month,2025-08-02,88.8,6,15,474.4,127.8,116.8,1534.1,1534.1,28.15,0,0,4,0,2242.56,0
CUST-5053,62,Male,Suburban,64,Month-to-Month,2021-05-05,53.8,7,26,124.0,63.7,38.36,2379.98,2379.98,33.09,1,2,2,0,294.6,0
CUST-5054,21,Female,Suburban,54,Month-to-Month,2022-03-05,103.8,4,12,836.7,42.6,130.57,6777.18,6777.18,5.47,3,0,3,0,1880.21,0
CUST-5055,43,Male,Urban,36,One-Year,2023-09-03,69.0,5,17,422.3,148.4,82.27,2947.7,2947.7,66.62,3,0,3,0,1184.69,1
CUST-5056,44,Male,Urban,13,Two-Year,2025-08-02,161.1,4,17,307.5,220.7,86.75,1077.84,1077.84,29.45,1,0,4,1,1665.6,0
CUST-5057,63,Female,Urban,24,Month-to-Month,2024-09-02,103.0,4,22,320.7,17.4,34.35,827.61,827.61,5.89,2,0,3,0,494.64,0
CUST-5058,71,Male,Urban,20,One-Year,2025-01-01,57.3,7,23,248.3,13.1,55.76,1135.59,1135.59,69.03,1,1,3,0,722.65,0
CUST-5059,60,Female,Suburban,14,One-Year,2025-07-03,111.4,10,19,637.3,130.1,115.82,1693.76,1693.76,60.96,2,0,3,0,1667.81,0
CUST-5060,44,Female,Urban,62,Two-Year,2021-07-05,133.4,10,18,543.0,18.1,50.81,3037.74,3037.74,38.88,1,0,4,0,975.55,0
CUST-5061,59,Male,Rural,22,Two-Year,2024-11-02,84.8,5,15,428.2,122.4,97.01,2119.99,2119.99,18.2,1,1,3,0,1257.25,0
CUST-5062,68,Female,Urban,59,One-Year,2021-10-04,62.0,4,14,424.1,23.3,120.46,6934.23,6934.23,23.86,2,0,4,0,2312.83,0
CUST-5063,67,Male,Urban,4,Month-to-Month,2026-05-03,86.3,6,18,378.2,2.0,135.15,525.35,525.35,42.54,1,1,3,1,1751.54,1
CUST-5064,23,Male,Rural,5,Month-to-Month,2026-04-02,66.6,9,15,85.4,35.6,110.9,555.58,555.58,12.5,3,0,3,1,1596.96,1
CUST-5065,32,Female,Suburban,72,Month-to-Month,2020-09-04,77.3,2,17,590.6,2.7,47.91,3326.52,3326.52,31.67,2,1,3,0,620.91,0
CUST-5066,70,Female,Urban,30,One-Year,2024-03-03,43.3,9,15,451.0,15.2,71.33,2036.2,2036.2,34.05,3,1,3,0,924.44,0
CUST-5067,47,Female,Suburban,24,One-Year,2024-09-02,111.3,10,24,557.7,42.4,95.08,2204.82,2204.82,8.79,3,1,2,1,821.49,1
CUST-5068,59,Male,Urban,25,One-Year,2024-08-02,50.5,9,14,613.3,2.6,125.59,3088.11,3088.11,4.82,3,0,2,0,1205.66,1
CUST-5069,54,Female,Suburban,8,One-Year,2026-01-01,103.2,4,24,638.9,2.2,88.32,672.01,672.01,6.3,0,0,5,0,2119.68,0
CUST-5070,54,Male,Urban,42,Month-to-Month,2023-03-05,75.9,5,26,477.4,11.0,83.14,3616.59,3616.59,0.75,3,0,3,1,1197.22,1
CUST-5071,59,Female,Suburban,3,One-Year,2026-06-02,91.7,4,16,475.2,40.4,60.92,184.29,184.29,48.68,2,1,3,1,789.52,0
CUST-5072,54,Male,Urban,28,Month-to-Month,2024-05-03,70.8,7,20,651.5,237.3,118.04,3148.84,3148.84,58.03,3,3,1,0,396.61,1
CUST-5073,52,Female,Urban,28,Month-to-Month,2024-05-03,90.9,5,17,431.3,6.4,62.61,1705.5,1705.5,56.26,0,0,4,1,1202.11,0
CUST-5074,40,Male,Rural,72,Month-to-Month,2020-09-04,98.0,5,14,687.1,63.2,99.4,7274.41,7274.41,93.07,1,1,3,1,1288.22,1
CUST-5075,23,Male,Suburban,25,Two-Year,2024-08-02,74.5,3,17,645.6,44.7,124.7,2970.96,2970.96,3.1,5,0,2,0,1197.12,0
CUST-5076,21,Male,Urban,5,Month-to-Month,2026-04-02,33.1,3,22,354.1,4.0,134.36,663.53,663.53,93.42,0,1,4,0,2321.74,1
CUST-5077,35,Female,Urban,28,One-Year,2024-05-03,95.1,6,22,327.0,2.3,118.44,3182.56,3182.56,24.39,2,0,3,0,1705.54,0
CUST-5078,26,Female,Urban,4,Month-to-Month,2026-05-03,96.7,6,25,249.3,16.3,122.7,485.48,485.48,17.49,3,2,2,2,942.34,1
CUST-5079,66,Female,Suburban,8,Month-to-Month,2026-01-01,42.0,4,19,610.7,75.0,77.42,648.35,648.35,5.35,1,2,3,0,891.88,1
CUST-5080,46,Male,Suburban,2,Two-Year,2026-07-03,55.6,6,18,20.0,213.2,136.97,272.71,272.71,23.11,1,2,2,2,1051.93,1
CUST-5081,30,Female,Suburban,24,One-Year,2024-09-02,74.6,6,16,20.0,52.8,77.55,1882.36,1882.36,40.07,2,0,4,0,1488.96,0
CUST-5082,64,Male,Urban,3,Month-to-Month,2026-06-02,16.2,6,24,517.7,3.0,28.24,83.94,83.94,3.26,7,1,1,0,122.0,1
CUST-5083,69,Female,Suburban,21,Month-to-Month,2024-12-02,106.2,11,16,179.3,19.4,129.63,2671.87,2671.87,133.27,2,0,3,1,1866.67,1
CUST-5084,34,Male,Urban,72,Two-Year,2020-09-04,70.3,3,14,261.0,185.4,58.83,4282.62,4282.62,87.02,1,1,4,0,1016.58,0
CUST-5085,62,Female,Urban,42,Month-to-Month,2023-03-05,93.7,9,16,482.5,2.0,38.59,1640.35,1640.35,76.39,1,1,4,0,666.84,0
CUST-5086,49,Female,Suburban,3,One-Year,2026-06-02,53.1,7,19,177.1,59.9,36.1,109.55,109.55,18.44,0,2,3,1,415.87,0
CUST-5087,65,Female,Rural,9,Month-to-Month,2025-12-02,145.5,7,20,208.2,12.8,34.66,297.18,297.18,67.82,3,1,3,2,449.19,1
CUST-5088,39,Female,Suburban,37,Month-to-Month,2023-08-04,42.4,8,19,735.0,4.5,32.45,1224.25,1224.25,4.69,2,1,3,0,420.55,1
CUST-5089,21,Female,Suburban,72,Month-to-Month,2020-09-04,70.0,7,19,521.0,19.1,105.75,7747.88,7747.88,84.57,3,2,2,0,812.16,1
CUST-5090,22,Female,Suburban,2,One-Year,2026-07-03,121.0,6,15,617.9,179.7,150.11,287.31,287.31,67.51,0,0,4,0,2882.11,0
CUST-5091,54,Male,Rural,55,One-Year,2022-02-02,50.5,9,22,342.9,93.2,130.61,6960.98,6960.98,30.96,2,1,2,0,1128.47,0
CUST-5092,58,Female,Urban,28,Month-to-Month,2024-05-03,87.7,7,16,759.7,12.2,98.85,2773.43,2773.43,38.0,2,1,3,0,1281.1,1
CUST-5093,66,Male,Urban,26,One-Year,2024-07-03,103.8,3,14,20.0,4.4,116.05,2975.29,2975.29,15.12,2,0,4,0,2228.16,0
CUST-5094,30,Female,Rural,72,Two-Year,2020-09-04,39.8,5,17,160.0,44.2,84.13,6103.41,6103.41,104.05,0,0,4,1,1615.3,0
CUST-5095,51,Male,Rural,46,Two-Year,2022-11-03,64.9,4,20,139.7,3.5,129.76,6124.4,6124.4,2.42,0,1,3,1,1681.69,0
CUST-5096,62,Male,Urban,63,Month-to-Month,2021-06-04,90.7,5,14,284.8,33.6,82.94,5250.33,5250.33,77.57,4,0,1,1,398.11,1
CUST-5097,39,Male,Urban,15,Month-to-Month,2025-06-02,98.6,3,20,662.1,104.7,43.95,656.55,656.55,10.61,1,0,4,0,843.84,0
CUST-5098,70,Male,Urban,27,Two-Year,2024-06-03,60.3,9,20,803.3,45.1,112.56,2967.29,2967.29,57.23,2,1,3,1,1458.78,0
CUST-5099,40,Female,Urban,32,Month-to-Month,2024-01-03,140.2,7,18,475.5,147.6,142.68,4618.49,4618.49,1.77,3,1,2,1,1232.76,1
CUST-5100,68,Male,Rural,13,Month-to-Month,2025-08-02,99.4,5,15,550.7,101.8,66.1,887.42,887.42,9.8,1,0,4,1,1269.12,0
CUST-5101,20,Female,Urban,28,Two-Year,2024-05-03,108.3,6,22,20.0,52.7,69.45,1898.4,1898.4,7.71,2,0,4,0,1333.44,0
CUST-5102,59,Male,Rural,9,Month-to-Month,2025-12-02,106.5,7,11,541.9,101.6,120.16,1112.6,1112.6,134.01,5,1,2,0,1038.18,1
CUST-5103,51,Female,Urban,6,Month-to-Month,2026-03-03,38.1,7,17,330.5,6.5,91.96,547.21,547.21,8.24,0,0,3,1,1324.22,1
CUST-5104,49,Female,Urban,16,Month-to-Month,2025-05-03,81.6,5,21,255.1,14.6,129.54,1992.19,1992.19,16.23,2,3,1,0,435.25,1
CUST-5105,62,Female,Urban,45,Two-Year,2022-12-03,84.5,7,22,372.6,78.3,91.68,4295.01,4295.01,12.39,1,1,4,1,1584.23,0
CUST-5106,68,Female,Suburban,72,Month-to-Month,2020-09-04,77.4,4,10,419.1,2.0,102.63,7523.58,7523.58,149.2,3,2,2,1,788.2,1
CUST-5107,66,Male,Suburban,21,Two-Year,2024-12-02,91.2,5,15,681.6,2.0,56.54,1227.83,1227.83,33.49,2,0,3,0,814.18,0
CUST-5108,38,Female,Suburban,34,One-Year,2023-11-03,21.8,11,14,164.6,31.1,136.55,4714.62,4714.62,15.61,2,0,5,0,3277.2,0
CUST-5109,63,Male,Urban,4,Month-to-Month,2026-05-03,88.8,5,30,263.3,131.2,87.2,335.67,335.67,83.47,1,2,2,0,669.7,1
CUST-5110,61,Male,Urban,72,Month-to-Month,2020-09-04,75.9,7,23,666.9,257.1,125.61,9081.56,9081.56,42.99,1,0,4,2,2411.71,0
CUST-5111,38,Female,Urban,28,Month-to-Month,2024-05-03,21.5,5,15,225.1,68.2,106.13,3011.35,3011.35,42.55,3,0,3,2,1528.27,1
CUST-5112,61,Male,Urban,50,One-Year,2022-07-04,97.7,4,17,112.6,195.1,83.5,4075.31,4075.31,23.32,1,0,4,0,1603.2,0
CUST-5113,28,Female,Suburban,52,Month-to-Month,2022-05-05,49.6,11,21,873.8,122.3,79.77,4202.34,4202.34,24.11,2,0,3,1,1148.69,0
CUST-5114,56,Female,Suburban,10,Two-Year,2025-11-01,73.6,6,23,247.5,14.6,84.97,855.38,855.38,45.92,0,1,3,0,1101.21,1
CUST-5115,21,Male,Suburban,25,Month-to-Month,2024-08-02,77.4,6,18,420.0,33.6,61.19,1456.56,1456.56,0.36,5,0,2,2,587.42,1
CUST-5116,68,Male,Urban,72,Month-to-Month,2020-09-04,29.6,5,26,409.9,63.5,49.5,3700.34,3700.34,20.12,2,0,3,1,712.8,0
CUST-5117,18,Male,Urban,4,Month-to-Month,2026-05-03,33.0,6,23,699.0,10.7,122.81,492.9,492.9,139.16,3,0,3,0,1768.46,1
CUST-5118,45,Female,Urban,38,One-Year,2023-07-04,101.4,12,11,464.3,24.4,66.01,2529.54,2529.54,37.12,4,3,1,0,221.79,1
CUST-5119,41,Female,Urban,72,Month-to-Month,2020-09-04,66.9,4,19,507.0,91.8,86.61,6018.49,6018.49,16.67,0,0,5,0,2078.64,0
CUST-5120,52,Male,Suburban,12,Month-to-Month,2025-09-02,73.2,3,15,583.4,27.5,92.04,1138.05,1138.05,6.53,4,1,3,0,1192.84,0
CUST-5121,30,Male,Suburban,65,Two-Year,2021-04-04,87.2,6,13,601.5,169.2,147.26,9602.03,9602.03,15.55,3,0,3,2,2120.54,0
CUST-5122,64,Female,Urban,72,One-Year,2020-09-04,32.3,6,18,618.3,33.9,46.23,3191.6,3191.6,22.88,2,0,4,1,887.62,0
CUST-5123,51,Female,Urban,46,One-Year,2022-11-03,72.8,9,22,696.3,16.1,99.4,4664.27,4664.27,34.87,3,3,1,0,333.98,1
CUST-5124,28,Male,Rural,9,One-Year,2025-12-02,81.7,7,16,327.3,15.3,67.67,608.36,608.36,142.89,2,0,3,1,974.45,0
CUST-5125,53,Male,Suburban,14,One-Year,2025-07-03,137.9,12,26,277.8,75.5,136.33,1877.06,1877.06,23.99,2,0,3,1,1963.15,0
CUST-5126,68,Female,Suburban,2,Month-to-Month,2026-07-03,57.4,7,15,365.2,29.8,105.51,219.92,219.92,15.82,3,1,3,0,1367.41,0
CUST-5127,34,Male,Urban,59,Month-to-Month,2021-10-04,108.7,6,16,313.3,17.6,44.34,2700.11,2700.11,10.25,1,0,4,0,851.33,0
CUST-5128,52,Male,Urban,63,One-Year,2021-06-04,84.9,5,13,593.4,76.9,70.69,4249.85,4249.85,50.85,2,1,3,0,916.14,0
CUST-5129,35,Female,Rural,33,Month-to-Month,2023-12-03,50.9,4,15,78.9,35.6,34.49,1160.78,1160.78,21.81,0,0,5,1,827.76,0
CUST-5130,57,Female,Suburban,15,One-Year,2025-06-02,66.0,2,14,684.6,121.6,131.85,1912.91,1912.91,45.2,1,1,3,0,1708.78,0
CUST-5131,39,Male,Urban,3,Month-to-Month,2026-06-02,111.0,8,15,535.2,51.8,80.23,229.06,229.06,11.68,2,0,4,0,1540.42,0
CUST-5132,41,Male,Suburban,46,Month-to-Month,2022-11-03,108.3,6,19,149.7,232.8,65.52,2929.12,2929.12,16.24,2,0,3,0,943.49,0
CUST-5133,36,Male,Suburban,43,Month-to-Month,2023-02-02,69.4,4,14,456.2,30.5,31.12,1277.64,1277.64,109.1,0,0,3,0,448.13,0
CUST-5134,54,Male,Urban,72,Month-to-Month,2020-09-04,95.3,3,22,510.1,21.5,138.12,10082.11,10082.11,9.3,2,1,3,0,1790.04,0
CUST-5135,56,Female,Urban,44,One-Year,2023-01-03,53.9,7,10,610.2,67.2,133.1,6007.18,6007.18,13.43,0,2,3,1,1533.31,1
CUST-5136,38,Male,Urban,58,Month-to-Month,2021-11-03,79.7,4,21,440.5,80.1,75.48,4236.94,4236.94,24.88,2,2,2,0,579.69,1
CUST-5137,25,Female,Urban,45,Month-to-Month,2022-12-03,72.1,3,14,449.8,2.0,84.71,3701.16,3701.16,26.11,2,0,5,0,2033.04,0
CUST-5138,45,Female,Suburban,33,Two-Year,2023-12-03,113.0,5,15,427.7,71.9,102.02,3243.46,3243.46,2.41,4,0,2,0,979.39,1
CUST-5139,22,Male,Urban,19,Month-to-Month,2025-02-01,98.9,5,18,654.4,13.0,86.21,1648.21,1648.21,124.52,3,0,3,0,1241.42,1
CUST-5140,34,Male,Suburban,72,One-Year,2020-09-04,64.7,2,18,789.7,207.4,91.53,6583.13,6583.13,12.62,1,1,4,0,1581.64,0
CUST-5141,54,Female,Rural,35,Two-Year,2023-10-03,67.7,7,12,503.8,55.8,78.28,2604.5,2604.5,1.93,0,1,3,0,1014.51,0
CUST-5142,53,Female,Urban,17,Two-Year,2025-04-03,84.1,7,18,344.0,8.8,47.15,791.1,791.1,10.3,3,2,1,0,181.06,0
CUST-5143,71,Female,Urban,3,Two-Year,2026-06-02,80.2,5,16,518.8,3.5,29.35,84.42,84.42,17.86,3,1,3,1,380.38,1
CUST-5144,36,Male,Suburban,12,Month-to-Month,2025-09-02,76.6,6,16,788.5,137.6,63.43,767.17,767.17,9.22,3,1,3,0,822.05,1
CUST-5145,44,Female,Suburban,26,Two-Year,2024-07-03,74.4,5,20,451.6,123.6,45.04,1167.97,1167.97,5.89,2,1,3,0,583.72,0
CUST-5146,70,Female,Suburban,11,One-Year,2025-10-02,126.4,5,31,323.1,37.0,80.35,880.22,880.22,24.75,4,0,2,0,771.36,0
CUST-5147,51,Female,Urban,9,Two-Year,2025-12-02,71.4,5,16,738.4,6.0,101.9,938.66,938.66,55.71,2,0,4,1,1956.48,0
CUST-5148,28,Male,Urban,25,Month-to-Month,2024-08-02,94.0,9,26,492.1,32.1,50.63,1260.61,1260.61,42.71,2,1,3,1,656.16,0
CUST-5149,71,Female,Suburban,7,Two-Year,2026-02-01,157.7,4,20,468.6,92.9,100.34,701.41,701.41,19.39,2,1,3,0,1300.41,0
CUST-5150,62,Female,Rural,53,One-Year,2022-04-04,59.6,6,13,183.7,70.4,72.93,3916.56,3916.56,4.63,4,1,3,0,945.17,0
CUST-5151,64,Male,Urban,22,One-Year,2024-11-02,90.8,7,8,471.0,130.2,58.34,1257.98,1257.98,108.45,3,1,2,0,504.06,1
CUST-5152,29,Male,Rural,29,Month-to-Month,2024-04-03,92.3,12,24,607.4,90.4,53.24,1611.49,1611.49,14.37,0,0,4,0,1022.21,0
CUST-5153,71,Male,Urban,6,Month-to-Month,2026-03-03,84.7,5,22,360.2,26.0,99.99,586.83,586.83,3.81,1,1,3,0,1295.87,1
CUST-5154,38,Male,Rural,13,Two-Year,2025-08-02,86.2,11,18,408.5,27.1,42.6,576.71,576.71,14.36,0,0,4,0,817.92,0
CUST-5155,71,Male,Suburban,18,Month-to-Month,2025-03-03,58.6,9,20,457.4,67.8,98.8,1834.19,1834.19,41.8,0,0,4,1,1896.96,0
CUST-5156,28,Female,Urban,55,Month-to-Month,2022-02-02,95.8,5,16,463.1,24.1,50.54,2892.62,2892.62,10.12,2,0,4,1,970.37,0
CUST-5157,56,Male,Suburban,49,Two-Year,2022-08-04,29.9,10,13,486.8,131.5,144.32,6847.7,6847.7,7.07,3,1,3,1,1870.39,1
CUST-5158,45,Male,Urban,9,Month-to-Month,2025-12-02,138.9,4,18,765.0,25.8,34.62,303.21,303.21,10.71,2,1,4,1,598.23,0
CUST-5159,22,Female,Urban,32,Month-to-Month,2024-01-03,136.4,7,21,364.9,43.6,76.06,2518.58,2518.58,28.08,1,0,4,1,1460.35,0
CUST-5160,34,Male,Urban,10,Month-to-Month,2025-11-01,75.1,6,11,331.4,2.9,113.0,1181.66,1181.66,72.66,4,2,2,0,867.84,1
CUST-5161,37,Male,Urban,72,Month-to-Month,2020-09-04,116.6,5,16,303.7,8.2,112.38,8296.24,8296.24,4.96,3,2,1,0,431.54,1
CUST-5162,58,Female,Urban,72,Month-to-Month,2020-09-04,76.2,11,23,392.1,9.2,43.03,3140.92,3140.92,5.43,3,1,3,0,557.67,1
CUST-5163,63,Female,Suburban,28,Month-to-Month,2024-05-03,85.3,5,20,254.5,27.4,51.74,1493.54,1493.54,19.58,1,0,4,1,993.41,0
CUST-5164,29,Female,Suburban,40,Month-to-Month,2023-05-04,64.6,10,15,410.0,8.1,89.04,3398.34,3398.34,4.69,5,0,2,1,854.78,1
CUST-5165,23,Female,Urban,54,One-Year,2022-03-05,109.6,5,27,595.2,39.7,109.64,6130.35,6130.35,135.47,0,1,3,0,1420.93,0
CUST-5166,34,Male,Rural,42,Two-Year,2023-03-05,67.6,10,10,631.8,20.4,114.57,4706.62,4706.62,73.82,0,0,4,1,2199.74,0
CUST-5167,68,Female,Suburban,40,Month-to-Month,2023-05-04,108.6,9,21,260.7,20.7,99.46,3802.02,3802.02,2.34,0,1,4,0,1718.67,0
CUST-5168,36,Male,Rural,72,Month-to-Month,2020-09-04,83.7,3,19,383.1,38.3,120.81,8856.28,8856.28,83.08,0,1,3,0,1565.7,0
CUST-5169,43,Female,Suburban,30,Month-to-Month,2024-03-03,84.5,11,16,546.6,125.0,94.34,2901.74,2901.74,11.71,1,0,3,1,1358.5,0
CUST-5170,65,Male,Urban,34,Two-Year,2023-11-03,40.3,7,19,341.7,93.2,103.45,3562.03,3562.03,13.65,0,0,5,0,2482.8,0
CUST-5171,61,Female,Urban,63,Two-Year,2021-06-04,86.8,2,15,620.9,139.9,95.8,5944.95,5944.95,14.46,1,1,3,0,1241.57,0
CUST-5172,61,Female,Suburban,37,Month-to-Month,2023-08-04,50.6,4,22,418.5,300.5,157.58,5607.27,5607.27,2.54,0,0,4,0,3025.54,0
CUST-5173,69,Female,Urban,44,Month-to-Month,2023-01-03,86.8,4,19,155.5,2.0,45.4,2051.33,2051.33,52.78,1,0,5,0,1089.6,0
CUST-5174,49,Male,Urban,9,One-Year,2025-12-02,143.2,6,21,516.9,76.7,65.53,563.07,563.07,7.05,0,0,4,1,1258.18,0
CUST-5175,23,Male,Urban,16,One-Year,2025-05-03,43.3,4,19,591.1,8.3,122.48,2010.57,2010.57,8.16,1,0,3,0,1763.71,0
CUST-5176,53,Female,Urban,6,Month-to-Month,2026-03-03,80.6,4,21,293.3,179.5,134.08,841.28,841.28,51.23,2,1,3,1,1737.68,1
CUST-5177,55,Female,Urban,24,One-Year,2024-09-02,65.9,5,17,357.3,16.7,112.05,2822.8,2822.8,2.17,3,0,2,0,1075.68,1
CUST-5178,28,Male,Urban,20,One-Year,2025-01-01,53.8,4,13,339.0,28.0,40.6,803.58,803.58,14.33,3,3,1,0,136.42,1
CUST-5179,50,Female,Urban,72,Two-Year,2020-09-04,61.3,0,19,505.6,251.3,118.4,8191.19,8191.19,28.82,3,1,3,0,1534.46,0
CUST-5180,41,Female,Suburban,32,Month-to-Month,2024-01-03,129.1,3,34,303.8,131.2,109.58,3364.38,3364.38,4.31,0,0,5,0,2629.92,0
CUST-5181,40,Male,Suburban,51,Two-Year,2022-06-04,137.1,3,17,418.4,3.1,115.16,5868.19,5868.19,19.39,0,1,4,1,1989.96,0
CUST-5182,32,Female,Urban,14,Month-to-Month,2025-07-03,53.6,6,18,258.8,3.1,74.02,1066.51,1066.51,15.28,0,2,3,0,852.71,1
CUST-5183,44,Female,Urban,59,One-Year,2021-10-04,97.0,4,25,411.5,111.0,103.84,5849.56,5849.56,13.59,1,0,4,0,1993.73,0
CUST-5184,28,Male,Urban,32,One-Year,2024-01-03,57.4,6,26,440.5,4.7,53.12,1643.46,1643.46,11.04,1,0,5,1,1274.88,0
CUST-5185,68,Male,Urban,40,Month-to-Month,2023-05-04,64.7,2,11,361.7,124.1,139.3,5621.38,5621.38,14.5,3,0,4,0,2674.56,0
CUST-5186,67,Female,Urban,12,One-Year,2025-09-02,23.5,3,12,136.3,168.0,155.3,1786.35,1786.35,17.41,1,1,3,0,2012.69,0
CUST-5187,34,Female,Urban,27,Month-to-Month,2024-06-03,149.0,6,15,800.1,2.0,78.68,2204.75,2204.75,4.8,0,0,4,0,1510.66,0
CUST-5188,68,Male,Suburban,34,Month-to-Month,2023-11-03,117.9,7,17,518.5,16.2,77.71,2642.96,2642.96,8.15,0,1,3,0,1007.12,0
CUST-5189,70,Female,Urban,30,Month-to-Month,2024-03-03,65.4,7,24,337.3,2.0,63.05,1870.1,1870.1,84.47,2,0,3,0,907.92,0
CUST-5190,31,Female,Urban,72,Month-to-Month,2020-09-04,93.5,5,20,513.2,4.9,56.42,3864.5,3864.5,101.21,3,0,2,0,541.63,1
CUST-5191,44,Female,Urban,72,Month-to-Month,2020-09-04,73.0,6,19,592.9,49.6,96.08,6650.03,6650.03,171.86,1,0,4,0,1844.74,0
CUST-5192,35,Male,Suburban,72,Two-Year,2020-09-04,113.4,3,17,534.8,85.1,57.18,4251.83,4251.83,22.8,2,0,3,1,823.39,0
CUST-5193,45,Female,Rural,37,Month-to-Month,2023-08-04,74.8,10,20,578.0,42.4,99.14,3741.16,3741.16,5.1,0,0,4,0,1903.49,0
CUST-5194,68,Male,Suburban,72,Month-to-Month,2020-09-04,79.2,4,16,636.6,31.7,94.31,6464.65,6464.65,40.3,1,0,4,0,1810.75,0
CUST-5195,64,Male,Suburban,59,Month-to-Month,2021-10-04,65.1,6,18,303.8,15.1,107.08,6617.16,6617.16,96.67,2,2,3,0,1233.56,1
CUST-5196,64,Male,Urban,11,Month-to-Month,2025-10-02,103.1,7,12,392.0,17.5,53.59,580.84,580.84,1.1,3,0,3,1,771.7,1
CUST-5197,21,Male,Urban,19,Month-to-Month,2025-02-01,151.3,4,18,464.2,56.8,114.24,2193.65,2193.65,0.78,1,2,2,0,877.36,1
CUST-5198,24,Female,Rural,9,Month-to-Month,2025-12-02,76.5,9,14,522.6,125.9,45.83,421.65,421.65,33.18,0,2,4,0,703.95,0
CUST-5199,62,Male,Urban,1,Month-to-Month,2026-08-02,76.1,7,19,506.1,33.7,91.51,95.69,95.69,1.41,4,1,2,0,790.65,1
CUST-5200,52,Female,Rural,7,Month-to-Month,2026-02-01,84.2,8,24,70.0,182.5,149.44,1086.92,1086.92,17.39,1,2,3,0,1721.55,1
CUST-5201,65,Male,Suburban,1,One-Year,2026-08-02,92.8,3,19,961.7,3.5,109.22,110.28,110.28,16.59,2,0,4,1,2097.02,0
CUST-5202,26,Male,Suburban,42,One-Year,2023-03-05,76.0,4,30,750.5,114.9,140.08,5671.18,5671.18,3.65,3,0,3,2,2017.15,1
CUST-5203,25,Female,Urban,19,Month-to-Month,2025-02-01,73.2,5,22,350.1,26.9,46.09,905.92,905.92,47.95,1,1,3,0,597.33,1
CUST-5204,69,Female,Suburban,13,Month-to-Month,2025-08-02,87.5,6,22,571.2,132.0,127.47,1709.6,1709.6,4.03,2,0,3,0,1835.57,1
CUST-5205,62,Male,Urban,48,Two-Year,2022-09-03,32.5,6,15,324.1,163.7,103.5,5037.13,5037.13,11.2,4,2,1,1,397.44,1
CUST-5206,34,Female,Urban,59,Month-to-Month,2021-10-04,68.6,10,17,266.2,78.3,73.92,4574.65,4574.65,45.47,1,1,3,0,958.0,0
CUST-5207,34,Male,Urban,72,Two-Year,2020-09-04,25.0,7,19,290.0,28.5,70.19,5067.98,5067.98,33.7,2,0,4,1,1347.65,0
CUST-5208,66,Male,Rural,34,Month-to-Month,2023-11-03,70.2,3,17,364.4,39.7,42.68,1409.58,1409.58,22.39,2,0,3,1,614.59,1
CUST-5209,50,Female,Urban,21,Month-to-Month,2024-12-02,56.6,3,23,531.3,52.2,112.97,2313.95,2313.95,1.76,1,2,3,0,1301.41,1
CUST-5210,49,Female,Urban,12,One-Year,2025-09-02,103.8,9,24,540.4,40.3,103.71,1232.9,1232.9,50.4,1,1,4,0,1792.11,0
CUST-5211,25,Male,Urban,9,Two-Year,2025-12-02,62.9,7,13,412.0,101.8,57.82,516.36,516.36,61.08,2,1,3,0,749.35,0
CUST-5212,36,Female,Suburban,8,Month-to-Month,2026-01-01,74.0,6,19,160.8,96.0,101.98,842.86,842.86,3.77,0,1,4,0,1762.21,0
CUST-5213,55,Female,Suburban,18,Month-to-Month,2025-03-03,20.6,5,15,529.8,2.0,40.21,751.79,751.79,149.91,2,0,3,0,579.02,1
CUST-5214,20,Male,Suburban,72,Month-to-Month,2020-09-04,115.7,9,20,701.0,10.7,62.64,4457.19,4457.19,14.94,0,0,4,0,1202.69,0
CUST-5215,22,Female,Urban,1,Two-Year,2026-08-02,52.4,9,14,410.4,29.4,34.48,36.02,36.02,19.33,0,0,4,0,662.02,0
CUST-5216,30,Female,Urban,8,One-Year,2026-01-01,70.5,5,22,438.2,72.5,107.3,895.15,895.15,18.73,1,0,3,0,1545.12,0
CUST-5217,64,Female,Suburban,7,Month-to-Month,2026-02-01,108.3,7,13,827.1,17.0,28.97,200.98,200.98,35.08,2,2,2,3,222.49,0
CUST-5218,63,Male,Urban,42,Month-to-Month,2023-03-05,108.5,4,19,607.2,25.3,58.78,2559.63,2559.63,29.8,3,0,3,1,846.43,0
CUST-5219,48,Female,Rural,15,Month-to-Month,2025-06-02,51.7,3,13,281.0,40.3,61.72,889.95,889.95,28.8,3,1,3,0,799.89,1
CUST-5220,33,Male,Suburban,21,Month-to-Month,2024-12-02,100.8,6,20,249.9,57.9,119.74,2517.36,2517.36,53.21,1,2,2,0,919.6,1
CUST-5221,67,Female,Urban,6,Month-to-Month,2026-03-03,50.5,10,19,229.0,150.8,99.45,609.39,609.39,92.08,1,0,4,0,1909.44,0
CUST-5222,49,Female,Urban,18,One-Year,2025-03-03,92.0,5,22,518.3,106.1,106.84,1893.42,1893.42,60.36,3,1,2,0,923.1,0
CUST-5223,39,Male,Suburban,4,Month-to-Month,2026-05-03,61.5,9,13,738.6,28.9,57.99,220.9,220.9,44.67,2,0,3,0,835.06,0
CUST-5224,46,Female,Urban,26,Month-to-Month,2024-07-03,54.5,4,14,553.0,95.0,102.22,2539.57,2539.57,1.82,1,1,3,0,1324.77,0
CUST-5225,39,Female,Urban,4,One-Year,2026-05-03,86.1,5,12,277.0,116.2,59.59,247.76,247.76,10.0,1,1,4,1,1029.72,0
CUST-5226,60,Female,Suburban,52,Month-to-Month,2022-05-05,63.3,6,11,604.0,48.0,146.33,7623.23,7623.23,3.88,1,2,3,0,1685.72,1
CUST-5227,20,Male,Urban,28,Month-to-Month,2024-05-03,145.6,6,18,306.9,22.8,87.87,2374.81,2374.81,67.52,3,1,3,1,1138.8,1
CUST-5228,71,Male,Suburban,43,Month-to-Month,2023-02-02,66.5,8,26,899.4,186.3,154.07,6891.41,6891.41,36.96,1,0,3,1,2218.61,1
CUST-5229,27,Female,Urban,18,Month-to-Month,2025-03-03,49.2,9,24,349.3,213.0,69.1,1298.8,1298.8,1.2,3,1,3,2,895.54,1
CUST-5230,59,Male,Suburban,16,Two-Year,2025-05-03,58.0,1,13,257.8,16.5,95.38,1499.54,1499.54,44.96,1,0,3,0,1373.47,0
CUST-5231,38,Female,Urban,4,One-Year,2026-05-03,84.5,7,13,504.9,99.9,117.16,472.67,472.67,14.39,0,0,3,1,1687.1,0
CUST-5232,33,Male,Urban,25,Month-to-Month,2024-08-02,88.4,6,25,610.2,2.8,116.15,2853.17,2853.17,27.44,1,0,4,1,2230.08,1
CUST-5233,29,Male,Rural,24,Month-to-Month,2024-09-02,94.3,7,22,515.7,2.0,81.18,1992.21,1992.21,30.34,5,0,3,1,1168.99,1
CUST-5234,19,Male,Suburban,21,Month-to-Month,2024-12-02,112.3,11,10,508.7,28.2,33.37,732.16,732.16,6.2,2,1,3,0,432.48,0
CUST-5235,58,Male,Urban,45,One-Year,2022-12-03,34.9,7,15,571.7,40.4,61.09,2619.26,2619.26,17.81,4,1,3,0,791.73,0
CUST-5236,41,Female,Urban,59,Month-to-Month,2021-10-04,113.7,1,23,465.2,51.4,64.98,3822.65,3822.65,19.46,1,1,5,1,1403.57,0
CUST-5237,52,Male,Suburban,46,Month-to-Month,2022-11-03,57.6,7,18,522.7,30.9,66.25,3138.64,3138.64,33.4,0,0,4,2,1272.0,0
CUST-5238,47,Male,Urban,6,Month-to-Month,2026-03-03,97.0,8,17,594.0,9.0,36.95,225.89,225.89,77.14,2,0,4,1,709.44,0
CUST-5239,47,Male,Rural,32,Month-to-Month,2024-01-03,136.6,4,15,229.6,27.5,29.2,904.71,904.71,33.43,2,1,2,0,252.29,0
CUST-5240,64,Female,Rural,3,One-Year,2026-06-02,61.1,3,20,405.4,112.1,101.58,301.45,301.45,40.28,1,2,2,0,780.13,0
CUST-5241,52,Male,Suburban,39,Two-Year,2023-06-04,59.8,2,30,579.3,26.6,113.72,4421.01,4421.01,38.24,6,1,2,1,982.54,1
CUST-5242,36,Female,Urban,16,Two-Year,2025-05-03,54.3,4,16,176.7,58.3,60.21,986.96,986.96,3.09,1,0,4,0,1156.03,0
CUST-5243,67,Female,Urban,5,Month-to-Month,2026-04-02,74.9,4,16,513.0,74.2,115.92,577.23,577.23,12.47,1,0,4,0,2225.66,0
CUST-5244,25,Female,Suburban,66,One-Year,2021-03-05,123.0,7,22,362.9,85.7,121.93,7897.69,7897.69,17.98,1,0,3,0,1755.79,0
CUST-5245,43,Female,Urban,32,One-Year,2024-01-03,51.6,7,18,405.0,43.5,78.82,2500.8,2500.8,20.57,2,0,5,1,1891.68,0
CUST-5246,66,Female,Urban,15,Two-Year,2025-06-02,70.2,6,16,455.5,8.7,86.69,1361.06,1361.06,64.58,0,0,5,0,2080.56,0
CUST-5247,57,Female,Urban,2,Month-to-Month,2026-07-03,114.3,8,17,166.7,150.0,83.61,159.64,159.64,26.09,4,0,3,1,1203.98,1
CUST-5248,24,Male,Urban,26,One-Year,2024-07-03,103.7,5,15,348.2,19.6,71.09,1817.62,1817.62,59.16,0,2,2,0,545.97,0
CUST-5249,47,Male,Urban,72,Month-to-Month,2020-09-04,70.0,6,17,686.4,26.9,96.78,6757.71,6757.71,82.95,2,0,4,2,1858.18,0
CUST-5250,24,Male,Urban,30,One-Year,2024-03-03,78.7,7,19,96.8,96.6,81.11,2409.09,2409.09,41.67,2,2,3,0,934.39,1
CUST-5251,20,Female,Suburban,72,Month-to-Month,2020-09-04,112.5,5,20,740.3,93.7,96.68,7020.65,7020.65,4.21,1,1,3,1,1252.97,0
CUST-5252,18,Female,Urban,5,One-Year,2026-04-02,132.5,6,19,346.7,147.4,132.64,642.92,642.92,7.85,4,0,4,1,2546.69,1
CUST-5253,53,Female,Urban,28,Two-Year,2024-05-03,136.0,6,19,345.1,2.2,136.26,3787.24,3787.24,61.62,1,1,3,0,1765.93,1
CUST-5254,42,Male,Urban,53,Month-to-Month,2022-04-04,126.4,5,12,467.4,134.9,147.71,8085.29,8085.29,29.04,4,1,2,0,1276.21,1
CUST-5255,54,Female,Suburban,25,Month-to-Month,2024-08-02,64.9,4,23,709.3,102.1,145.49,3688.94,3688.94,25.39,0,0,5,2,3491.76,1
CUST-5256,18,Male,Urban,4,Month-to-Month,2026-05-03,139.6,6,15,208.1,48.4,137.05,558.03,558.03,121.39,4,2,1,1,526.27,1
CUST-5257,32,Male,Suburban,29,Month-to-Month,2024-04-03,62.8,8,14,354.3,11.3,54.47,1649.19,1649.19,16.05,2,0,3,0,784.37,0
CUST-5258,54,Male,Rural,32,Month-to-Month,2024-01-03,35.5,7,19,582.4,51.2,141.51,4487.09,4487.09,1.46,1,1,3,0,1833.97,1
CUST-5259,30,Male,Urban,43,Month-to-Month,2023-02-02,88.4,10,18,589.3,14.0,52.67,2377.6,2377.6,10.31,2,0,3,0,758.45,0
CUST-5260,57,Female,Urban,48,Two-Year,2022-09-03,129.3,4,20,775.2,217.8,157.06,7449.95,7449.95,11.73,0,0,3,0,2261.66,0
CUST-5261,25,Male,Urban,49,Month-to-Month,2022-08-04,104.9,10,18,254.6,80.2,103.85,4927.18,4927.18,25.14,1,1,3,0,1345.9,0
CUST-5262,22,Male,Rural,36,One-Year,2023-09-03,82.8,4,14,237.7,59.0,130.29,4834.67,4834.67,0.25,0,0,4,0,2501.57,0
CUST-5263,26,Female,Suburban,8,Two-Year,2026-01-01,93.7,8,25,599.7,109.1,154.32,1235.79,1235.79,155.57,0,0,5,0,3703.68,0
CUST-5264,18,Female,Rural,18,Two-Year,2025-03-03,101.0,5,18,331.3,49.4,133.12,2359.01,2359.01,2.24,4,0,3,0,1916.93,0
CUST-5265,53,Female,Urban,50,One-Year,2022-07-04,89.4,5,14,530.1,4.0,119.5,5823.43,5823.43,9.25,2,1,3,1,1548.72,0
CUST-5266,52,Male,Rural,72,Month-to-Month,2020-09-04,76.1,6,26,578.1,19.5,51.67,3839.84,3839.84,39.06,2,0,3,2,744.05,0
CUST-5267,19,Female,Urban,3,One-Year,2026-06-02,62.8,5,23,155.1,260.0,162.89,491.8,491.8,132.91,0,0,4,1,3127.49,0
CUST-5268,57,Female,Urban,26,Month-to-Month,2024-07-03,88.4,8,16,780.7,123.7,62.61,1648.11,1648.11,25.1,1,1,3,0,811.43,0
CUST-5269,40,Male,Rural,13,Two-Year,2025-08-02,81.3,15,21,514.0,170.5,109.54,1418.65,1418.65,14.64,2,1,3,1,1419.64,0
CUST-5270,26,Female,Rural,9,One-Year,2025-12-02,85.1,2,15,345.2,6.7,83.77,732.4,732.4,6.21,0,0,5,0,2010.48,0
CUST-5271,51,Male,Urban,24,One-Year,2024-09-02,116.4,7,17,469.3,18.5,87.43,2064.24,2064.24,81.78,1,1,3,0,1133.09,0
CUST-5272,63,Male,Urban,31,Month-to-Month,2024-02-02,77.6,6,25,486.6,4.2,108.8,3247.57,3247.57,1.8,1,1,3,1,1410.05,0
CUST-5273,31,Female,Urban,1,One-Year,2026-08-02,78.8,8,19,495.8,112.2,87.38,85.99,85.99,2.54,2,4,2,1,503.31,1
CUST-5274,21,Female,Urban,50,One-Year,2022-07-04,90.7,6,18,607.9,12.4,79.38,4132.8,4132.8,2.31,2,0,4,0,1524.1,0
CUST-5275,47,Male,Urban,57,Two-Year,2021-12-04,163.8,7,19,348.0,34.3,105.93,6083.21,6083.21,21.99,2,0,4,0,2033.86,0
CUST-5276,48,Female,Rural,72,Month-to-Month,2020-09-04,52.2,8,25,479.9,20.4,106.53,7322.09,7322.09,93.67,3,1,2,0,920.42,0
CUST-5277,55,Female,Suburban,7,Two-Year,2026-02-01,117.8,8,15,395.2,173.2,101.29,727.76,727.76,28.4,1,0,3,0,1458.58,0
CUST-5278,28,Female,Suburban,30,Month-to-Month,2024-03-03,76.0,7,22,513.0,60.9,40.14,1236.43,1236.43,15.33,0,0,5,0,963.36,0
CUST-5279,52,Male,Suburban,19,One-Year,2025-02-01,83.2,8,13,479.0,104.5,70.46,1373.48,1373.48,9.54,1,0,3,0,1014.62,0
CUST-5280,25,Female,Urban,14,One-Year,2025-07-03,45.6,7,10,84.6,59.9,142.55,2018.96,2018.96,25.29,2,1,3,0,1847.45,0
CUST-5281,20,Male,Suburban,28,Month-to-Month,2024-05-03,141.4,8,20,331.0,61.6,140.9,3760.37,3760.37,20.39,2,1,3,1,1826.06,1
CUST-5282,31,Female,Suburban,51,Month-to-Month,2022-06-04,91.7,7,17,125.6,31.4,104.42,5262.92,5262.92,3.43,2,0,3,0,1503.65,0
CUST-5283,30,Male,Urban,1,One-Year,2026-08-02,104.8,6,10,770.1,17.8,48.97,48.11,48.11,0.22,1,0,3,0,705.17,0
CUST-5284,62,Male,Suburban,72,Month-to-Month,2020-09-04,40.0,9,29,616.3,27.8,40.18,2754.43,2754.43,31.64,0,0,4,0,771.46,0
CUST-5285,49,Female,Urban,55,Month-to-Month,2022-02-02,65.7,7,17,223.6,22.7,137.6,7254.43,7254.43,68.41,2,2,3,0,1585.15,1
CUST-5286,51,Male,Suburban,46,One-Year,2022-11-03,97.4,6,20,601.2,76.4,136.87,6245.92,6245.92,32.85,0,0,4,0,2627.9,0
CUST-5287,62,Male,Rural,47,Two-Year,2022-10-04,80.2,6,19,368.6,35.7,76.12,3713.86,3713.86,13.83,1,0,3,0,1096.13,0
CUST-5288,36,Male,Urban,17,One-Year,2025-04-03,98.4,12,13,481.6,51.9,105.19,1870.8,1870.8,5.82,3,0,3,2,1514.74,1
CUST-5289,55,Female,Suburban,46,Month-to-Month,2022-11-03,148.1,9,19,85.2,95.8,144.5,6808.81,6808.81,47.02,6,2,1,0,554.88,1
CUST-5290,33,Male,Urban,17,Month-to-Month,2025-04-03,100.1,6,22,524.2,20.2,43.91,725.99,725.99,42.39,1,1,3,0,569.07,1
CUST-5291,19,Female,Suburban,72,One-Year,2020-09-04,71.5,6,25,525.0,35.8,103.54,7769.27,7769.27,65.68,2,0,4,1,1987.97,0
CUST-5292,57,Male,Urban,7,One-Year,2026-02-01,65.5,7,14,127.0,47.6,137.89,1011.37,1011.37,142.34,1,1,3,0,1787.05,1
CUST-5293,34,Male,Urban,12,One-Year,2025-09-02,62.0,6,25,681.6,3.6,121.74,1450.69,1450.69,4.16,2,1,3,0,1577.75,1
CUST-5294,51,Male,Urban,27,One-Year,2024-06-03,72.2,6,24,658.3,10.7,59.63,1613.54,1613.54,10.76,1,1,3,0,772.8,0
CUST-5295,59,Male,Suburban,13,Month-to-Month,2025-08-02,73.4,8,25,484.5,4.3,135.13,1729.64,1729.64,14.74,4,3,1,1,454.04,1
CUST-5296,33,Male,Urban,19,Month-to-Month,2025-02-01,88.6,5,26,379.1,90.7,61.97,1218.88,1218.88,27.0,4,0,2,0,594.91,1
CUST-5297,55,Male,Rural,23,Two-Year,2024-10-02,100.8,6,20,397.2,23.2,52.46,1182.17,1182.17,1.91,1,1,4,1,906.51,0
CUST-5298,19,Female,Urban,64,Month-to-Month,2021-05-05,98.1,4,14,746.4,35.7,41.46,2549.61,2549.61,11.29,2,1,3,0,537.32,0
CUST-5299,19,Female,Rural,25,One-Year,2024-08-02,89.0,6,19,778.3,72.5,49.46,1231.06,1231.06,55.32,2,1,3,1,641.0,0
CUST-5300,43,Male,Suburban,15,Two-Year,2025-06-02,91.0,4,18,350.7,220.7,145.69,2113.13,2113.13,1.74,2,0,4,0,2797.25,0
CUST-5301,30,Male,Urban,10,Two-Year,2025-11-01,161.1,5,16,136.4,108.3,72.97,724.66,724.66,59.61,2,1,2,0,630.46,1
CUST-5302,64,Female,Urban,18,One-Year,2025-03-03,63.3,4,16,425.1,3.9,125.53,2278.84,2278.84,7.14,0,1,3,1,1626.87,1
CUST-5303,48,Male,Suburban,24,Month-to-Month,2024-09-02,83.9,7,17,680.5,23.7,127.18,3144.68,3144.68,12.74,1,2,3,0,1465.11,0
CUST-5304,51,Male,Suburban,46,Two-Year,2022-11-03,31.4,6,21,332.0,3.3,38.89,1823.29,1823.29,44.31,1,3,1,0,130.67,0
CUST-5305,56,Female,Suburban,5,One-Year,2026-04-02,73.5,7,13,263.1,4.1,86.84,444.56,444.56,50.63,3,1,3,0,1125.45,0
CUST-5306,20,Female,Urban,9,Month-to-Month,2025-12-02,58.0,7,15,791.0,8.9,111.37,1011.4,1011.4,8.29,2,0,3,0,1603.73,1
CUST-5307,25,Female,Urban,16,One-Year,2025-05-03,63.1,11,24,187.5,25.2,107.28,1644.62,1644.62,18.19,5,1,1,1,463.45,1
CUST-5308,40,Male,Rural,15,Month-to-Month,2025-06-02,49.4,7,15,703.2,17.1,39.49,614.86,614.86,9.69,3,0,2,0,379.1,1
CUST-5309,31,Male,Urban,17,Two-Year,2025-04-03,44.4,3,14,456.6,28.2,66.23,1148.22,1148.22,25.2,1,1,3,0,858.34,0
CUST-5310,44,Female,Urban,52,Month-to-Month,2022-05-05,88.7,7,13,438.1,112.2,112.21,6004.07,6004.07,36.98,0,3,2,0,754.05,1
CUST-5311,71,Male,Urban,13,One-Year,2025-08-02,106.3,8,15,529.2,103.9,107.78,1462.92,1462.92,11.02,1,1,4,2,1862.44,0
CUST-5312,46,Female,Suburban,23,Two-Year,2024-10-02,61.9,6,15,433.3,28.1,122.82,2957.1,2957.1,21.71,0,1,5,0,2652.91,0
CUST-5313,56,Female,Suburban,33,One-Year,2023-12-03,24.2,5,17,436.8,70.1,41.96,1448.86,1448.86,26.86,0,2,3,0,483.38,0
CUST-5314,70,Male,Urban,9,One-Year,2025-12-02,88.3,9,16,292.8,30.3,84.79,745.53,745.53,19.0,1,0,3,0,1220.98,0
CUST-5315,56,Female,Urban,42,Two-Year,2023-03-05,99.1,4,16,384.8,31.7,127.38,5538.08,5538.08,25.25,2,0,4,0,2445.7,0
CUST-5316,18,Female,Urban,27,Month-to-Month,2024-06-03,105.2,6,15,572.9,73.2,150.25,4242.82,4242.82,5.44,0,0,4,0,2884.8,0
CUST-5317,34,Female,Urban,20,Month-to-Month,2025-01-01,54.4,3,16,234.8,31.5,44.51,908.57,908.57,1.45,2,0,5,0,1068.24,0
CUST-5318,58,Male,Urban,55,Two-Year,2022-02-02,66.8,6,12,607.2,51.8,107.05,6014.88,6014.88,2.28,4,1,2,1,924.91,1
CUST-5319,47,Male,Rural,10,Month-to-Month,2025-11-01,51.7,8,20,417.0,8.0,26.35,273.62,273.62,126.19,2,1,3,1,341.5,1
CUST-5320,70,Female,Urban,71,Month-to-Month,2020-10-04,62.8,5,17,234.3,50.3,72.74,5054.82,5054.82,2.69,2,1,4,0,1256.95,0
CUST-5321,30,Male,Urban,28,Month-to-Month,2024-05-03,61.3,9,19,427.5,88.1,89.36,2424.98,2424.98,17.07,1,2,2,0,686.28,0
CUST-5322,38,Female,Rural,31,Month-to-Month,2024-02-02,69.7,2,17,525.7,142.5,86.15,2653.81,2653.81,54.9,0,0,4,0,1654.08,0
CUST-5323,36,Male,Urban,69,One-Year,2020-12-04,77.5,5,27,308.3,10.4,98.37,7092.89,7092.89,66.54,2,3,2,0,661.05,0
CUST-5324,70,Male,Suburban,56,One-Year,2022-01-03,88.4,4,12,704.0,34.4,31.92,1708.95,1708.95,10.94,3,0,3,1,459.65,0
CUST-5325,36,Male,Urban,31,Month-to-Month,2024-02-02,59.6,5,15,613.6,43.3,135.94,4189.91,4189.91,35.76,2,0,4,0,2610.05,1
CUST-5326,42,Female,Urban,46,Two-Year,2022-11-03,80.8,3,21,564.3,152.9,84.56,3963.98,3963.98,45.05,1,0,3,0,1217.66,0
CUST-5327,39,Male,Rural,19,Month-to-Month,2025-02-01,57.8,5,24,405.6,19.3,45.19,871.6,871.6,86.65,1,0,4,1,867.65,0
CUST-5328,48,Male,Suburban,27,One-Year,2024-06-03,32.3,2,24,601.9,11.8,76.58,2131.74,2131.74,76.98,1,1,3,1,992.48,0
CUST-5329,34,Male,Urban,3,Month-to-Month,2026-06-02,101.2,3,18,657.7,9.9,85.6,250.88,250.88,19.99,1,0,4,0,1643.52,0
CUST-5330,40,Female,Suburban,4,One-Year,2026-05-03,65.1,2,20,341.2,10.9,32.62,127.01,127.01,27.28,1,1,4,0,563.67,1
CUST-5331,49,Male,Rural,59,Month-to-Month,2021-10-04,33.0,12,19,448.5,132.4,136.75,8332.44,8332.44,56.49,3,0,2,0,1312.8,1
CUST-5332,27,Female,Urban,3,Month-to-Month,2026-06-02,101.8,6,21,421.0,62.9,119.23,369.34,369.34,31.96,1,1,4,2,2060.29,1
CUST-5333,27,Female,Urban,7,Two-Year,2026-02-01,77.5,7,21,413.3,35.5,89.18,608.58,608.58,15.4,1,1,3,1,1155.77,0
CUST-5334,53,Male,Rural,53,Month-to-Month,2022-04-04,98.6,7,18,702.5,131.0,66.04,3479.21,3479.21,105.12,6,0,3,0,950.98,1
CUST-5335,25,Female,Urban,1,Two-Year,2026-08-02,97.6,6,18,664.9,23.0,135.01,134.36,134.36,213.07,0,0,4,0,2592.19,0
CUST-5336,71,Male,Suburban,11,One-Year,2025-10-02,52.2,3,15,635.0,170.9,141.96,1563.63,1563.63,94.63,1,1,4,1,2453.07,0
CUST-5337,69,Female,Suburban,29,Month-to-Month,2024-04-03,112.9,5,20,558.0,92.5,65.75,1970.9,1970.9,14.85,1,0,4,1,1262.4,0
CUST-5338,37,Female,Suburban,30,One-Year,2024-03-03,30.0,9,13,458.9,2.0,109.94,3332.3,3332.3,9.71,2,0,4,0,2110.85,0
CUST-5339,49,Male,Urban,50,Month-to-Month,2022-07-04,73.1,5,20,420.4,40.4,42.71,2139.39,2139.39,23.78,0,0,4,0,820.03,0
CUST-5340,67,Male,Urban,24,Month-to-Month,2024-09-02,71.1,5,24,530.4,120.1,56.64,1330.74,1330.74,53.77,1,0,4,0,1087.49,0
CUST-5341,31,Male,Suburban,24,Two-Year,2024-09-02,61.7,9,25,168.8,32.8,81.05,1855.8,1855.8,11.02,3,0,4,0,1556.16,0
CUST-5342,67,Female,Urban,43,Month-to-Month,2023-02-02,121.8,8,19,611.0,283.0,148.15,6636.81,6636.81,18.27,3,1,3,1,1920.02,1
CUST-5343,45,Male,Urban,23,One-Year,2024-10-02,94.0,5,13,624.0,121.8,148.77,3495.69,3495.69,5.75,2,1,3,0,1928.06,1
CUST-5344,63,Female,Urban,31,Month-to-Month,2024-02-02,42.8,5,17,284.4,90.9,150.3,4461.0,4461.0,42.33,1,0,4,0,2885.76,0
CUST-5345,69,Male,Urban,72,One-Year,2020-09-04,47.1,6,16,207.2,9.5,105.99,7476.78,7476.78,46.8,2,0,3,1,1526.26,0
CUST-5346,70,Female,Rural,17,Month-to-Month,2025-04-03,149.6,6,16,548.7,7.4,116.18,2004.1,2004.1,23.95,0,0,4,1,2230.66,0
CUST-5347,41,Male,Urban,16,Month-to-Month,2025-05-03,70.7,4,17,174.4,66.6,93.69,1455.44,1455.44,46.8,1,1,3,1,1214.22,1
CUST-5348,32,Female,Rural,1,Two-Year,2026-08-02,61.1,10,20,504.2,70.4,41.99,40.33,40.33,36.19,3,0,4,1,806.21,1
CUST-5349,39,Male,Urban,32,Month-to-Month,2024-01-03,119.7,7,17,311.8,10.4,40.96,1317.32,1317.32,92.79,3,0,3,0,589.82,0
CUST-5350,47,Female,Suburban,1,One-Year,2026-08-02,31.7,6,11,195.2,125.1,155.4,152.74,152.74,30.91,2,1,3,0,2013.98,1
CUST-5351,21,Male,Urban,24,One-Year,2024-09-02,126.6,6,21,581.0,134.5,90.37,2239.96,2239.96,15.45,2,0,3,0,1301.33,0
CUST-5352,30,Male,Suburban,54,One-Year,2022-03-05,61.1,6,20,703.7,35.0,119.02,6716.76,6716.76,45.78,2,1,3,1,1542.5,0
CUST-5353,40,Male,Suburban,27,One-Year,2024-06-03,100.4,5,21,379.8,60.8,59.48,1620.04,1620.04,2.05,1,1,3,1,770.86,0
CUST-5354,25,Female,Urban,11,Month-to-Month,2025-10-02,70.6,5,18,600.5,46.5,93.25,1047.59,1047.59,22.64,2,0,3,3,1342.8,1
CUST-5355,35,Male,Rural,51,Month-to-Month,2022-06-04,37.8,7,17,312.8,2.4,42.91,2294.2,2294.2,118.3,1,0,3,0,617.9,1
CUST-5356,29,Female,Urban,11,Two-Year,2025-10-02,90.4,6,19,611.1,6.2,118.93,1272.38,1272.38,42.75,2,0,3,1,1712.59,0
CUST-5357,48,Male,Suburban,44,One-Year,2023-01-03,113.4,3,15,362.9,98.4,59.08,2704.76,2704.76,230.37,1,0,4,0,1134.34,0
CUST-5358,31,Female,Rural,31,Month-to-Month,2024-02-02,14.5,1,18,707.9,43.6,112.72,3515.06,3515.06,17.46,3,0,2,1,1082.11,1
CUST-5359,51,Female,Rural,7,Month-to-Month,2026-02-01,50.3,6,15,45.7,61.4,51.56,349.65,349.65,17.47,0,2,3,0,593.97,0
CUST-5360,35,Female,Rural,72,One-Year,2020-09-04,122.1,10,21,356.4,61.7,128.4,9049.89,9049.89,2.15,1,1,4,0,2218.75,0
CUST-5361,51,Male,Urban,8,Two-Year,2026-01-01,96.9,2,19,385.1,31.0,87.49,713.08,713.08,15.66,3,0,4,1,1679.81,0
CUST-5362,28,Male,Urban,72,Two-Year,2020-09-04,98.9,5,13,167.4,2.0,72.73,5457.53,5457.53,5.33,1,2,3,0,837.85,0
CUST-5363,58,Male,Urban,1,Two-Year,2026-08-02,112.9,6,15,578.1,100.5,78.8,75.8,75.8,17.62,3,1,2,0,680.83,0
CUST-5364,29,Male,Urban,11,Month-to-Month,2025-10-02,99.0,0,18,442.3,41.1,110.25,1229.64,1229.64,0.07,3,1,4,1,1905.12,0
CUST-5365,66,Female,Suburban,8,Two-Year,2026-01-01,89.4,6,10,590.1,9.7,36.58,289.04,289.04,20.18,5,1,2,1,316.05,1
CUST-5366,32,Female,Urban,1,Two-Year,2026-08-02,118.5,4,19,317.0,2.0,123.76,121.55,121.55,97.98,2,0,4,0,2376.19,0
CUST-5367,48,Female,Suburban,44,Month-to-Month,2023-01-03,73.3,8,18,252.3,2.0,112.84,4806.1,4806.1,50.3,5,1,2,0,974.94,1
CUST-5368,66,Male,Urban,39,Month-to-Month,2023-06-04,84.5,5,22,350.6,2.2,68.22,2763.85,2763.85,9.66,3,0,3,2,982.37,1
CUST-5369,46,Female,Urban,52,Month-to-Month,2022-05-05,109.8,9,21,233.2,10.9,139.07,7133.47,7133.47,11.02,2,0,3,1,2002.61,1
CUST-5370,43,Male,Suburban,10,One-Year,2025-11-01,62.1,4,20,390.5,17.1,123.25,1225.51,1225.51,12.95,4,0,3,0,1774.8,1
CUST-5371,35,Female,Urban,20,Month-to-Month,2025-01-01,127.7,3,18,691.5,18.5,58.91,1143.72,1143.72,3.4,2,0,3,0,848.3,0
CUST-5372,49,Male,Suburban,36,Month-to-Month,2023-09-03,93.7,2,12,499.2,65.0,136.84,4979.37,4979.37,168.76,0,1,4,0,2364.6,0
CUST-5373,39,Male,Urban,20,Month-to-Month,2025-01-01,50.5,4,17,569.7,18.0,39.08,776.93,776.93,38.58,0,0,4,0,750.34,0
CUST-5374,55,Male,Suburban,40,Month-to-Month,2023-05-04,79.2,3,28,370.0,72.8,115.23,4467.7,4467.7,46.94,0,0,4,0,2212.42,0
CUST-5375,34,Female,Urban,33,Month-to-Month,2023-12-03,43.4,3,20,281.3,112.7,57.01,1845.68,1845.68,41.53,4,1,3,2,738.85,1
CUST-5376,40,Female,Urban,4,One-Year,2026-05-03,87.6,5,12,484.1,31.6,141.97,561.7,561.7,21.9,1,0,4,0,2725.82,1
CUST-5377,41,Male,Suburban,50,Month-to-Month,2022-07-04,73.6,4,12,459.4,82.4,43.07,2062.4,2062.4,59.31,0,1,4,2,744.25,0
CUST-5378,67,Male,Rural,42,Two-Year,2023-03-05,59.1,6,20,646.0,7.1,52.84,2119.83,2119.83,9.5,1,0,4,0,1014.53,0
CUST-5379,25,Female,Urban,36,Two-Year,2023-09-03,31.6,4,24,677.5,25.8,89.84,3393.52,3393.52,17.19,3,0,2,0,862.46,1
CUST-5380,58,Female,Urban,6,Two-Year,2026-03-03,61.2,6,15,621.7,74.6,103.35,646.62,646.62,13.8,1,1,3,0,1339.42,1
CUST-5381,23,Male,Urban,11,One-Year,2025-10-02,79.6,5,16,826.3,174.5,110.16,1223.05,1223.05,106.74,3,0,3,0,1586.3,1
CUST-5382,22,Female,Urban,17,Month-to-Month,2025-04-03,73.8,2,18,461.2,62.1,119.43,1978.49,1978.49,1.39,2,2,3,0,1375.83,1
CUST-5383,61,Female,Suburban,11,Month-to-Month,2025-10-02,42.4,6,19,564.7,29.4,29.59,316.78,316.78,2.74,3,1,3,1,383.49,1
CUST-5384,46,Female,Suburban,9,Month-to-Month,2025-12-02,85.6,9,11,669.8,24.5,93.51,836.58,836.58,109.42,2,0,3,0,1346.54,1
CUST-5385,45,Male,Urban,54,Two-Year,2022-03-05,55.4,6,13,600.3,32.3,100.56,5368.42,5368.42,40.72,3,3,2,1,675.76,0
CUST-5386,28,Female,Urban,34,Month-to-Month,2023-11-03,112.7,6,10,630.2,68.8,59.36,2065.27,2065.27,35.36,1,2,2,1,455.88,1
CUST-5387,18,Female,Suburban,28,One-Year,2024-05-03,117.1,7,17,462.9,25.7,104.66,2903.26,2903.26,59.88,1,0,5,0,2511.84,0
CUST-5388,60,Male,Urban,9,One-Year,2025-12-02,77.3,5,20,438.3,41.3,106.4,1001.21,1001.21,87.05,1,0,4,2,2042.88,0
CUST-5389,36,Female,Suburban,72,Two-Year,2020-09-04,132.3,6,16,396.5,92.5,99.84,7010.86,7010.86,79.27,2,1,3,2,1293.93,0
CUST-5390,26,Female,Urban,7,One-Year,2026-02-01,80.8,6,19,414.8,17.6,57.47,383.25,383.25,77.19,3,0,2,0,551.71,1
CUST-5391,44,Male,Suburban,53,One-Year,2022-04-04,46.0,5,11,458.5,81.9,85.2,4562.25,4562.25,63.87,3,0,3,0,1226.88,0
CUST-5392,51,Male,Urban,72,Month-to-Month,2020-09-04,120.6,7,18,329.7,93.2,70.31,5309.33,5309.33,4.49,0,0,4,0,1349.95,0
CUST-5393,61,Female,Suburban,43,One-Year,2023-02-02,133.4,6,22,249.1,129.5,132.95,5917.75,5917.75,35.31,0,2,4,1,2042.11,0
CUST-5394,21,Female,Urban,72,Month-to-Month,2020-09-04,114.8,4,22,242.8,2.0,96.44,6600.12,6600.12,23.64,1,0,4,0,1851.65,0
CUST-5395,53,Male,Urban,35,Two-Year,2023-10-03,62.1,6,16,680.8,7.8,43.57,1536.42,1536.42,53.08,3,2,2,0,334.62,0
CUST-5396,35,Female,Suburban,9,Month-to-Month,2025-12-02,47.9,4,19,373.6,201.3,120.48,1079.31,1079.31,108.65,2,2,3,3,1387.93,1
CUST-5397,32,Female,Urban,8,Month-to-Month,2026-01-01,74.5,8,16,558.4,8.7,130.19,1069.47,1069.47,15.87,2,1,2,0,1124.84,1
CUST-5398,68,Female,Urban,13,Two-Year,2025-08-02,159.3,3,18,423.4,43.5,127.3,1613.98,1613.98,49.2,0,1,3,1,1649.81,0
CUST-5399,30,Male,Urban,1,Month-to-Month,2026-08-02,49.7,7,23,688.8,11.9,129.27,125.96,125.96,8.34,1,1,4,1,2233.79,1
CUST-5400,36,Female,Urban,38,Two-Year,2023-07-04,109.6,6,12,224.3,108.6,146.75,5474.29,5474.29,19.15,3,1,2,0,1267.92,0
CUST-5401,66,Male,Rural,11,Two-Year,2025-10-02,82.2,8,16,418.3,6.6,47.63,510.63,510.63,44.95,2,0,3,0,685.87,0
CUST-5402,23,Male,Suburban,56,One-Year,2022-01-03,113.3,9,13,357.1,5.8,108.63,5792.46,5792.46,3.19,2,0,4,1,2085.7,0
CUST-5403,65,Female,Urban,15,Month-to-Month,2025-06-02,47.2,8,21,448.7,45.7,105.95,1609.62,1609.62,69.32,2,2,2,1,813.7,1
CUST-5404,29,Male,Suburban,22,Month-to-Month,2024-11-02,77.5,4,17,614.1,17.7,31.49,700.59,700.59,87.14,0,1,5,0,680.18,0
CUST-5405,68,Female,Urban,72,Two-Year,2020-09-04,58.1,7,16,431.8,70.4,125.06,9321.08,9321.08,71.96,1,0,4,0,2401.15,0
CUST-5406,54,Male,Rural,10,Two-Year,2025-11-01,59.8,6,13,341.6,75.0,60.08,612.68,612.68,0.03,1,1,3,0,778.64,0
CUST-5407,34,Male,Urban,42,Month-to-Month,2023-03-05,107.1,7,8,449.5,57.3,139.06,5922.79,5922.79,56.94,4,1,2,0,1201.48,1
CUST-5408,40,Male,Suburban,47,Month-to-Month,2022-10-04,51.4,6,23,393.1,117.0,138.6,6339.68,6339.68,79.55,4,1,3,0,1796.26,1
CUST-5409,43,Female,Urban,9,Month-to-Month,2025-12-02,93.7,9,21,533.6,77.7,125.08,1152.75,1152.75,144.37,2,0,3,1,1801.15,1
CUST-5410,46,Female,Urban,23,Two-Year,2024-10-02,86.7,5,20,20.0,13.5,107.15,2552.03,2552.03,1.19,1,0,4,0,2057.28,0
CUST-5411,50,Female,Urban,15,Month-to-Month,2025-06-02,56.4,4,22,387.4,5.3,79.86,1191.18,1191.18,29.04,3,0,4,1,1533.31,1
CUST-5412,44,Male,Urban,49,Month-to-Month,2022-08-04,62.9,7,25,460.2,89.5,130.18,6404.66,6404.66,74.78,1,0,4,1,2499.46,0
CUST-5413,42,Male,Suburban,32,One-Year,2024-01-03,95.0,3,22,591.4,87.6,132.35,4355.62,4355.62,45.96,2,0,4,0,2541.12,0
CUST-5414,27,Female,Urban,22,Month-to-Month,2024-11-02,84.2,7,14,611.9,123.5,54.84,1202.33,1202.33,67.43,3,2,1,0,210.59,1
CUST-5415,64,Male,Rural,50,Two-Year,2022-07-04,86.1,5,20,328.8,14.7,65.28,3318.35,3318.35,41.95,3,0,3,1,940.03,0
CUST-5416,40,Male,Urban,9,Month-to-Month,2025-12-02,78.0,5,14,374.0,16.4,63.88,558.52,558.52,0.86,1,1,3,0,827.88,0
CUST-5417,38,Female,Suburban,46,Month-to-Month,2022-11-03,76.1,8,15,146.8,55.9,47.71,2213.15,2213.15,73.69,2,0,3,0,687.02,0
CUST-5418,38,Male,Rural,66,Month-to-Month,2021-03-05,84.4,4,14,470.3,11.0,138.87,8741.22,8741.22,33.66,0,1,3,0,1799.76,0
CUST-5419,60,Female,Suburban,70,Month-to-Month,2020-11-03,128.2,5,21,897.9,22.8,95.54,6493.17,6493.17,9.95,4,0,2,0,917.18,1
CUST-5420,30,Female,Rural,51,Month-to-Month,2022-06-04,100.9,3,21,484.4,108.8,109.14,5800.4,5800.4,39.86,0,0,5,1,2619.36,0
CUST-5421,54,Male,Suburban,18,Month-to-Month,2025-03-03,81.1,7,14,325.6,26.4,72.95,1325.6,1325.6,25.28,1,1,3,0,945.43,0
CUST-5422,50,Male,Urban,72,Month-to-Month,2020-09-04,52.5,4,13,480.8,2.0,113.7,8149.98,8149.98,44.23,2,0,4,0,2183.04,0
CUST-5423,41,Male,Suburban,16,Two-Year,2025-05-03,72.4,4,22,81.4,68.4,89.96,1442.52,1442.52,22.41,1,1,4,1,1554.51,0
CUST-5424,61,Female,Urban,34,Month-to-Month,2023-11-03,57.4,7,16,585.5,12.9,112.3,3627.3,3627.3,3.78,0,0,3,1,1617.12,0
CUST-5425,28,Female,Urban,6,Two-Year,2026-03-03,61.1,9,13,686.4,14.2,128.1,765.49,765.49,85.12,4,0,3,0,1844.64,0
CUST-5426,34,Male,Urban,72,One-Year,2020-09-04,28.9,2,13,411.9,2.0,100.85,7002.69,7002.69,40.2,3,1,2,0,871.34,0
CUST-5427,21,Male,Suburban,40,Month-to-Month,2023-05-04,84.7,13,19,300.4,56.1,105.07,4353.32,4353.32,43.8,0,1,3,0,1361.71,0
CUST-5428,64,Female,Urban,46,Month-to-Month,2022-11-03,147.0,4,15,371.7,53.6,123.54,5633.7,5633.7,51.07,6,0,2,2,1185.98,1
CUST-5429,42,Female,Urban,3,Month-to-Month,2026-06-02,90.9,8,23,382.6,6.6,83.83,244.75,244.75,25.13,1,1,2,0,724.29,1
CUST-5430,47,Male,Urban,48,Month-to-Month,2022-09-03,106.8,7,21,542.1,3.4,118.84,5711.08,5711.08,43.79,0,1,4,1,2053.56,0
CUST-5431,26,Male,Rural,49,Month-to-Month,2022-08-04,113.8,5,22,497.9,43.9,42.22,2041.0,2041.0,8.32,1,0,4,0,810.62,0
CUST-5432,38,Male,Urban,37,Month-to-Month,2023-08-04,76.4,4,17,433.3,98.8,67.64,2492.68,2492.68,22.14,3,0,3,1,974.02,1
CUST-5433,37,Female,Urban,12,One-Year,2025-09-02,78.4,5,10,450.2,199.8,161.3,1979.3,1979.3,41.17,1,2,3,3,1858.18,1
CUST-5434,36,Female,Urban,23,One-Year,2024-10-02,43.1,5,15,333.0,5.1,45.45,1046.31,1046.31,57.2,0,0,4,1,872.64,0
CUST-5435,36,Male,Rural,4,Month-to-Month,2026-05-03,90.9,7,15,560.1,80.1,89.11,371.23,371.23,120.53,1,0,4,0,1710.91,0
CUST-5436,29,Female,Rural,21,Month-to-Month,2024-12-02,86.7,3,15,452.5,13.8,82.35,1687.3,1687.3,69.0,1,0,4,0,1581.12,0
CUST-5437,54,Male,Suburban,10,One-Year,2025-11-01,59.3,7,11,168.7,2.2,73.35,720.74,720.74,1.48,2,1,3,1,950.62,1
CUST-5438,59,Male,Rural,15,Month-to-Month,2025-06-02,119.5,7,16,581.8,26.5,128.67,1983.62,1983.62,6.81,4,0,3,0,1852.85,1
CUST-5439,34,Male,Urban,6,Two-Year,2026-03-03,61.7,6,27,396.7,55.4,119.54,737.57,737.57,39.82,1,0,3,1,1721.38,1
CUST-5440,54,Female,Rural,9,One-Year,2025-12-02,170.4,5,10,376.4,59.8,127.14,1198.79,1198.79,3.0,2,0,3,0,1830.82,1
CUST-5441,71,Male,Urban,3,Two-Year,2026-06-02,97.1,5,13,777.2,3.3,139.49,423.84,423.84,187.82,2,0,4,2,2678.21,0
CUST-5442,65,Female,Urban,72,Month-to-Month,2020-09-04,84.3,7,17,525.2,170.8,162.73,11803.07,11803.07,22.3,1,0,4,0,3124.42,0
CUST-5443,56,Male,Urban,25,Two-Year,2024-08-02,143.2,6,16,570.4,3.6,128.14,3231.96,3231.96,40.59,2,0,4,1,2460.29,1
CUST-5444,45,Male,Suburban,17,One-Year,2025-04-03,16.5,4,18,343.8,15.9,92.44,1549.69,1549.69,1.71,1,0,4,0,1774.85,0
CUST-5445,58,Male,Suburban,26,One-Year,2024-07-03,76.4,11,23,344.0,36.8,65.17,1674.93,1674.93,19.7,3,3,2,1,437.94,0
CUST-5446,52,Female,Urban,33,Month-to-Month,2023-12-03,72.0,5,23,706.8,189.3,136.62,4409.21,4409.21,9.59,2,1,3,1,1770.6,1
CUST-5447,64,Male,Rural,72,Month-to-Month,2020-09-04,79.6,8,16,895.0,307.9,180.35,13111.0,13111.0,3.88,4,0,2,0,1731.36,1
CUST-5448,65,Female,Urban,7,Two-Year,2026-02-01,91.8,5,14,620.1,2.0,139.18,1007.41,1007.41,39.08,0,0,5,0,3340.32,0
CUST-5449,35,Male,Urban,12,One-Year,2025-09-02,78.7,5,27,20.0,16.5,98.0,1191.7,1191.7,131.74,1,0,4,1,1881.6,0
CUST-5450,31,Male,Urban,72,Month-to-Month,2020-09-04,127.0,9,17,315.4,45.2,112.38,8069.17,8069.17,12.74,3,1,1,1,485.48,1
CUST-5451,52,Male,Suburban,16,Month-to-Month,2025-05-03,98.1,5,21,438.9,77.1,68.61,1049.86,1049.86,92.37,2,1,2,1,592.79,1
CUST-5452,61,Male,Suburban,1,Month-to-Month,2026-08-02,99.5,7,17,422.2,69.5,58.61,57.13,57.13,0.11,3,2,3,0,675.19,1
CUST-5453,58,Male,Urban,6,One-Year,2026-03-03,98.9,6,21,421.8,18.8,101.29,628.71,628.71,38.06,2,1,3,2,1312.72,0
CUST-5454,24,Male,Suburban,1,One-Year,2026-08-02,46.3,3,18,193.6,14.3,53.04,52.49,52.49,26.48,0,1,4,1,916.53,0
CUST-5455,58,Female,Urban,72,Month-to-Month,2020-09-04,91.1,1,17,796.1,2.0,70.76,5291.15,5291.15,16.12,4,0,3,0,1018.94,0
CUST-5456,30,Female,Suburban,11,Month-to-Month,2025-10-02,92.1,9,16,551.0,120.3,99.69,1068.38,1068.38,18.92,4,1,3,0,1291.98,1
CUST-5457,35,Male,Rural,72,Month-to-Month,2020-09-04,51.3,7,20,312.6,30.9,136.9,9931.44,9931.44,32.13,2,0,3,0,1971.36,0
CUST-5458,54,Male,Urban,72,Month-to-Month,2020-09-04,111.6,7,24,345.6,129.8,156.9,11820.68,11820.68,28.58,2,0,4,0,3012.48,0
CUST-5459,30,Male,Rural,31,Month-to-Month,2024-02-02,23.9,8,20,559.1,25.4,57.23,1784.22,1784.22,24.84,2,0,3,0,824.11,0
CUST-5460,53,Male,Suburban,2,Month-to-Month,2026-07-03,160.6,6,19,404.3,91.7,53.93,104.72,104.72,142.59,0,3,2,0,362.41,1
CUST-5461,48,Male,Urban,3,Month-to-Month,2026-06-02,83.9,7,21,473.3,4.7,51.57,150.53,150.53,51.23,2,3,1,0,173.28,1
CUST-5462,19,Female,Rural,22,Two-Year,2024-11-02,59.3,4,10,526.6,108.4,100.94,2144.66,2144.66,6.88,2,0,3,1,1453.54,0
CUST-5463,33,Male,Urban,18,One-Year,2025-03-03,103.5,8,21,357.9,144.1,136.65,2341.94,2341.94,87.28,2,2,2,1,1049.47,1
CUST-5464,26,Male,Urban,31,Two-Year,2024-02-02,103.8,8,17,761.3,20.0,88.03,2781.44,2781.44,23.73,3,0,3,0,1267.63,0
CUST-5465,26,Male,Urban,19,Month-to-Month,2025-02-01,146.4,6,17,27.0,9.9,133.8,2614.17,2614.17,0.5,0,2,2,0,1027.58,1
CUST-5466,55,Male,Urban,72,Two-Year,2020-09-04,138.5,2,21,310.4,14.2,100.43,7462.54,7462.54,53.96,4,0,3,2,1446.19,0
CUST-5467,28,Female,Suburban,26,One-Year,2024-07-03,45.1,7,18,596.7,131.5,100.35,2497.88,2497.88,15.23,1,0,5,0,2408.4,0
CUST-5468,71,Male,Suburban,39,Month-to-Month,2023-06-04,76.9,1,7,326.6,21.9,116.87,4759.51,4759.51,237.96,2,1,3,1,1514.64,1
CUST-5469,39,Male,Rural,72,Month-to-Month,2020-09-04,57.7,4,14,421.0,17.1,137.24,9998.34,9998.34,27.47,4,1,2,0,1185.75,1
CUST-5470,50,Female,Urban,6,One-Year,2026-03-03,107.3,3,13,674.2,250.7,100.93,580.65,580.65,11.03,2,0,4,0,1937.86,0
CUST-5471,53,Male,Urban,9,Two-Year,2025-12-02,127.5,5,15,535.8,72.1,67.43,581.68,581.68,48.8,0,1,2,0,582.6,1
CUST-5472,62,Female,Urban,4,Month-to-Month,2026-05-03,45.5,4,19,471.8,116.0,66.94,268.02,268.02,11.41,1,1,3,1,867.54,0
CUST-5473,40,Female,Urban,5,Month-to-Month,2026-04-02,83.1,10,24,660.7,89.3,100.0,487.21,487.21,0.88,1,0,4,0,1920.0,0
CUST-5474,62,Male,Rural,24,One-Year,2024-09-02,66.0,8,22,347.1,30.4,83.41,1949.61,1949.61,3.55,0,0,4,1,1601.47,0
CUST-5475,62,Female,Suburban,13,Two-Year,2025-08-02,110.3,4,19,528.1,129.1,72.79,900.07,900.07,37.47,0,1,4,0,1257.81,0
CUST-5476,51,Male,Urban,19,One-Year,2025-02-01,97.3,8,17,542.5,57.7,116.64,2212.25,2212.25,8.43,1,0,4,0,2239.49,0
CUST-5477,26,Female,Rural,72,Month-to-Month,2020-09-04,120.3,9,26,240.4,69.6,69.66,4808.17,4808.17,9.5,0,1,3,0,902.79,0
CUST-5478,41,Male,Suburban,6,Month-to-Month,2026-03-03,72.4,14,21,296.6,25.7,115.85,665.68,665.68,5.64,3,1,2,0,1000.94,0
CUST-5479,25,Male,Urban,26,Month-to-Month,2024-07-03,81.5,6,16,142.0,258.2,160.2,4023.02,4023.02,10.37,2,2,3,0,1845.5,1
CUST-5480,24,Female,Suburban,4,Two-Year,2026-05-03,96.8,7,17,498.8,125.3,143.41,545.57,545.57,49.94,1,1,3,0,1858.59,1
CUST-5481,53,Female,Urban,13,One-Year,2025-08-02,76.9,6,20,673.6,10.4,43.41,541.95,541.95,25.24,1,1,3,1,562.59,0
CUST-5482,35,Female,Urban,25,One-Year,2024-08-02,94.0,5,26,306.4,14.8,62.41,1574.97,1574.97,8.52,3,0,4,1,1198.27,1
CUST-5483,20,Female,Urban,72,Month-to-Month,2020-09-04,123.1,10,14,26.2,89.7,98.74,6936.31,6936.31,9.96,1,0,4,0,1895.81,0
CUST-5484,45,Male,Urban,17,Two-Year,2025-04-03,149.0,5,18,441.1,2.0,122.54,1993.36,1993.36,16.63,3,1,2,1,1058.75,0
CUST-5485,23,Male,Urban,3,One-Year,2026-06-02,70.4,4,19,665.9,26.6,75.11,217.12,217.12,196.37,4,1,2,0,648.95,1
CUST-5486,61,Male,Urban,17,Two-Year,2025-04-03,149.4,6,13,386.5,49.4,108.3,1756.99,1756.99,6.69,1,1,3,0,1403.57,0
CUST-5487,61,Male,Urban,6,One-Year,2026-03-03,69.9,6,21,544.2,14.9,79.51,490.27,490.27,56.84,4,0,2,1,763.3,1
CUST-5488,38,Male,Suburban,9,One-Year,2025-12-02,111.1,2,18,51.4,134.2,48.54,439.55,439.55,70.26,6,1,2,1,419.39,1
CUST-5489,45,Female,Rural,32,One-Year,2024-01-03,70.2,8,13,552.7,143.0,82.84,2644.02,2644.02,108.77,0,0,4,0,1590.53,0
CUST-5490,57,Male,Suburban,3,Month-to-Month,2026-06-02,54.1,6,19,725.3,204.3,142.67,443.99,443.99,32.49,2,0,4,0,2739.26,0
CUST-5491,71,Male,Urban,21,Two-Year,2024-12-02,121.7,8,20,782.9,10.3,110.53,2223.56,2223.56,3.69,1,0,4,1,2122.18,0
CUST-5492,71,Male,Urban,31,Month-to-Month,2024-02-02,83.5,4,12,629.0,5.4,127.43,3767.5,3767.5,0.82,2,0,3,1,1834.99,1
CUST-5493,18,Female,Urban,18,One-Year,2025-03-03,123.5,6,20,909.6,52.8,101.1,1805.99,1805.99,20.48,1,0,4,0,1941.12,0
CUST-5494,53,Female,Urban,1,Two-Year,2026-08-02,107.6,5,17,606.5,102.2,128.47,125.44,125.44,15.12,0,0,4,0,2466.62,0
CUST-5495,38,Female,Suburban,72,Month-to-Month,2020-09-04,97.3,5,19,432.6,22.4,76.1,5465.95,5465.95,69.38,0,2,4,0,1168.9,0
CUST-5496,60,Male,Suburban,16,One-Year,2025-05-03,101.5,10,18,365.9,17.9,67.9,1130.23,1130.23,31.81,1,1,3,0,879.98,0
CUST-5497,52,Female,Suburban,50,One-Year,2022-07-04,117.7,4,13,154.4,47.4,71.19,3540.37,3540.37,64.85,5,0,2,2,683.42,0
CUST-5498,30,Male,Suburban,13,One-Year,2025-08-02,112.8,6,27,335.1,42.8,49.7,624.86,624.86,29.58,1,0,4,0,954.24,0
CUST-5499,66,Female,Urban,22,Two-Year,2024-11-02,72.9,6,17,252.2,42.4,81.71,1851.16,1851.16,9.03,2,0,4,0,1568.83,0
CUST-5500,71,Female,Urban,17,One-Year,2025-04-03,97.7,6,21,592.7,33.8,123.3,2072.79,2072.79,7.79,4,0,3,0,1775.52,1
CUST-5501,71,Male,Suburban,14,One-Year,2025-07-03,130.0,4,14,238.9,84.4,39.06,560.79,560.79,17.61,3,1,2,0,337.48,0
CUST-5502,27,Female,Urban,1,Month-to-Month,2026-08-02,86.4,6,26,264.6,62.0,100.41,96.81,96.81,1.04,1,0,4,0,1927.87,0
CUST-5503,70,Female,Urban,15,Month-to-Month,2025-06-02,70.2,6,16,622.4,43.5,51.41,758.59,758.59,24.07,2,1,3,0,666.27,1
CUST-5504,61,Male,Urban,72,Month-to-Month,2020-09-04,66.4,6,19,353.4,82.9,123.02,8434.59,8434.59,11.14,4,2,2,0,944.79,1
CUST-5505,64,Female,Urban,39,One-Year,2023-06-04,110.5,3,10,603.0,19.7,44.08,1673.64,1673.64,1.64,2,2,2,1,338.53,1
CUST-5506,70,Male,Urban,6,Month-to-Month,2026-03-03,77.8,8,19,766.5,144.6,65.55,399.08,399.08,22.52,2,1,3,0,849.53,1
CUST-5507,27,Male,Suburban,30,One-Year,2024-03-03,95.9,4,15,283.2,31.5,34.63,1017.41,1017.41,35.86,0,1,5,2,748.01,1
CUST-5508,63,Male,Rural,72,Month-to-Month,2020-09-04,76.4,7,30,506.5,25.8,79.78,5536.92,5536.92,3.72,3,1,2,0,689.3,0
CUST-5509,30,Male,Urban,40,One-Year,2023-05-04,120.2,8,13,975.3,50.8,107.09,4093.51,4093.51,32.83,3,0,3,1,1542.1,1
CUST-5510,54,Female,Urban,6,Month-to-Month,2026-03-03,89.5,7,19,568.9,20.5,61.28,371.46,371.46,100.23,6,0,1,0,294.14,1
CUST-5511,55,Male,Suburban,67,One-Year,2021-02-03,127.8,3,17,618.4,20.3,32.81,2105.3,2105.3,16.54,3,1,2,0,283.48,0
CUST-5512,41,Female,Urban,12,One-Year,2025-09-02,126.7,4,11,428.3,5.3,133.04,1644.18,1644.18,140.08,1,2,3,2,1532.62,0
CUST-5513,19,Male,Urban,20,Two-Year,2025-01-01,82.4,5,16,483.3,68.6,134.25,2646.65,2646.65,53.31,2,2,2,0,1031.04,0
CUST-5514,39,Female,Urban,25,One-Year,2024-08-02,125.0,5,21,591.1,158.5,102.0,2500.26,2500.26,0.34,3,1,2,1,881.28,1
CUST-5515,34,Female,Urban,63,One-Year,2021-06-04,74.9,6,17,238.7,75.1,130.95,8352.8,8352.8,101.63,2,0,3,0,1885.68,0
CUST-5516,53,Female,Suburban,72,Two-Year,2020-09-04,93.0,7,16,208.6,54.5,125.31,9073.4,9073.4,24.97,2,1,3,0,1624.02,0
CUST-5517,31,Male,Suburban,72,One-Year,2020-09-04,61.6,9,17,522.5,80.9,101.72,7680.94,7680.94,32.12,1,0,3,0,1464.77,0
CUST-5518,27,Male,Urban,1,Month-to-Month,2026-08-02,102.8,6,11,407.8,220.7,118.68,113.35,113.35,32.89,0,2,3,0,1367.19,1
CUST-5519,52,Male,Urban,72,Two-Year,2020-09-04,94.0,10,17,212.1,26.7,103.87,7741.42,7741.42,17.37,1,3,2,0,698.01,0
CUST-5520,42,Female,Urban,2,One-Year,2026-07-03,100.4,13,18,171.4,36.6,113.54,229.34,229.34,20.55,2,1,2,0,980.99,1
CUST-5521,20,Female,Urban,11,Month-to-Month,2025-10-02,44.2,7,12,636.3,21.9,122.68,1401.11,1401.11,25.6,2,1,3,1,1589.93,1
CUST-5522,64,Male,Rural,24,One-Year,2024-09-02,25.3,7,17,443.5,2.0,91.37,2235.4,2235.4,117.95,2,2,3,0,1052.58,1
CUST-5523,55,Male,Suburban,22,Two-Year,2024-11-02,51.0,9,24,373.5,27.7,114.98,2595.92,2595.92,8.63,2,0,3,0,1655.71,1
CUST-5524,34,Female,Urban,31,Two-Year,2024-02-02,100.0,6,14,446.3,4.8,47.07,1501.0,1501.0,86.12,5,1,2,0,406.68,0
CUST-5525,29,Male,Suburban,22,Two-Year,2024-11-02,105.2,8,22,456.6,127.1,129.86,2718.4,2718.4,130.33,1,1,3,0,1682.99,0
CUST-5526,71,Female,Suburban,72,Month-to-Month,2020-09-04,118.9,1,16,411.9,81.7,43.95,3271.45,3271.45,19.36,4,0,3,0,632.88,1
CUST-5527,69,Female,Suburban,10,Month-to-Month,2025-11-01,72.9,4,12,153.6,23.6,104.26,1061.3,1061.3,9.94,0,1,4,1,1801.61,1
CUST-5528,41,Female,Urban,11,Month-to-Month,2025-10-02,91.3,9,19,519.7,25.8,110.81,1273.44,1273.44,21.69,3,1,3,0,1436.1,1
CUST-5529,46,Male,Urban,72,Month-to-Month,2020-09-04,64.0,6,25,272.5,54.8,144.49,10021.68,10021.68,3.75,3,0,3,0,2080.66,0
CUST-5530,60,Male,Suburban,3,Two-Year,2026-06-02,126.0,2,20,377.3,104.0,89.1,278.57,278.57,60.3,2,0,3,0,1283.04,0
CUST-5531,42,Female,Urban,31,Month-to-Month,2024-02-02,63.7,4,18,530.7,82.4,50.48,1620.35,1620.35,13.23,2,1,3,2,654.22,1
CUST-5532,53,Female,Rural,38,One-Year,2023-07-04,120.4,4,14,589.9,2.0,63.78,2357.31,2357.31,12.7,1,3,2,0,428.6,0
CUST-5533,43,Male,Suburban,24,One-Year,2024-09-02,77.5,6,20,507.2,100.0,88.21,2037.45,2037.45,39.17,1,0,4,1,1693.63,0
CUST-5534,55,Male,Rural,39,One-Year,2023-06-04,132.3,6,19,471.3,138.5,134.33,5306.25,5306.25,28.84,1,0,4,1,2579.14,0
CUST-5535,18,Female,Urban,7,Month-to-Month,2026-02-01,90.5,6,17,612.4,6.1,47.34,337.21,337.21,30.85,0,0,3,1,681.7,1
CUST-5536,37,Female,Rural,63,Month-to-Month,2021-06-04,89.8,3,17,527.6,95.5,58.86,3786.39,3786.39,23.19,3,1,2,0,508.55,1
CUST-5537,45,Female,Urban,5,Month-to-Month,2026-04-02,62.4,8,11,280.5,18.8,53.1,274.67,274.67,20.97,4,0,4,1,1019.52,1
CUST-5538,33,Female,Rural,17,Month-to-Month,2025-04-03,150.0,7,19,610.4,12.4,53.42,913.29,913.29,13.28,5,1,2,1,461.55,1
CUST-5539,64,Male,Urban,3,Two-Year,2026-06-02,114.7,4,24,598.1,51.0,138.89,407.67,407.67,11.63,0,0,4,0,2666.69,0
CUST-5540,34,Male,Urban,26,Two-Year,2024-07-03,100.4,5,17,480.2,52.3,51.29,1381.16,1381.16,178.4,1,1,3,0,664.72,0
CUST-5541,57,Female,Suburban,37,Month-to-Month,2023-08-04,92.2,5,22,563.7,41.4,78.7,2892.5,2892.5,18.05,3,1,3,0,1019.95,0
CUST-5542,45,Female,Urban,72,Two-Year,2020-09-04,65.2,6,22,494.3,150.9,94.01,6724.46,6724.46,24.75,0,1,4,0,1624.49,0
CUST-5543,29,Male,Urban,45,Month-to-Month,2022-12-03,105.2,8,8,20.0,18.0,42.37,1905.22,1905.22,17.71,4,0,3,1,610.13,1
CUST-5544,44,Male,Rural,26,One-Year,2024-07-03,83.0,5,18,378.1,60.0,46.53,1250.37,1250.37,45.35,5,0,3,1,670.03,0
CUST-5545,71,Female,Urban,72,Month-to-Month,2020-09-04,86.7,6,22,421.0,34.3,134.77,10160.26,10160.26,6.68,2,0,3,0,1940.69,0
CUST-5546,70,Male,Suburban,22,One-Year,2024-11-02,111.7,6,26,416.2,134.5,141.36,3007.63,3007.63,1.87,3,0,3,0,2035.58,0
CUST-5547,59,Male,Urban,28,Month-to-Month,2024-05-03,93.5,7,16,361.2,9.3,133.71,3602.42,3602.42,127.79,1,1,3,0,1732.88,0
CUST-5548,64,Female,Suburban,30,Month-to-Month,2024-03-03,85.5,11,17,444.6,5.6,62.31,1829.64,1829.64,26.85,0,1,5,0,1345.9,0
CUST-5549,47,Female,Suburban,18,Month-to-Month,2025-03-03,128.1,5,11,588.2,320.3,133.6,2502.01,2502.01,28.0,4,0,3,0,1923.84,1
CUST-5550,58,Female,Urban,60,Month-to-Month,2021-09-03,60.4,3,17,494.3,56.0,62.81,3779.2,3779.2,22.02,1,0,5,0,1507.44,0
CUST-5551,51,Male,Urban,7,One-Year,2026-02-01,35.4,8,20,418.2,157.9,93.76,623.88,623.88,1.79,1,0,4,0,1800.19,0
CUST-5552,54,Female,Suburban,27,Month-to-Month,2024-06-03,61.1,1,13,102.7,34.1,121.44,3305.74,3305.74,39.52,2,1,3,0,1573.86,1
CUST-5553,23,Female,Urban,43,One-Year,2023-02-02,89.6,4,15,641.3,60.3,88.81,3837.53,3837.53,29.2,0,0,4,1,1705.15,0
CUST-5554,24,Female,Urban,72,One-Year,2020-09-04,105.8,6,21,365.0,77.0,49.15,3390.11,3390.11,5.38,3,0,3,0,707.76,0
CUST-5555,49,Female,Suburban,71,One-Year,2020-10-04,62.7,5,19,761.5,278.0,67.07,4594.81,4594.81,25.95,2,0,3,1,965.81,0
CUST-5556,49,Male,Urban,24,One-Year,2024-09-02,195.6,9,17,292.6,7.8,53.32,1227.6,1227.6,9.31,2,1,3,0,691.03,0
CUST-5557,70,Male,Urban,34,Month-to-Month,2023-11-03,90.5,16,20,578.5,8.7,47.37,1613.99,1613.99,35.76,2,0,3,0,682.13,0
CUST-5558,42,Male,Suburban,17,One-Year,2025-04-03,89.6,7,20,426.3,48.1,123.54,2106.69,2106.69,38.58,0,0,4,0,2371.97,0
CUST-5559,50,Male,Urban,21,Two-Year,2024-12-02,46.3,6,13,238.0,3.7,102.22,2138.06,2138.06,12.32,3,2,2,0,785.05,1
CUST-5560,24,Female,Urban,72,One-Year,2020-09-04,41.7,8,21,619.4,84.5,134.08,9606.43,9606.43,3.46,1,1,4,2,2316.9,0
CUST-5561,69,Female,Urban,72,One-Year,2020-09-04,31.5,1,22,159.4,304.4,118.82,8623.86,8623.86,55.97,2,0,3,0,1711.01,0
CUST-5562,29,Female,Suburban,72,One-Year,2020-09-04,126.1,6,21,480.5,108.4,108.38,7929.9,7929.9,35.41,1,2,3,0,1248.54,0
CUST-5563,33,Female,Suburban,5,Month-to-Month,2026-04-02,121.4,10,15,472.0,20.1,76.01,397.68,397.68,32.44,2,0,3,0,1094.54,1
CUST-5564,33,Male,Suburban,63,One-Year,2021-06-04,85.0,10,17,318.5,104.5,66.11,4183.73,4183.73,31.9,0,0,4,1,1269.31,0
CUST-5565,60,Male,Urban,72,Two-Year,2020-09-04,48.6,6,14,666.4,64.3,107.2,7537.55,7537.55,44.46,2,0,4,0,2058.24,0
CUST-5566,70,Male,Urban,15,Month-to-Month,2025-06-02,76.7,12,23,491.4,8.3,70.93,1114.45,1114.45,9.08,2,1,2,0,612.84,1
CUST-5567,53,Male,Urban,25,Two-Year,2024-08-02,127.6,6,21,765.1,54.2,61.81,1484.33,1484.33,18.27,2,1,2,1,534.04,0
CUST-5568,30,Male,Urban,50,Month-to-Month,2022-07-04,69.9,4,18,499.8,147.6,155.07,7608.25,7608.25,8.76,2,1,3,0,2009.71,0
CUST-5569,24,Female,Rural,28,Month-to-Month,2024-05-03,57.9,5,15,547.7,22.3,40.74,1186.63,1186.63,2.58,1,2,4,0,625.77,0
CUST-5570,53,Female,Urban,72,Two-Year,2020-09-04,73.6,6,15,65.7,70.0,124.82,9385.94,9385.94,83.02,3,0,3,1,1797.41,0
CUST-5571,64,Male,Urban,20,One-Year,2025-01-01,76.2,4,21,574.8,2.8,88.61,1797.9,1797.9,1.67,0,1,4,0,1531.18,0
CUST-5572,68,Male,Urban,42,Two-Year,2023-03-05,107.1,5,19,531.4,116.8,130.27,5205.77,5205.77,1.65,0,1,4,0,2251.07,0
CUST-5573,26,Female,Suburban,52,Two-Year,2022-05-05,18.8,8,9,359.2,15.0,37.58,1942.94,1942.94,13.6,3,2,1,0,144.31,0
CUST-5574,49,Male,Suburban,23,Month-to-Month,2024-10-02,90.1,11,12,318.5,61.0,79.04,1896.59,1896.59,13.44,3,0,3,0,1138.18,1
CUST-5575,28,Female,Suburban,64,One-Year,2021-05-05,64.1,10,16,410.4,48.3,123.79,8231.3,8231.3,1.42,2,1,2,0,1069.55,1
CUST-5576,25,Female,Rural,26,Month-to-Month,2024-07-03,68.9,5,8,605.4,51.6,126.48,3417.97,3417.97,51.04,2,0,3,2,1821.31,1
CUST-5577,50,Female,Urban,18,Month-to-Month,2025-03-03,107.6,6,20,241.1,19.0,118.58,2090.44,2090.44,4.37,1,1,2,0,1024.53,0
CUST-5578,40,Male,Urban,4,Month-to-Month,2026-05-03,45.9,5,12,217.2,53.2,118.59,489.77,489.77,3.24,3,1,2,1,1024.62,1
CUST-5579,42,Female,Urban,17,One-Year,2025-04-03,90.4,6,19,595.0,60.0,77.31,1336.92,1336.92,3.2,1,0,4,0,1484.35,0
CUST-5580,25,Male,Suburban,44,Month-to-Month,2023-01-03,99.4,5,19,376.9,36.0,112.77,5157.23,5157.23,36.18,3,1,3,0,1461.5,1
CUST-5581,62,Female,Suburban,72,One-Year,2020-09-04,102.4,8,27,424.2,65.2,47.37,3457.68,3457.68,6.49,3,2,2,2,363.8,0
CUST-5582,39,Male,Urban,10,One-Year,2025-11-01,106.2,8,16,427.7,13.8,45.77,451.99,451.99,30.23,2,3,1,0,153.79,1
CUST-5583,21,Male,Suburban,15,Month-to-Month,2025-06-02,102.2,2,19,508.5,46.7,94.1,1430.47,1430.47,7.85,1,1,3,1,1219.54,1
CUST-5584,57,Female,Suburban,6,One-Year,2026-03-03,106.6,11,27,675.4,82.0,100.51,594.49,594.49,63.39,1,0,3,0,1447.34,0
CUST-5585,20,Female,Rural,39,Month-to-Month,2023-06-04,58.6,4,16,258.6,29.8,83.73,3103.01,3103.01,7.25,2,2,3,1,964.57,1
CUST-5586,46,Female,Suburban,72,Month-to-Month,2020-09-04,126.0,7,21,527.3,34.4,114.69,8519.26,8519.26,19.66,0,0,5,0,2752.56,0
CUST-5587,58,Female,Suburban,34,One-Year,2023-11-03,49.5,3,10,445.7,11.7,91.59,3222.86,3222.86,28.14,1,0,3,0,1318.9,0
CUST-5588,46,Female,Urban,32,Month-to-Month,2024-01-03,96.1,4,17,505.5,62.3,41.9,1374.06,1374.06,74.27,1,1,3,1,543.02,1
CUST-5589,51,Male,Suburban,27,Two-Year,2024-06-03,64.6,6,19,852.6,8.6,128.31,3369.96,3369.96,8.48,1,0,3,0,1847.66,0
CUST-5590,51,Female,Rural,4,One-Year,2026-05-03,33.5,6,14,228.2,45.2,104.0,400.85,400.85,33.91,1,3,2,0,698.88,1
CUST-5591,45,Female,Urban,43,One-Year,2023-02-02,67.9,4,22,559.4,15.4,130.28,5417.14,5417.14,1.11,0,1,4,0,2251.24,0
CUST-5592,30,Female,Suburban,31,One-Year,2024-02-02,81.4,4,22,648.0,14.0,76.5,2371.73,2371.73,52.26,1,0,2,0,734.4,0
CUST-5593,32,Female,Suburban,36,Month-to-Month,2023-09-03,126.6,5,22,269.8,6.5,26.19,920.61,920.61,26.21,1,1,4,0,452.56,0
CUST-5594,40,Male,Urban,72,Month-to-Month,2020-09-04,139.6,7,8,405.9,28.7,117.02,8744.19,8744.19,101.55,2,1,3,0,1516.58,1
CUST-5595,61,Female,Suburban,51,Month-to-Month,2022-06-04,81.1,8,13,357.0,131.3,109.79,5624.13,5624.13,52.27,5,0,2,0,1053.98,0
CUST-5596,43,Male,Urban,50,Month-to-Month,2022-07-04,43.3,10,19,703.3,60.4,36.31,1806.45,1806.45,17.93,2,0,3,0,522.86,0
CUST-5597,21,Male,Rural,72,Month-to-Month,2020-09-04,45.8,4,25,450.7,98.2,105.57,7883.49,7883.49,18.81,0,0,5,0,2533.68,0
CUST-5598,43,Female,Suburban,72,Two-Year,2020-09-04,108.2,10,19,161.3,7.9,133.26,9192.77,9192.77,0.23,2,0,2,1,1279.3,0
CUST-5599,57,Male,Urban,29,Month-to-Month,2024-04-03,106.2,4,17,859.5,24.4,52.67,1584.09,1584.09,63.72,1,0,4,0,1011.26,0
CUST-5600,26,Female,Urban,4,One-Year,2026-05-03,66.8,4,18,749.9,32.0,62.2,256.32,256.32,57.29,3,0,3,0,895.68,0
CUST-5601,22,Male,Suburban,21,Month-to-Month,2024-12-02,49.8,4,19,617.9,127.8,118.86,2542.76,2542.76,29.42,2,1,3,2,1540.43,1
CUST-5602,49,Male,Urban,51,Month-to-Month,2022-06-04,114.8,5,28,411.9,71.0,130.05,6374.54,6374.54,16.47,3,0,3,0,1872.72,1
CUST-5603,37,Female,Urban,1,Month-to-Month,2026-08-02,48.2,5,22,252.1,43.8,105.37,100.65,100.65,57.2,3,0,3,1,1517.33,1
CUST-5604,67,Female,Urban,2,One-Year,2026-07-03,71.7,7,24,404.6,23.2,105.73,204.4,204.4,32.98,2,1,3,0,1370.26,0
CUST-5605,28,Female,Urban,3,Month-to-Month,2026-06-02,99.2,9,20,617.1,92.7,76.48,224.17,224.17,7.37,5,1,1,1,330.39,1
CUST-5606,32,Female,Urban,44,Month-to-Month,2023-01-03,25.0,5,21,415.6,142.5,47.53,2115.63,2115.63,9.71,3,1,3,0,615.99,0
CUST-5607,49,Female,Suburban,23,One-Year,2024-10-02,113.6,5,9,349.4,50.0,129.09,2844.47,2844.47,32.57,0,3,2,2,867.48,1
CUST-5608,45,Male,Rural,16,One-Year,2025-05-03,156.4,6,13,184.1,2.9,139.89,2167.3,2167.3,39.67,2,2,2,2,1074.36,0
CUST-5609,39,Male,Suburban,4,Month-to-Month,2026-05-03,88.4,5,23,284.2,20.6,127.73,495.61,495.61,4.21,2,0,3,0,1839.31,1
CUST-5610,58,Male,Suburban,44,One-Year,2023-01-03,84.0,7,17,201.2,89.0,84.07,3762.22,3762.22,64.07,1,2,1,1,322.83,1
CUST-5611,34,Female,Urban,13,One-Year,2025-08-02,86.3,7,23,471.6,31.9,70.24,899.07,899.07,24.5,0,1,4,0,1213.75,0
CUST-5612,43,Female,Urban,11,One-Year,2025-10-02,91.7,6,19,595.9,63.9,144.97,1558.83,1558.83,7.8,2,2,3,1,1670.05,1
CUST-5613,61,Male,Urban,35,Month-to-Month,2023-10-03,63.1,2,16,220.4,48.3,145.91,4866.36,4866.36,29.17,1,0,4,0,2801.47,0
CUST-5614,24,Female,Suburban,27,Month-to-Month,2024-06-03,51.3,7,26,150.2,154.9,118.64,3073.34,3073.34,73.14,5,1,1,1,512.52,1
CUST-5615,59,Female,Rural,15,Month-to-Month,2025-06-02,74.4,3,17,451.4,23.8,87.74,1322.64,1322.64,1.98,1,1,4,1,1516.15,0
CUST-5616,43,Male,Suburban,34,Two-Year,2023-11-03,89.6,3,21,408.8,38.4,90.14,3105.63,3105.63,8.74,4,1,2,0,778.81,1
CUST-5617,42,Male,Rural,11,Month-to-Month,2025-10-02,55.0,5,19,510.8,4.4,48.86,550.48,550.48,28.99,0,1,4,0,844.3,0
CUST-5618,27,Female,Suburban,53,Two-Year,2022-04-04,44.6,9,21,180.1,106.2,124.68,6606.38,6606.38,0.06,1,2,3,1,1436.31,0
CUST-5619,62,Female,Urban,9,Month-to-Month,2025-12-02,71.8,7,14,654.3,25.6,48.52,426.59,426.59,6.94,4,0,2,1,465.79,1
CUST-5620,36,Female,Urban,6,Month-to-Month,2026-03-03,45.0,5,22,525.1,83.2,61.59,361.87,361.87,9.45,3,0,3,2,886.9,1
CUST-5621,28,Male,Urban,51,Month-to-Month,2022-06-04,105.2,7,18,653.6,2.0,102.83,5323.43,5323.43,75.42,3,0,3,0,1480.75,1
CUST-5622,30,Female,Urban,41,Month-to-Month,2023-04-04,5.0,7,24,366.2,131.3,144.67,5887.81,5887.81,26.0,1,0,4,1,2777.66,0
CUST-5623,70,Male,Suburban,7,Two-Year,2026-02-01,50.0,5,16,633.0,232.3,136.43,922.38,922.38,35.01,3,0,4,0,2619.46,0
CUST-5624,25,Male,Urban,5,One-Year,2026-04-02,127.4,3,19,347.9,41.3,85.81,407.76,407.76,0.11,1,0,4,1,1647.55,0
CUST-5625,57,Female,Suburban,60,One-Year,2021-09-03,78.3,9,14,625.4,42.8,111.38,6522.41,6522.41,17.11,1,1,4,0,1924.65,1
CUST-5626,21,Male,Suburban,50,One-Year,2022-07-04,90.5,5,17,354.0,62.3,86.66,4443.73,4443.73,20.75,0,0,4,0,1663.87,0
CUST-5627,64,Female,Urban,14,One-Year,2025-07-03,81.1,6,20,106.4,240.1,136.24,1938.78,1938.78,63.9,2,0,3,0,1961.86,1
CUST-5628,48,Male,Urban,36,Two-Year,2023-09-03,66.2,7,18,601.4,53.2,122.71,4239.79,4239.79,7.58,1,0,4,0,2356.03,0
CUST-5629,45,Female,Urban,5,Month-to-Month,2026-04-02,117.9,7,14,338.9,5.0,27.44,136.43,136.43,2.36,2,0,4,0,526.85,0
CUST-5630,28,Female,Urban,24,One-Year,2024-09-02,67.8,5,16,620.6,54.1,58.3,1349.47,1349.47,60.97,1,0,4,1,1119.36,0
CUST-5631,60,Male,Suburban,1,One-Year,2026-08-02,60.1,8,16,157.5,35.3,111.15,110.85,110.85,8.34,1,1,3,1,1440.5,0
CUST-5632,18,Female,Urban,17,Two-Year,2025-04-03,104.7,6,11,130.6,93.0,85.11,1390.54,1390.54,41.09,3,0,4,1,1634.11,0
CUST-5633,66,Male,Suburban,3,One-Year,2026-06-02,27.1,5,17,376.4,23.5,88.57,270.48,270.48,3.36,1,0,4,0,1700.54,0
CUST-5634,64,Female,Rural,22,Two-Year,2024-11-02,76.4,9,14,452.5,167.9,128.96,2860.94,2860.94,39.07,3,1,3,1,1671.32,1
CUST-5635,69,Male,Rural,18,One-Year,2025-03-03,69.4,6,16,136.9,104.6,101.25,1778.58,1778.58,19.26,6,0,3,1,1458.0,1
CUST-5636,55,Male,Rural,20,Month-to-Month,2025-01-01,75.9,8,20,339.8,25.7,125.1,2625.2,2625.2,92.1,1,1,3,0,1621.3,1
CUST-5637,41,Male,Urban,2,Month-to-Month,2026-07-03,70.3,8,23,243.6,28.2,72.83,146.95,146.95,7.83,1,1,4,1,1258.5,0
CUST-5638,71,Male,Urban,15,One-Year,2025-06-02,96.3,8,11,466.5,47.4,111.67,1636.31,1636.31,2.43,1,0,4,0,2144.06,0
CUST-5639,64,Female,Urban,47,One-Year,2022-10-04,118.0,11,17,851.0,6.8,74.94,3472.08,3472.08,26.69,2,1,2,1,647.48,0
CUST-5640,48,Male,Urban,16,Month-to-Month,2025-05-03,98.8,8,27,371.2,76.2,97.29,1621.42,1621.42,87.37,2,0,3,1,1400.98,1
CUST-5641,58,Male,Rural,42,Month-to-Month,2023-03-05,74.9,4,20,335.0,61.1,47.24,1925.19,1925.19,7.96,0,0,3,0,680.26,0
CUST-5642,63,Male,Suburban,16,Month-to-Month,2025-05-03,103.9,4,17,472.6,24.9,124.36,1930.82,1930.82,63.03,2,1,3,1,1611.71,1
CUST-5643,67,Male,Urban,19,Two-Year,2025-02-01,107.5,11,17,802.9,66.1,71.7,1371.91,1371.91,14.51,1,0,4,1,1376.64,0
CUST-5644,43,Female,Urban,28,Month-to-Month,2024-05-03,95.8,2,14,250.0,6.7,60.65,1669.69,1669.69,3.65,2,1,3,0,786.02,1
CUST-5645,66,Female,Urban,72,One-Year,2020-09-04,116.5,4,17,457.8,197.4,64.83,4576.36,4576.36,31.19,0,0,4,0,1244.74,0
CUST-5646,67,Male,Suburban,4,Month-to-Month,2026-05-03,14.6,5,20,899.2,4.5,83.91,332.63,332.63,25.83,2,0,3,0,1208.3,1
CUST-5647,22,Female,Suburban,2,Month-to-Month,2026-07-03,85.8,7,16,326.1,25.9,76.95,159.0,159.0,63.79,3,1,2,0,664.85,1
CUST-5648,37,Female,Rural,31,Two-Year,2024-02-02,94.2,7,12,357.5,229.1,70.74,2267.72,2267.72,3.8,3,0,4,1,1358.21,0
CUST-5649,69,Male,Rural,72,Month-to-Month,2020-09-04,40.6,6,22,617.3,33.0,116.38,8518.35,8518.35,36.27,2,0,4,0,2234.5,0
CUST-5650,58,Female,Urban,72,Month-to-Month,2020-09-04,91.6,8,24,774.7,140.9,53.78,3902.09,3902.09,33.9,0,3,2,0,361.4,0
CUST-5651,28,Female,Urban,22,Month-to-Month,2024-11-02,112.4,4,16,799.1,10.6,43.27,905.83,905.83,184.96,4,0,3,0,623.09,0
CUST-5652,71,Female,Urban,21,Month-to-Month,2024-12-02,78.3,8,15,423.3,4.5,78.65,1662.4,1662.4,13.92,1,0,3,1,1132.56,1
CUST-5653,50,Female,Urban,34,One-Year,2023-11-03,104.7,6,18,280.3,7.4,67.26,2390.68,2390.68,1.6,3,3,1,0,225.99,1
CUST-5654,67,Male,Rural,27,Month-to-Month,2024-06-03,115.7,8,14,337.7,232.5,91.56,2555.51,2555.51,18.54,7,0,2,1,878.98,1
CUST-5655,55,Female,Suburban,34,One-Year,2023-11-03,125.3,2,18,253.2,6.0,90.76,2976.11,2976.11,21.86,3,0,3,1,1306.94,0
CUST-5656,44,Female,Suburban,69,Month-to-Month,2020-12-04,119.9,9,13,463.9,68.6,95.58,6907.61,6907.61,16.11,2,2,1,1,367.03,1
CUST-5657,51,Male,Urban,46,Two-Year,2022-11-03,126.0,9,22,569.9,37.8,80.39,3593.15,3593.15,34.84,1,2,2,1,617.4,0
CUST-5658,32,Female,Urban,23,One-Year,2024-10-02,70.0,8,21,485.3,128.2,133.49,2954.77,2954.77,10.82,2,1,3,1,1730.03,0
CUST-5659,49,Male,Urban,21,Two-Year,2024-12-02,73.3,5,22,361.4,22.7,85.69,1761.51,1761.51,7.08,1,0,4,0,1645.25,0
CUST-5660,38,Female,Urban,34,Two-Year,2023-11-03,10.8,3,13,620.3,2.0,137.86,4519.04,4519.04,21.1,1,1,3,0,1786.67,0
CUST-5661,63,Female,Suburban,20,Month-to-Month,2025-01-01,53.0,4,14,546.1,89.7,130.67,2541.45,2541.45,45.43,0,1,4,0,2257.98,0
CUST-5662,22,Male,Urban,21,Month-to-Month,2024-12-02,121.6,4,22,536.9,57.8,45.91,945.68,945.68,77.73,1,0,3,0,661.1,0
CUST-5663,23,Male,Suburban,1,One-Year,2026-08-02,66.9,4,18,594.1,37.1,62.06,62.62,62.62,38.14,3,2,3,1,714.93,1
CUST-5664,55,Female,Suburban,7,Month-to-Month,2026-02-01,96.9,1,20,507.7,25.4,90.43,640.21,640.21,16.58,2,0,3,0,1302.19,1
CUST-5665,39,Male,Urban,23,Month-to-Month,2024-10-02,92.2,6,20,429.3,149.3,101.32,2338.39,2338.39,48.05,1,2,3,0,1167.21,1
CUST-5666,35,Male,Suburban,57,Month-to-Month,2021-12-04,122.2,10,16,231.4,8.4,31.67,1768.76,1768.76,7.33,6,0,2,1,304.03,1
CUST-5667,31,Male,Urban,11,Month-to-Month,2025-10-02,24.4,2,18,395.6,9.9,87.22,1002.92,1002.92,48.8,2,0,4,0,1674.62,1
CUST-5668,27,Male,Suburban,25,One-Year,2024-08-02,95.6,3,22,310.6,2.0,94.92,2324.78,2324.78,22.95,1,0,3,0,1366.85,0
CUST-5669,63,Male,Suburban,14,Month-to-Month,2025-07-03,95.1,3,21,767.2,4.9,79.02,1095.33,1095.33,11.05,2,1,3,1,1024.1,0
CUST-5670,30,Male,Rural,4,Month-to-Month,2026-05-03,59.3,6,19,749.1,126.5,143.59,569.9,569.9,41.25,1,0,4,0,2756.93,1
CUST-5671,48,Male,Urban,72,One-Year,2020-09-04,113.8,7,22,708.4,102.6,104.4,7157.83,7157.83,18.85,1,0,3,0,1503.36,0
CUST-5672,47,Female,Urban,64,Month-to-Month,2021-05-05,43.0,5,20,377.4,7.0,116.5,7402.9,7402.9,33.87,2,1,4,0,2013.12,0
CUST-5673,20,Female,Urban,3,Two-Year,2026-06-02,116.9,8,18,428.2,98.4,107.24,316.52,316.52,38.14,3,0,2,1,1029.5,1
CUST-5674,47,Male,Urban,42,Month-to-Month,2023-03-05,20.3,7,15,334.5,66.6,139.56,5609.89,5609.89,17.48,1,1,2,0,1205.8,1
CUST-5675,23,Male,Suburban,15,One-Year,2025-06-02,57.9,6,18,234.1,31.9,54.41,841.54,841.54,149.35,1,1,3,1,705.15,0
CUST-5676,46,Female,Rural,72,Month-to-Month,2020-09-04,80.8,8,18,600.0,5.7,121.5,8933.21,8933.21,21.38,2,1,3,0,1574.64,1
CUST-5677,25,Male,Urban,12,Month-to-Month,2025-09-02,91.5,8,17,317.7,59.9,85.51,1003.9,1003.9,144.96,4,1,3,1,1108.21,1
CUST-5678,61,Male,Urban,9,Month-to-Month,2025-12-02,29.0,9,20,401.5,119.0,123.07,1081.11,1081.11,9.39,0,2,3,0,1417.77,1
CUST-5679,62,Male,Urban,28,Month-to-Month,2024-05-03,116.3,5,22,383.6,35.5,95.43,2780.18,2780.18,6.39,0,1,4,0,1649.03,0
CUST-5680,60,Female,Urban,60,Two-Year,2021-09-03,107.6,6,14,791.0,35.9,42.9,2493.98,2493.98,34.88,1,0,4,0,823.68,0
CUST-5681,61,Female,Urban,8,One-Year,2026-01-01,142.1,4,24,459.1,113.9,92.3,765.99,765.99,27.72,3,0,3,0,1329.12,0
CUST-5682,50,Female,Urban,41,Month-to-Month,2023-04-04,106.1,4,19,603.6,15.4,104.8,4115.39,4115.39,27.2,5,0,4,0,2012.16,1
CUST-5683,34,Female,Suburban,3,Month-to-Month,2026-06-02,62.9,6,21,386.4,12.3,130.16,403.74,403.74,185.64,2,0,3,0,1874.3,1
CUST-5684,65,Female,Urban,72,Month-to-Month,2020-09-04,52.9,10,27,328.0,77.3,61.72,4462.35,4462.35,0.04,2,1,4,0,1066.52,0
CUST-5685,28,Male,Urban,3,Month-to-Month,2026-06-02,72.4,6,24,522.4,69.5,76.26,235.09,235.09,21.15,3,1,2,0,658.89,1
CUST-5686,30,Female,Suburban,72,Month-to-Month,2020-09-04,150.4,4,21,637.0,158.1,90.18,6228.65,6228.65,12.83,0,1,4,0,1558.31,0
CUST-5687,67,Male,Urban,23,Two-Year,2024-10-02,86.4,6,13,356.8,26.4,89.27,2036.79,2036.79,19.55,1,0,4,0,1713.98,0
CUST-5688,28,Female,Suburban,20,Month-to-Month,2025-01-01,87.7,8,20,570.5,14.7,126.45,2516.44,2516.44,97.41,1,0,4,0,2427.84,1
CUST-5689,48,Female,Suburban,72,One-Year,2020-09-04,126.4,3,19,401.6,36.4,75.95,5476.77,5476.77,57.86,2,1,2,1,656.21,1
CUST-5690,45,Female,Suburban,72,One-Year,2020-09-04,50.1,7,22,145.8,31.5,46.6,3398.08,3398.08,7.88,0,1,3,1,603.94,0
CUST-5691,61,Male,Urban,35,Two-Year,2023-10-03,101.2,5,15,308.4,180.8,110.38,3820.57,3820.57,42.64,2,1,2,1,953.68,0
CUST-5692,23,Male,Urban,5,Month-to-Month,2026-04-02,100.5,7,17,444.8,162.3,53.67,266.94,266.94,30.33,1,2,2,0,412.19,1
CUST-5693,58,Female,Suburban,24,One-Year,2024-09-02,113.7,7,14,493.6,36.3,70.06,1659.63,1659.63,18.35,4,2,2,1,538.06,1
CUST-5694,33,Female,Suburban,25,Two-Year,2024-08-02,110.6,11,23,560.8,34.6,89.32,2277.36,2277.36,14.65,3,0,3,0,1286.21,0
CUST-5695,21,Female,Urban,24,Month-to-Month,2024-09-02,83.2,3,22,718.6,38.3,90.27,2254.96,2254.96,31.93,1,1,3,0,1169.9,1
CUST-5696,52,Male,Urban,28,Month-to-Month,2024-05-03,43.5,2,22,450.3,85.3,132.04,3554.53,3554.53,22.16,1,1,4,1,2281.65,0
CUST-5697,65,Female,Urban,1,Two-Year,2026-08-02,68.1,6,18,190.6,51.9,124.92,122.27,122.27,27.93,2,0,4,1,2398.46,1
CUST-5698,43,Female,Urban,41,One-Year,2023-04-04,110.3,2,22,488.7,22.1,60.81,2423.34,2423.34,51.89,1,0,5,0,1459.44,0
CUST-5699,29,Female,Suburban,41,Month-to-Month,2023-04-04,140.6,7,17,371.6,95.2,73.9,3163.02,3163.02,119.41,2,1,3,0,957.74,0
CUST-5700,28,Female,Urban,5,One-Year,2026-04-02,48.3,8,23,259.9,152.2,160.72,811.19,811.19,18.52,2,0,4,0,3085.82,0
CUST-5701,54,Female,Urban,28,Month-to-Month,2024-05-03,46.3,4,20,459.5,82.2,82.35,2223.46,2223.46,19.46,3,2,1,1,316.22,1
CUST-5702,42,Female,Suburban,28,Month-to-Month,2024-05-03,37.8,8,23,574.4,14.1,43.54,1206.68,1206.68,64.29,2,1,2,0,376.19,0
CUST-5703,35,Female,Urban,38,Month-to-Month,2023-07-04,62.0,5,15,559.0,102.0,115.85,4390.72,4390.72,4.87,0,2,3,0,1334.59,0
CUST-5704,36,Female,Suburban,3,Month-to-Month,2026-06-02,113.4,8,11,293.0,292.9,96.93,294.37,294.37,56.48,2,0,3,0,1395.79,1
CUST-5705,40,Male,Suburban,33,One-Year,2023-12-03,124.5,4,14,664.7,75.1,105.66,3387.51,3387.51,17.37,1,0,3,1,1521.5,0
CUST-5706,55,Male,Urban,11,One-Year,2025-10-02,22.6,8,16,552.5,18.2,122.17,1344.14,1344.14,18.77,2,1,3,0,1583.32,1
CUST-5707,71,Female,Suburban,24,Two-Year,2024-09-02,48.8,8,16,744.3,2.0,45.27,1119.24,1119.24,12.31,0,0,5,0,1086.48,0
CUST-5708,35,Female,Suburban,49,Month-to-Month,2022-08-04,43.2,4,18,823.6,31.6,81.68,4066.35,4066.35,4.58,2,1,3,1,1058.57,1
CUST-5709,43,Female,Urban,41,One-Year,2023-04-04,59.0,8,22,560.2,41.3,75.23,2962.35,2962.35,47.87,0,2,3,2,866.65,0
CUST-5710,23,Male,Urban,5,Month-to-Month,2026-04-02,78.3,5,20,665.7,156.3,163.37,850.53,850.53,80.18,1,0,4,0,3136.7,0
CUST-5711,21,Male,Urban,30,Month-to-Month,2024-03-03,73.1,7,23,543.8,62.8,116.26,3431.49,3431.49,24.41,3,2,2,1,892.88,1
CUST-5712,61,Female,Rural,72,Two-Year,2020-09-04,100.4,3,14,172.1,21.5,37.7,2693.92,2693.92,7.45,0,1,3,0,488.59,0
CUST-5713,68,Female,Suburban,6,Month-to-Month,2026-03-03,27.2,5,23,27.9,76.5,62.76,383.8,383.8,12.99,1,2,2,0,482.0,1
CUST-5714,46,Male,Urban,63,Month-to-Month,2021-06-04,69.4,8,16,350.6,6.3,44.03,2763.15,2763.15,3.09,1,1,4,0,760.84,0
CUST-5715,51,Male,Suburban,40,Month-to-Month,2023-05-04,126.0,5,22,523.0,15.6,29.09,1173.84,1173.84,62.13,0,0,5,0,698.16,0
CUST-5716,34,Female,Urban,49,Month-to-Month,2022-08-04,127.1,6,14,181.3,88.7,74.63,3648.73,3648.73,25.74,3,2,2,0,573.16,1
CUST-5717,60,Male,Suburban,11,One-Year,2025-10-02,134.9,8,17,448.5,22.9,65.75,709.35,709.35,134.7,0,1,4,0,1136.16,0
CUST-5718,60,Female,Suburban,12,Two-Year,2025-09-02,96.8,4,23,596.5,2.1,52.33,624.25,624.25,51.8,3,0,3,2,753.55,0
CUST-5719,70,Male,Urban,72,One-Year,2020-09-04,65.3,10,22,166.4,44.6,95.3,6732.32,6732.32,45.33,0,1,3,0,1235.09,0
CUST-5720,33,Female,Suburban,15,Two-Year,2025-06-02,90.2,6,14,628.0,69.8,60.58,904.03,904.03,20.17,0,1,4,1,1046.82,0
CUST-5721,19,Female,Suburban,3,One-Year,2026-06-02,160.8,8,12,497.4,101.1,148.39,431.93,431.93,15.01,4,0,3,0,2136.82,0
CUST-5722,51,Female,Suburban,31,Two-Year,2024-02-02,69.1,7,27,448.2,23.7,112.8,3343.18,3343.18,11.3,2,0,4,2,2165.76,0
CUST-5723,25,Male,Urban,5,Month-to-Month,2026-04-02,140.0,1,18,222.6,35.9,44.35,226.16,226.16,156.36,0,0,4,1,851.52,0
CUST-5724,30,Female,Suburban,53,Two-Year,2022-04-04,11.9,6,19,573.6,52.9,63.85,3257.46,3257.46,9.18,1,1,3,0,827.5,0
CUST-5725,59,Male,Rural,34,Month-to-Month,2023-11-03,102.2,4,22,478.4,5.0,138.74,4869.19,4869.19,5.55,2,0,3,0,1997.86,1
CUST-5726,25,Male,Urban,69,Two-Year,2020-12-04,104.4,11,24,67.9,14.3,50.17,3414.62,3414.62,22.28,1,0,4,0,963.26,0
CUST-5727,47,Female,Urban,51,Month-to-Month,2022-06-04,96.2,7,17,489.4,30.0,42.94,2134.96,2134.96,25.54,2,1,3,0,556.5,1
CUST-5728,49,Female,Urban,4,One-Year,2026-05-03,98.2,5,20,277.8,20.2,54.75,217.02,217.02,6.84,2,1,3,1,709.56,0
CUST-5729,53,Female,Suburban,16,One-Year,2025-05-03,100.7,3,19,323.9,40.8,113.21,1747.89,1747.89,15.06,0,0,5,1,2717.04,0
CUST-5730,64,Male,Suburban,49,Two-Year,2022-08-04,102.1,6,22,468.2,68.4,94.81,4807.83,4807.83,12.11,4,0,2,0,910.18,0
CUST-5731,47,Male,Urban,18,One-Year,2025-03-03,75.1,10,6,531.7,50.4,40.33,701.75,701.75,47.35,3,1,3,1,522.68,1
CUST-5732,18,Male,Rural,72,Month-to-Month,2020-09-04,76.9,6,19,641.5,96.7,81.11,5836.31,5836.31,23.45,1,0,4,1,1557.31,0
CUST-5733,60,Female,Urban,44,One-Year,2023-01-03,44.2,9,23,296.5,64.0,44.56,1894.37,1894.37,52.57,2,0,4,1,855.55,0
CUST-5734,56,Female,Suburban,1,Month-to-Month,2026-08-02,107.0,6,15,456.1,22.4,61.79,58.98,58.98,3.38,0,1,4,1,1067.73,1
CUST-5735,34,Female,Urban,70,Month-to-Month,2020-11-03,124.1,7,22,115.5,8.3,45.91,3309.38,3309.38,13.3,1,2,2,1,352.59,0
CUST-5736,37,Female,Urban,4,Month-to-Month,2026-05-03,137.3,6,17,520.6,66.4,60.32,242.67,242.67,12.4,2,0,3,0,868.61,1
CUST-5737,41,Male,Urban,5,Month-to-Month,2026-04-02,60.4,0,20,378.6,15.5,116.81,559.41,559.41,21.46,2,1,3,0,1513.86,1
CUST-5738,67,Male,Urban,44,Month-to-Month,2023-01-03,33.3,7,20,545.1,24.9,118.84,5434.41,5434.41,18.05,1,2,3,0,1369.04,0
CUST-5739,39,Male,Suburban,66,Two-Year,2021-03-05,96.3,5,21,416.7,103.1,124.69,8141.13,8141.13,10.59,3,2,2,1,957.62,1
CUST-5740,46,Male,Suburban,26,Two-Year,2024-07-03,50.3,4,24,353.2,16.1,106.57,2750.34,2750.34,59.61,0,0,4,1,2046.14,0
CUST-5741,39,Male,Urban,12,Month-to-Month,2025-09-02,102.2,9,17,402.6,50.2,60.72,728.27,728.27,83.02,2,1,3,1,786.93,0
CUST-5742,61,Female,Urban,15,Month-to-Month,2025-06-02,18.8,8,18,54.6,6.5,76.66,1118.24,1118.24,52.22,2,1,3,1,993.51,1
CUST-5743,26,Male,Urban,14,Month-to-Month,2025-07-03,117.6,4,17,582.1,35.0,83.16,1170.15,1170.15,42.2,0,0,5,0,1995.84,0
CUST-5744,54,Female,Suburban,13,Month-to-Month,2025-08-02,89.6,8,21,595.0,255.2,124.79,1581.71,1581.71,31.11,3,0,2,0,1197.98,1
CUST-5745,27,Male,Suburban,10,Month-to-Month,2025-11-01,27.4,7,13,599.6,200.7,153.58,1587.41,1587.41,14.32,4,2,1,0,589.75,1
CUST-5746,53,Female,Urban,31,Month-to-Month,2024-02-02,94.1,4,17,430.7,190.4,155.76,4986.05,4986.05,87.74,0,0,4,0,2990.59,1
CUST-5747,54,Female,Suburban,72,One-Year,2020-09-04,87.8,4,14,655.5,58.8,58.66,4213.84,4213.84,36.61,1,0,4,0,1126.27,0
CUST-5748,45,Female,Urban,13,One-Year,2025-08-02,100.7,4,21,322.5,22.7,78.08,1018.27,1018.27,77.09,2,1,3,0,1011.92,0
CUST-5749,45,Male,Rural,7,Month-to-Month,2026-02-01,109.1,4,12,272.0,28.5,46.3,340.07,340.07,21.11,3,0,3,0,666.72,1
CUST-5750,59,Female,Rural,60,Month-to-Month,2021-09-03,12.5,4,16,578.5,15.0,101.79,6287.79,6287.79,18.59,1,1,3,0,1319.2,0
CUST-5751,60,Female,Suburban,45,One-Year,2022-12-03,70.9,5,19,350.2,6.7,91.79,3950.0,3950.0,2.8,0,0,4,0,1762.37,0
CUST-5752,38,Male,Rural,72,One-Year,2020-09-04,82.3,7,16,746.2,12.0,124.65,8680.97,8680.97,14.4,1,0,4,0,2393.28,0
CUST-5753,41,Male,Suburban,6,Month-to-Month,2026-03-03,76.1,7,20,661.8,40.9,90.81,550.1,550.1,17.06,2,2,2,1,697.42,1
CUST-5754,59,Male,Suburban,6,Month-to-Month,2026-03-03,74.5,5,20,457.7,2.0,115.13,681.92,681.92,23.86,1,2,3,1,1326.3,1
CUST-5755,57,Female,Suburban,26,Month-to-Month,2024-07-03,116.6,3,21,235.2,182.0,88.88,2381.12,2381.12,22.56,2,0,4,1,1706.5,0
CUST-5756,19,Female,Urban,32,Month-to-Month,2024-01-03,33.1,15,17,324.6,53.6,112.88,3663.11,3663.11,87.5,2,0,4,1,2167.3,1
CUST-5757,25,Female,Urban,22,Month-to-Month,2024-11-02,76.3,9,21,416.1,12.4,31.48,726.54,726.54,24.78,3,1,2,1,271.99,1
CUST-5758,65,Male,Urban,30,Month-to-Month,2024-03-03,78.6,7,14,926.5,35.0,47.68,1360.72,1360.72,65.32,1,0,3,0,686.59,0
CUST-5759,44,Male,Suburban,7,Month-to-Month,2026-02-01,81.7,7,19,493.3,30.7,81.0,563.51,563.51,4.81,1,0,4,0,1555.2,1
CUST-5760,39,Female,Urban,22,Month-to-Month,2024-11-02,55.7,11,14,577.3,117.3,144.58,3151.34,3151.34,29.71,2,4,1,0,416.39,1
CUST-5761,54,Male,Urban,36,One-Year,2023-09-03,149.3,5,20,299.9,8.3,128.04,4579.12,4579.12,27.02,2,2,2,0,983.35,1
CUST-5762,44,Female,Urban,19,Month-to-Month,2025-02-01,114.4,11,23,466.5,36.5,99.34,1960.17,1960.17,5.93,3,1,2,2,858.3,1
CUST-5763,46,Female,Urban,38,One-Year,2023-07-04,151.3,7,21,311.6,80.8,52.05,1959.31,1959.31,9.84,1,0,4,0,999.36,0
CUST-5764,20,Male,Suburban,20,Month-to-Month,2025-01-01,104.2,3,15,345.4,30.4,107.87,2221.33,2221.33,24.28,1,1,3,0,1398.0,1
CUST-5765,61,Female,Rural,14,Month-to-Month,2025-07-03,107.9,12,11,128.3,28.8,49.66,704.46,704.46,25.78,1,2,3,0,572.08,1
CUST-5766,30,Male,Suburban,12,Two-Year,2025-09-02,84.9,7,18,506.0,27.1,69.36,831.3,831.3,80.61,2,0,3,0,998.78,0
CUST-5767,62,Female,Suburban,18,One-Year,2025-03-03,131.9,5,17,579.7,93.3,75.13,1378.42,1378.42,6.29,1,1,3,0,973.68,0
CUST-5768,27,Male,Suburban,1,Month-to-Month,2026-08-02,102.0,4,13,183.5,8.3,127.95,124.48,124.48,12.72,4,0,3,0,1842.48,0
CUST-5769,53,Female,Urban,37,One-Year,2023-08-04,79.3,8,20,236.5,126.3,123.7,4413.18,4413.18,9.61,3,0,3,0,1781.28,0
CUST-5770,26,Male,Urban,62,One-Year,2021-07-05,140.4,9,18,188.3,4.8,33.89,2199.34,2199.34,53.41,1,1,4,0,585.62,0
CUST-5771,71,Male,Rural,15,Month-to-Month,2025-06-02,45.9,9,19,451.4,25.0,125.74,1865.64,1865.64,8.51,0,1,4,0,2172.79,0
CUST-5772,44,Female,Urban,2,Month-to-Month,2026-07-03,63.0,7,19,438.0,32.0,79.3,155.49,155.49,80.15,3,1,2,0,685.15,1
CUST-5773,51,Male,Urban,72,Two-Year,2020-09-04,169.3,5,16,604.5,32.5,116.67,8203.12,8203.12,93.35,5,0,2,0,1120.03,0
CUST-5774,68,Female,Suburban,11,Month-to-Month,2025-10-02,105.1,7,20,241.9,13.5,116.34,1295.39,1295.39,4.16,0,0,4,1,2233.73,0
CUST-5775,18,Male,Urban,5,Month-to-Month,2026-04-02,6.0,4,25,382.8,60.1,148.86,781.25,781.25,8.56,2,0,4,1,2858.11,1
CUST-5776,49,Female,Urban,16,Month-to-Month,2025-05-03,115.6,7,14,312.2,39.3,70.79,1177.37,1177.37,16.98,1,1,4,0,1223.25,0
CUST-5777,42,Male,Urban,45,One-Year,2022-12-03,54.3,9,10,567.2,54.5,132.58,5906.71,5906.71,70.63,1,0,4,1,2545.54,0
CUST-5778,46,Female,Urban,12,Two-Year,2025-09-02,67.8,5,20,446.6,62.0,67.29,839.4,839.4,4.55,4,1,2,1,581.39,0
CUST-5779,24,Male,Urban,29,Two-Year,2024-04-03,161.5,7,10,348.1,13.8,141.56,4087.63,4087.63,14.78,2,0,4,0,2717.95,0
CUST-5780,66,Male,Urban,18,One-Year,2025-03-03,134.7,4,10,306.2,164.4,96.84,1675.02,1675.02,42.29,1,0,4,0,1859.33,0
CUST-5781,20,Male,Suburban,5,Two-Year,2026-04-02,144.9,6,22,515.2,115.2,118.2,572.55,572.55,44.94,2,1,3,0,1531.87,0
CUST-5782,37,Female,Suburban,14,One-Year,2025-07-03,66.8,5,19,647.7,114.6,156.55,2135.37,2135.37,15.42,2,1,4,0,2705.18,0
CUST-5783,37,Male,Urban,43,One-Year,2023-02-02,76.3,7,15,510.7,49.3,55.44,2483.5,2483.5,115.56,0,1,4,0,958.0,0
CUST-5784,70,Female,Rural,32,Two-Year,2024-01-03,91.6,3,21,388.0,111.5,113.48,3805.3,3805.3,15.21,4,0,3,0,1634.11,1
CUST-5785,47,Female,Urban,5,Month-to-Month,2026-04-02,111.1,12,12,200.1,64.2,149.44,726.81,726.81,33.27,1,0,4,1,2869.25,1
CUST-5786,52,Male,Urban,6,One-Year,2026-03-03,74.7,8,18,681.0,38.9,139.39,828.23,828.23,33.44,1,0,3,0,2007.22,1
CUST-5787,52,Female,Urban,34,One-Year,2023-11-03,141.4,3,14,449.2,90.8,64.0,2280.78,2280.78,56.41,1,0,5,0,1536.0,0
CUST-5788,66,Male,Suburban,56,Two-Year,2022-01-03,99.7,5,23,581.4,59.5,45.29,2624.3,2624.3,15.45,3,2,2,1,347.83,0
CUST-5789,56,Male,Urban,15,Two-Year,2025-06-02,129.7,3,14,582.4,2.0,74.3,1108.13,1108.13,18.49,2,0,3,0,1069.92,0
CUST-5790,44,Female,Suburban,30,Two-Year,2024-03-03,61.6,3,14,632.1,377.7,169.43,5058.82,5058.82,18.96,1,1,3,1,2195.81,0
CUST-5791,43,Female,Suburban,7,Two-Year,2026-02-01,72.4,3,19,726.8,36.5,121.29,881.18,881.18,2.12,0,0,5,0,2910.96,0
CUST-5792,31,Female,Urban,13,Month-to-Month,2025-08-02,92.4,6,16,34.0,55.1,103.12,1277.47,1277.47,46.17,2,0,3,0,1484.93,1
CUST-5793,34,Male,Suburban,1,Month-to-Month,2026-08-02,71.2,12,16,478.4,33.8,100.79,105.13,105.13,51.23,1,1,3,2,1306.24,1
CUST-5794,35,Male,Rural,49,Month-to-Month,2022-08-04,116.4,6,19,661.4,6.9,39.91,1875.29,1875.29,60.14,0,0,4,0,766.27,0
CUST-5795,62,Male,Urban,17,Month-to-Month,2025-04-03,117.0,13,16,457.9,116.7,93.25,1648.89,1648.89,43.86,0,1,2,1,805.68,1
CUST-5796,69,Female,Urban,56,Month-to-Month,2022-01-03,77.8,9,22,498.8,74.6,102.45,5487.1,5487.1,31.42,3,3,2,0,688.46,1
CUST-5797,46,Female,Suburban,41,Month-to-Month,2023-04-04,104.7,4,21,457.1,114.6,120.81,5185.57,5185.57,29.07,1,3,1,0,405.92,1
CUST-5798,37,Female,Suburban,58,Month-to-Month,2021-11-03,146.3,6,25,416.8,43.0,42.0,2316.28,2316.28,36.12,2,1,3,0,544.32,0
CUST-5799,70,Male,Urban,12,Two-Year,2025-09-02,116.3,2,19,248.4,102.0,119.72,1503.43,1503.43,0.28,1,1,4,0,2068.76,0
CUST-5800,44,Male,Urban,7,Month-to-Month,2026-02-01,104.6,9,23,354.3,103.9,148.83,996.19,996.19,20.79,0,3,3,0,1500.21,1
CUST-5801,35,Male,Urban,72,Two-Year,2020-09-04,123.9,9,17,237.4,26.6,119.41,8275.25,8275.25,1.42,4,2,2,1,917.07,0
CUST-5802,21,Male,Urban,42,Two-Year,2023-03-05,135.4,6,22,550.0,2.0,97.05,4264.79,4264.79,23.46,1,0,4,0,1863.36,0
CUST-5803,18,Male,Urban,59,Month-to-Month,2021-10-04,130.5,9,25,539.3,127.7,55.33,3359.72,3359.72,5.64,2,0,4,0,1062.34,0
CUST-5804,67,Female,Rural,1,Month-to-Month,2026-08-02,82.8,4,14,439.5,13.3,118.34,122.36,122.36,0.33,6,0,3,1,1704.1,1
CUST-5805,18,Female,Suburban,15,One-Year,2025-06-02,112.1,4,20,24.1,132.0,121.04,1803.16,1803.16,45.89,5,1,1,2,522.89,1
CUST-5806,43,Female,Urban,45,One-Year,2022-12-03,76.1,5,14,385.4,62.6,97.49,4202.88,4202.88,42.67,1,1,4,0,1684.63,0
CUST-5807,62,Male,Suburban,3,Month-to-Month,2026-06-02,83.4,3,16,242.4,65.5,127.07,367.83,367.83,17.11,2,0,3,0,1829.81,1
CUST-5808,37,Male,Rural,28,Month-to-Month,2024-05-03,99.4,8,25,259.7,18.5,105.34,3074.49,3074.49,2.37,3,1,4,1,1820.28,0
CUST-5809,69,Female,Urban,19,Month-to-Month,2025-02-01,41.5,6,21,492.4,33.5,84.04,1578.31,1578.31,129.01,0,1,4,1,1452.21,0
CUST-5810,40,Male,Urban,1,Month-to-Month,2026-08-02,96.1,7,18,610.5,24.3,55.62,57.04,57.04,5.72,1,1,3,0,720.84,1
CUST-5811,27,Female,Urban,9,Month-to-Month,2025-12-02,64.3,7,13,690.8,13.7,85.06,780.1,780.1,23.45,1,0,3,0,1224.86,0
CUST-5812,28,Male,Suburban,12,Month-to-Month,2025-09-02,49.4,4,7,509.3,83.8,55.29,661.74,661.74,11.11,2,0,3,1,796.18,1
CUST-5813,58,Male,Urban,4,One-Year,2026-05-03,108.8,2,27,709.0,6.5,32.9,136.35,136.35,4.97,1,0,3,1,473.76,1
CUST-5814,58,Female,Rural,33,Two-Year,2023-12-03,77.2,6,13,215.4,46.6,58.9,1973.73,1973.73,25.17,1,0,3,1,848.16,0
CUST-5815,22,Male,Urban,10,One-Year,2025-11-01,91.6,8,17,293.9,49.9,74.7,764.91,764.91,7.63,1,1,3,1,968.11,0
CUST-5816,18,Female,Urban,11,Two-Year,2025-10-02,77.9,7,20,434.6,202.1,129.7,1474.76,1474.76,15.66,3,1,1,0,560.3,1
CUST-5817,34,Female,Urban,72,One-Year,2020-09-04,66.5,8,10,566.7,132.3,102.27,7159.21,7159.21,32.64,0,0,5,1,2454.48,0
CUST-5818,39,Male,Urban,21,One-Year,2024-12-02,88.5,4,14,538.4,44.0,116.14,2388.52,2388.52,17.12,1,2,3,2,1337.93,0
CUST-5819,51,Male,Suburban,17,Month-to-Month,2025-04-03,44.1,5,32,585.6,120.8,127.94,2230.55,2230.55,25.65,2,0,4,0,2456.45,0
CUST-5820,62,Female,Rural,43,Month-to-Month,2023-02-02,82.1,8,23,481.3,101.6,121.44,5393.83,5393.83,9.24,4,0,2,0,1165.82,1
CUST-5821,58,Female,Urban,72,Two-Year,2020-09-04,144.4,3,31,460.4,2.0,88.26,6416.76,6416.76,41.68,3,0,3,0,1270.94,0
CUST-5822,46,Male,Rural,1,Two-Year,2026-08-02,49.0,3,12,745.2,165.9,126.14,132.36,132.36,35.23,0,0,4,0,2421.89,0
CUST-5823,21,Female,Suburban,20,Month-to-Month,2025-01-01,127.8,4,21,532.9,75.7,148.76,3087.67,3087.67,41.33,0,0,4,1,2856.19,1
CUST-5824,22,Male,Urban,31,Month-to-Month,2024-02-02,147.6,7,24,476.5,72.4,117.03,3736.96,3736.96,14.53,2,1,3,0,1516.71,0
CUST-5825,28,Male,Suburban,13,One-Year,2025-08-02,61.4,2,19,461.8,81.2,122.57,1552.83,1552.83,98.75,3,1,2,3,1059.0,1
CUST-5826,68,Male,Urban,49,Month-to-Month,2022-08-04,94.8,7,15,313.1,16.5,60.97,2937.65,2937.65,34.24,1,0,3,0,877.97,0
CUST-5827,38,Male,Suburban,72,Month-to-Month,2020-09-04,46.0,8,17,583.2,2.0,80.27,5698.95,5698.95,4.76,1,1,3,0,1040.3,0
CUST-5828,52,Male,Urban,72,One-Year,2020-09-04,41.5,5,19,248.0,17.1,77.62,5361.1,5361.1,129.21,4,1,2,0,670.64,0
CUST-5829,29,Female,Suburban,11,Month-to-Month,2025-10-02,90.0,3,17,125.9,102.9,81.08,912.52,912.52,29.45,5,0,3,1,1167.55,1
CUST-5830,43,Male,Urban,9,One-Year,2025-12-02,97.3,7,21,766.2,59.1,86.72,773.63,773.63,41.95,2,1,3,0,1123.89,0
CUST-5831,68,Male,Suburban,72,Two-Year,2020-09-04,68.0,2,18,715.2,29.1,98.14,7151.58,7151.58,16.3,2,1,3,0,1271.89,0
CUST-5832,36,Male,Suburban,21,Month-to-Month,2024-12-02,51.1,4,18,530.4,18.0,99.48,2132.84,2132.84,20.44,0,0,5,0,2387.52,0
CUST-5833,62,Female,Urban,8,Month-to-Month,2026-01-01,61.5,11,14,514.4,104.6,137.23,1043.87,1043.87,46.15,2,1,3,0,1778.5,1
CUST-5834,24,Female,Urban,41,Month-to-Month,2023-04-04,111.7,9,15,405.9,39.8,106.45,4167.1,4167.1,70.18,1,0,4,0,2043.84,0
CUST-5835,64,Male,Urban,11,Month-to-Month,2025-10-02,111.9,8,16,370.3,61.5,134.2,1451.86,1451.86,113.07,1,0,3,0,1932.48,1
CUST-5836,24,Male,Suburban,11,One-Year,2025-10-02,104.3,5,16,121.3,2.0,100.81,1126.16,1126.16,161.14,2,1,2,0,871.0,1
CUST-5837,43,Male,Urban,70,Month-to-Month,2020-11-03,73.4,4,18,258.1,36.5,70.74,4941.03,4941.03,31.66,2,1,3,0,916.79,0
CUST-5838,57,Male,Suburban,6,Month-to-Month,2026-03-03,52.7,12,21,280.9,2.0,97.85,612.87,612.87,3.2,1,1,4,0,1690.85,0
CUST-5839,22,Male,Urban,3,Month-to-Month,2026-06-02,124.4,7,20,460.7,100.7,123.93,362.75,362.75,30.23,5,0,2,0,1189.73,1
CUST-5840,38,Male,Urban,11,Month-to-Month,2025-10-02,134.2,5,20,763.3,18.6,106.65,1126.68,1126.68,8.0,0,1,4,0,1842.91,1
CUST-5841,31,Male,Urban,31,Month-to-Month,2024-02-02,69.3,5,12,173.4,11.9,124.52,3711.26,3711.26,36.58,1,0,3,0,1793.09,0
CUST-5842,21,Female,Urban,5,One-Year,2026-04-02,80.2,4,18,559.5,169.6,154.58,751.65,751.65,14.31,2,1,3,0,2003.36,1
CUST-5843,40,Male,Suburban,21,Month-to-Month,2024-12-02,41.0,11,14,574.9,2.0,63.85,1305.48,1305.48,25.85,0,0,4,2,1225.92,0
CUST-5844,59,Female,Rural,33,Month-to-Month,2023-12-03,101.0,3,16,147.2,14.3,36.22,1180.79,1180.79,37.85,3,1,2,0,312.94,0
CUST-5845,37,Female,Urban,63,Month-to-Month,2021-06-04,147.3,5,21,189.2,17.9,103.17,6541.36,6541.36,83.63,3,1,2,0,891.39,1
CUST-5846,32,Female,Urban,9,Two-Year,2025-12-02,113.3,4,14,493.9,112.5,54.55,478.64,478.64,55.08,0,0,4,0,1047.36,0
CUST-5847,67,Male,Urban,56,Month-to-Month,2022-01-03,151.4,9,22,503.4,80.5,138.73,7780.82,7780.82,0.75,1,0,3,1,1997.71,0
CUST-5848,69,Male,Suburban,9,One-Year,2025-12-02,73.3,3,12,672.9,222.5,152.93,1373.32,1373.32,5.81,2,1,2,0,1321.32,0
CUST-5849,62,Male,Urban,38,One-Year,2023-07-04,45.8,5,20,534.1,77.2,118.63,4421.88,4421.88,71.07,2,0,4,0,2277.7,0
CUST-5850,46,Female,Suburban,19,One-Year,2025-02-01,130.1,7,27,234.5,17.5,134.14,2531.85,2531.85,47.58,1,2,3,0,1545.29,0
CUST-5851,25,Male,Rural,4,Month-to-Month,2026-05-03,90.2,5,23,451.6,11.9,128.81,509.23,509.23,5.6,1,2,3,0,1483.89,1
CUST-5852,58,Female,Urban,42,Two-Year,2023-03-05,58.2,9,21,320.3,91.5,144.87,6358.37,6358.37,31.11,0,1,3,0,1877.52,0
CUST-5853,65,Female,Suburban,9,One-Year,2025-12-02,141.2,8,21,78.7,150.3,132.11,1137.73,1137.73,31.0,1,0,4,0,2536.51,0
CUST-5854,36,Male,Urban,7,Two-Year,2026-02-01,66.8,3,20,579.9,157.7,91.03,654.22,654.22,52.2,2,1,3,0,1179.75,0
CUST-5855,65,Female,Urban,15,Month-to-Month,2025-06-02,51.4,4,14,555.5,95.8,44.87,660.22,660.22,58.76,3,0,3,0,646.13,1
CUST-5856,56,Male,Urban,35,One-Year,2023-10-03,103.0,5,23,420.5,102.8,47.5,1610.2,1610.2,39.23,0,1,3,2,615.6,0
CUST-5857,63,Male,Urban,9,One-Year,2025-12-02,45.9,6,13,754.7,70.6,126.8,1183.5,1183.5,43.72,0,1,3,1,1643.33,1
CUST-5858,45,Male,Urban,7,Month-to-Month,2026-02-01,115.7,7,20,224.0,86.5,59.99,418.65,418.65,38.45,4,0,3,0,863.86,0
CUST-5859,63,Male,Urban,1,Month-to-Month,2026-08-02,50.4,5,15,630.9,8.0,62.21,62.27,62.27,5.73,2,0,3,0,895.82,1
CUST-5860,44,Female,Urban,21,One-Year,2024-12-02,92.5,2,9,316.4,26.0,96.3,2005.27,2005.27,40.38,0,1,4,1,1664.06,0
CUST-5861,21,Male,Urban,19,Month-to-Month,2025-02-01,94.5,5,24,536.6,39.8,46.05,866.6,866.6,22.3,2,2,2,0,353.66,1
CUST-5862,32,Male,Suburban,9,One-Year,2025-12-02,92.9,10,26,623.2,71.0,148.96,1366.49,1366.49,133.27,0,1,3,0,1930.52,1
CUST-5863,52,Female,Rural,2,Month-to-Month,2026-07-03,46.4,5,19,297.5,35.1,124.24,254.93,254.93,43.19,1,0,5,0,2981.76,1
CUST-5864,54,Female,Urban,19,Month-to-Month,2025-02-01,79.2,4,17,340.0,30.6,96.82,1892.75,1892.75,16.4,4,0,3,1,1394.21,1
CUST-5865,18,Male,Urban,51,One-Year,2022-06-04,126.2,9,21,517.1,53.9,137.56,7033.24,7033.24,84.3,1,0,4,1,2641.15,0
CUST-5866,20,Female,Urban,42,Month-to-Month,2023-03-05,78.9,2,23,262.8,32.6,86.65,3712.81,3712.81,9.17,1,0,3,1,1247.76,0
CUST-5867,64,Female,Rural,65,Two-Year,2021-04-04,50.5,7,15,562.9,4.9,128.88,8609.75,8609.75,22.05,0,0,4,1,2474.5,0
CUST-5868,41,Male,Suburban,1,Two-Year,2026-08-02,71.6,4,18,463.8,226.7,153.99,156.81,156.81,2.3,0,0,5,1,3695.76,1
CUST-5869,44,Male,Urban,72,One-Year,2020-09-04,47.3,7,20,513.3,169.4,52.03,3631.4,3631.4,34.68,1,0,4,1,998.98,0
CUST-5870,57,Male,Urban,14,One-Year,2025-07-03,19.5,7,14,315.2,2.6,117.01,1672.83,1672.83,28.62,1,0,3,0,1684.94,0
CUST-5871,53,Female,Urban,72,Two-Year,2020-09-04,79.7,6,20,305.9,49.0,122.5,8950.67,8950.67,24.57,4,0,3,0,1764.0,0
CUST-5872,51,Female,Urban,10,Month-to-Month,2025-11-01,88.0,5,19,197.3,81.1,73.66,706.86,706.86,8.1,3,0,4,0,1414.27,1
CUST-5873,46,Female,Rural,21,Two-Year,2024-12-02,106.0,4,17,499.0,61.2,90.88,1936.38,1936.38,23.87,0,0,4,0,1744.9,0
CUST-5874,41,Female,Rural,15,Month-to-Month,2025-06-02,99.0,7,19,232.4,28.3,45.14,702.5,702.5,21.51,2,0,4,1,866.69,1
CUST-5875,41,Male,Urban,15,Month-to-Month,2025-06-02,103.4,3,15,391.9,105.7,117.51,1747.36,1747.36,0.77,1,0,4,0,2256.19,0
CUST-5876,59,Male,Urban,61,One-Year,2021-08-04,83.8,6,17,588.3,62.0,111.86,6573.42,6573.42,6.2,1,1,3,0,1449.71,0
CUST-5877,21,Male,Urban,46,One-Year,2022-11-03,148.8,2,22,786.0,17.7,140.53,6535.9,6535.9,81.26,1,0,3,0,2023.63,0
CUST-5878,20,Female,Urban,72,Month-to-Month,2020-09-04,59.8,7,19,511.0,61.4,117.33,8227.26,8227.26,54.45,3,1,2,0,1013.73,1
CUST-5879,51,Female,Rural,32,Month-to-Month,2024-01-03,75.5,6,18,466.8,20.9,79.58,2558.03,2558.03,4.47,2,1,3,0,1031.36,0
CUST-5880,66,Male,Urban,21,One-Year,2024-12-02,134.8,8,17,208.9,58.9,54.56,1165.15,1165.15,126.06,3,0,2,2,523.78,0
CUST-5881,40,Female,Urban,4,Month-to-Month,2026-05-03,73.3,10,13,364.7,93.9,129.68,519.25,519.25,21.91,0,0,4,0,2489.86,1
CUST-5882,70,Male,Urban,72,One-Year,2020-09-04,81.7,5,19,372.2,23.4,69.2,4887.03,4887.03,48.52,2,2,2,1,531.46,1
CUST-5883,69,Male,Suburban,27,One-Year,2024-06-03,97.1,7,19,521.5,21.6,136.77,3824.64,3824.64,27.31,2,0,4,0,2625.98,0
CUST-5884,40,Male,Suburban,40,Month-to-Month,2023-05-04,120.0,3,18,390.8,84.3,69.51,2679.17,2679.17,50.59,1,0,4,1,1334.59,0
CUST-5885,62,Male,Urban,18,Month-to-Month,2025-03-03,89.3,4,17,822.5,46.2,54.53,936.66,936.66,38.01,2,2,2,0,418.79,1
CUST-5886,22,Male,Urban,27,One-Year,2024-06-03,58.5,8,14,540.2,9.7,97.81,2727.69,2727.69,2.36,3,0,3,1,1408.46,0
CUST-5887,48,Male,Urban,72,Month-to-Month,2020-09-04,72.7,4,11,582.3,51.3,137.99,9472.46,9472.46,85.69,1,0,4,1,2649.41,0
CUST-5888,70,Male,Rural,6,Month-to-Month,2026-03-03,101.2,4,20,540.2,70.7,51.83,310.58,310.58,51.2,2,1,2,1,447.81,1
CUST-5889,58,Male,Urban,12,Month-to-Month,2025-09-02,76.1,8,15,271.2,43.9,36.34,437.73,437.73,8.77,1,0,4,0,697.73,0
CUST-5890,71,Female,Urban,6,Month-to-Month,2026-03-03,71.0,6,16,348.1,63.6,145.79,860.6,860.6,8.98,3,0,3,0,2099.38,1
CUST-5891,23,Male,Urban,52,Month-to-Month,2022-05-05,57.0,7,19,362.8,29.5,45.15,2295.18,2295.18,40.62,3,1,3,0,585.14,0
CUST-5892,54,Female,Suburban,3,Month-to-Month,2026-06-02,120.8,11,15,664.3,136.6,115.36,354.39,354.39,42.25,0,0,5,1,2768.64,0
CUST-5893,27,Male,Urban,3,One-Year,2026-06-02,81.4,8,14,630.7,17.8,50.57,149.68,149.68,3.19,2,0,3,2,728.21,0
CUST-5894,57,Male,Urban,12,One-Year,2025-09-02,81.5,9,17,507.5,21.5,47.5,548.55,548.55,82.4,2,1,2,1,410.4,1
CUST-5895,24,Male,Suburban,24,One-Year,2024-09-02,105.4,5,18,491.8,96.6,57.43,1373.25,1373.25,48.09,2,0,4,1,1102.66,0
CUST-5896,56,Male,Suburban,18,Month-to-Month,2025-03-03,44.1,5,11,571.3,3.9,107.23,1973.83,1973.83,144.81,0,1,2,1,926.47,1
CUST-5897,55,Female,Suburban,2,Month-to-Month,2026-07-03,86.3,3,16,180.4,284.2,154.99,304.03,304.03,19.84,3,0,3,0,2231.86,1
CUST-5898,38,Male,Rural,72,One-Year,2020-09-04,130.2,6,19,474.4,64.5,48.45,3360.06,3360.06,3.16,2,0,4,0,930.24,0
CUST-5899,37,Female,Urban,72,One-Year,2020-09-04,83.1,3,23,180.8,107.1,56.77,4022.49,4022.49,82.63,1,1,3,0,735.74,0
CUST-5900,20,Female,Urban,11,One-Year,2025-10-02,91.6,11,17,405.4,57.0,141.0,1558.05,1558.05,58.66,0,0,4,0,2707.2,0
CUST-5901,68,Female,Rural,44,One-Year,2023-01-03,90.9,5,19,612.5,100.3,107.77,4553.03,4553.03,0.01,3,0,3,0,1551.89,0
CUST-5902,39,Female,Urban,29,One-Year,2024-04-03,116.8,8,15,277.5,37.0,120.4,3398.91,3398.91,26.43,1,0,4,1,2311.68,0
CUST-5903,64,Female,Suburban,9,Month-to-Month,2025-12-02,91.0,6,21,687.5,55.9,42.65,401.92,401.92,0.26,1,0,4,1,818.88,0
CUST-5904,21,Male,Suburban,10,One-Year,2025-11-01,159.1,12,18,582.2,70.5,41.6,403.69,403.69,15.16,1,2,3,1,479.23,0
CUST-5905,45,Female,Urban,23,One-Year,2024-10-02,91.9,7,20,458.8,150.9,93.2,2050.03,2050.03,71.26,0,0,4,0,1789.44,0
CUST-5906,29,Male,Urban,18,Two-Year,2025-03-03,71.9,3,17,448.2,2.3,89.2,1594.71,1594.71,39.21,1,1,3,0,1156.03,1
CUST-5907,55,Male,Suburban,12,One-Year,2025-09-02,130.4,4,13,274.3,7.5,68.96,792.25,792.25,66.54,0,1,3,0,893.72,0
CUST-5908,68,Male,Suburban,55,One-Year,2022-02-02,78.7,2,17,242.5,76.3,118.48,6199.41,6199.41,28.51,2,0,3,0,1706.11,0
CUST-5909,53,Female,Suburban,22,Month-to-Month,2024-11-02,67.0,8,13,289.7,27.4,106.11,2221.32,2221.32,52.08,1,0,4,1,2037.31,0
CUST-5910,64,Female,Urban,35,Two-Year,2023-10-03,49.3,4,17,346.8,73.6,87.43,2997.76,2997.76,23.31,1,1,3,0,1133.09,0
CUST-5911,58,Male,Urban,7,Two-Year,2026-02-01,99.4,5,11,513.9,16.8,36.65,245.62,245.62,24.46,0,4,2,0,211.1,1
CUST-5912,22,Female,Urban,26,One-Year,2024-07-03,71.3,5,18,281.4,64.3,103.13,2599.03,2599.03,31.89,1,0,4,1,1980.1,0
CUST-5913,30,Male,Urban,13,One-Year,2025-08-02,61.7,4,23,378.4,42.3,59.16,780.48,780.48,5.3,1,1,2,1,511.14,0
CUST-5914,40,Male,Urban,25,Month-to-Month,2024-08-02,68.0,4,21,593.5,8.5,70.65,1728.87,1728.87,36.09,3,1,2,1,610.42,1
CUST-5915,67,Male,Rural,50,One-Year,2022-07-04,74.1,4,21,203.7,172.3,52.5,2644.82,2644.82,67.75,2,1,3,0,680.4,0
CUST-5916,47,Male,Suburban,49,One-Year,2022-08-04,110.0,5,22,211.4,102.1,100.25,4868.68,4868.68,6.08,1,3,2,0,673.68,0
CUST-5917,54,Male,Suburban,15,One-Year,2025-06-02,99.5,5,17,415.1,98.7,120.19,1872.21,1872.21,16.55,2,2,2,0,923.06,1
CUST-5918,42,Female,Urban,39,Month-to-Month,2023-06-04,80.7,4,22,464.6,77.6,103.05,4097.89,4097.89,88.53,3,3,1,0,346.25,1
CUST-5919,65,Female,Urban,72,One-Year,2020-09-04,101.8,1,13,449.6,2.0,111.73,8328.14,8328.14,13.06,3,0,2,1,1072.61,0
CUST-5920,44,Male,Rural,33,Month-to-Month,2023-12-03,81.8,3,19,670.4,45.7,146.78,4852.89,4852.89,72.84,1,0,4,0,2818.18,0
CUST-5921,68,Female,Urban,6,One-Year,2026-03-03,91.2,3,19,291.6,90.4,111.3,686.58,686.58,35.88,4,0,3,1,1602.72,0
CUST-5922,31,Female,Urban,38,Month-to-Month,2023-07-04,65.0,5,18,221.9,15.9,52.81,2029.97,2029.97,64.9,4,3,1,0,177.44,1
CUST-5923,65,Female,Urban,4,One-Year,2026-05-03,65.3,3,20,99.0,62.1,100.13,410.29,410.29,5.39,4,3,1,0,336.44,1
CUST-5924,64,Female,Rural,68,Month-to-Month,2021-01-03,89.5,7,12,400.3,172.4,79.04,5473.94,5473.94,54.13,3,0,3,1,1138.18,0
CUST-5925,71,Male,Rural,24,Month-to-Month,2024-09-02,89.6,5,24,513.0,90.9,76.6,1801.73,1801.73,1.06,0,2,3,1,882.43,0
CUST-5926,53,Female,Urban,16,One-Year,2025-05-03,115.3,8,15,522.0,51.6,73.22,1127.64,1127.64,17.56,2,1,3,2,948.93,1
CUST-5927,56,Female,Rural,2,Month-to-Month,2026-07-03,100.0,6,19,416.0,24.1,88.42,182.26,182.26,11.49,0,0,4,0,1697.66,1
CUST-5928,33,Male,Urban,16,One-Year,2025-05-03,70.2,7,14,381.7,65.8,95.1,1457.29,1457.29,35.87,4,1,2,0,821.66,1
CUST-5929,39,Male,Urban,72,Two-Year,2020-09-04,46.6,9,22,481.3,81.5,113.96,8291.41,8291.41,50.63,0,1,4,0,1969.23,0
CUST-5930,38,Female,Suburban,1,Two-Year,2026-08-02,111.5,8,12,487.6,66.0,85.24,89.41,89.41,14.81,0,1,5,1,1841.18,0
CUST-5931,71,Male,Rural,22,Month-to-Month,2024-11-02,95.0,7,23,271.4,91.5,60.31,1284.72,1284.72,63.51,4,0,3,0,868.46,1
CUST-5932,38,Female,Suburban,72,One-Year,2020-09-04,114.1,6,15,556.4,21.3,84.66,6243.94,6243.94,28.08,2,0,3,1,1219.1,0
CUST-5933,25,Male,Suburban,17,Month-to-Month,2025-04-03,98.8,8,17,558.6,46.1,123.51,2194.82,2194.82,48.94,7,1,1,0,533.56,1
CUST-5934,66,Female,Suburban,19,Two-Year,2025-02-01,139.1,5,12,166.2,51.7,113.58,2157.05,2157.05,45.2,2,0,3,1,1635.55,0
CUST-5935,33,Male,Suburban,29,One-Year,2024-04-03,78.5,9,19,361.8,6.1,39.18,1144.52,1144.52,5.21,1,0,4,0,752.26,0
CUST-5936,48,Female,Rural,21,Month-to-Month,2024-12-02,86.2,6,9,252.1,12.6,135.95,2817.17,2817.17,46.02,0,4,2,0,783.07,1
CUST-5937,59,Female,Suburban,7,Month-to-Month,2026-02-01,108.7,7,10,419.5,23.8,63.74,443.58,443.58,61.27,2,2,3,0,734.28,1
CUST-5938,27,Male,Rural,1,Month-to-Month,2026-08-02,110.9,5,18,327.8,3.2,92.92,94.13,94.13,1.25,2,1,3,1,1204.24,1
CUST-5939,49,Female,Rural,31,One-Year,2024-02-02,94.8,7,18,481.3,17.3,31.28,1005.7,1005.7,6.2,4,0,4,0,600.58,0
CUST-5940,51,Male,Urban,72,Month-to-Month,2020-09-04,37.3,9,25,242.9,48.0,136.79,10294.38,10294.38,25.72,4,0,3,1,1969.78,0
CUST-5941,26,Male,Suburban,4,One-Year,2026-05-03,32.0,4,24,520.6,50.7,111.22,446.8,446.8,2.12,2,0,4,0,2135.42,0
CUST-5942,34,Male,Urban,8,One-Year,2026-01-01,73.4,6,23,868.7,18.6,59.54,489.76,489.76,15.95,2,0,4,2,1143.17,0
CUST-5943,28,Female,Urban,16,Two-Year,2025-05-03,85.7,8,18,503.3,190.3,132.13,2164.07,2164.07,64.01,0,2,3,0,1522.14,1
CUST-5944,49,Male,Suburban,55,Two-Year,2022-02-02,29.0,5,23,677.7,40.9,64.78,3472.77,3472.77,3.73,2,0,4,2,1243.78,0
CUST-5945,27,Male,Urban,11,Month-to-Month,2025-10-02,84.1,4,20,412.9,65.9,64.76,709.64,709.64,5.28,1,0,4,0,1243.39,0
CUST-5946,39,Male,Urban,71,One-Year,2020-10-04,104.5,3,20,261.8,2.0,76.7,5545.64,5545.64,4.44,1,0,4,0,1472.64,0
CUST-5947,34,Female,Rural,2,One-Year,2026-07-03,83.2,9,22,381.7,33.1,98.97,190.59,190.59,27.55,2,2,2,0,760.09,1
CUST-5948,21,Female,Urban,72,Two-Year,2020-09-04,93.9,9,22,546.8,50.8,56.69,4238.4,4238.4,12.69,1,0,4,0,1088.45,0
CUST-5949,65,Male,Urban,28,Month-to-Month,2024-05-03,102.6,6,10,442.5,24.3,114.08,3163.11,3163.11,59.31,2,1,3,0,1478.48,0
CUST-5950,69,Male,Rural,36,Month-to-Month,2023-09-03,37.0,3,14,385.2,12.2,93.31,3343.54,3343.54,30.54,3,3,2,0,627.04,1
CUST-5951,64,Female,Urban,16,Month-to-Month,2025-05-03,104.6,8,21,580.4,14.6,28.05,465.39,465.39,38.8,2,0,2,0,269.28,1
CUST-5952,42,Male,Urban,51,Month-to-Month,2022-06-04,63.0,7,15,431.0,40.8,94.31,4652.17,4652.17,12.86,3,1,2,0,814.84,1
CUST-5953,38,Female,Urban,6,Month-to-Month,2026-03-03,77.9,8,18,157.6,4.8,74.12,424.06,424.06,23.69,4,0,3,0,1067.33,1
CUST-5954,54,Female,Urban,2,Month-to-Month,2026-07-03,65.2,9,22,555.0,17.4,104.58,204.68,204.68,16.21,1,4,2,0,602.38,1
CUST-5955,55,Female,Suburban,17,One-Year,2025-04-03,117.2,6,14,488.2,82.6,140.64,2307.25,2307.25,24.07,5,0,2,1,1350.14,1
CUST-5956,66,Male,Suburban,64,Month-to-Month,2021-05-05,49.8,6,14,649.9,15.7,57.56,3862.72,3862.72,40.8,4,1,3,0,745.98,0
CUST-5957,18,Female,Urban,47,One-Year,2022-10-04,126.4,4,14,517.4,8.1,103.69,4905.68,4905.68,20.98,2,2,3,1,1194.51,1
CUST-5958,42,Female,Suburban,24,Month-to-Month,2024-09-02,156.8,6,14,338.8,5.7,43.29,1045.66,1045.66,2.42,4,4,1,0,124.68,1
CUST-5959,68,Female,Urban,28,Two-Year,2024-05-03,38.5,9,17,504.7,291.6,78.58,2264.95,2264.95,16.22,2,0,3,2,1131.55,0
CUST-5960,53,Male,Urban,5,Two-Year,2026-04-02,67.4,6,15,425.4,5.9,133.05,649.19,649.19,76.79,2,4,1,0,383.18,1
CUST-5961,34,Male,Suburban,61,One-Year,2021-08-04,103.4,2,19,482.1,36.9,129.7,7929.64,7929.64,60.65,3,0,3,0,1867.68,0
CUST-5962,58,Male,Suburban,51,Two-Year,2022-06-04,55.2,6,17,637.7,46.5,89.64,4408.04,4408.04,62.62,1,2,4,0,1376.87,0
CUST-5963,41,Female,Suburban,36,Month-to-Month,2023-09-03,76.8,12,19,376.5,217.1,73.48,2537.75,2537.75,6.99,1,0,4,1,1410.82,1
CUST-5964,19,Female,Urban,21,One-Year,2024-12-02,90.3,1,15,397.1,144.1,76.9,1605.16,1605.16,2.89,2,1,3,0,996.62,0
CUST-5965,57,Male,Urban,72,Month-to-Month,2020-09-04,63.6,5,16,20.2,17.6,92.89,6964.23,6964.23,58.73,2,0,4,0,1783.49,0
CUST-5966,32,Male,Urban,70,Month-to-Month,2020-11-03,87.5,5,25,749.4,5.8,100.83,7016.51,7016.51,38.38,3,2,1,1,387.19,1
CUST-5967,49,Male,Urban,34,Month-to-Month,2023-11-03,113.5,9,15,447.6,37.4,110.04,3723.3,3723.3,24.84,2,0,3,2,1584.58,1
CUST-5968,56,Female,Suburban,16,One-Year,2025-05-03,82.7,3,19,338.6,6.9,112.04,1858.09,1858.09,40.67,3,2,2,0,860.47,1
CUST-5969,23,Female,Urban,32,Month-to-Month,2024-01-03,53.8,3,15,619.3,133.2,69.11,2164.2,2164.2,93.52,0,0,4,0,1326.91,0
CUST-5970,18,Male,Suburban,29,One-Year,2024-04-03,119.9,6,15,679.9,79.1,70.93,2054.89,2054.89,4.84,2,2,3,0,817.11,0
CUST-5971,64,Male,Urban,17,Month-to-Month,2025-04-03,126.7,5,15,173.8,187.1,54.52,895.74,895.74,6.5,0,1,3,0,706.58,0
CUST-5972,40,Male,Urban,13,Two-Year,2025-08-02,96.1,7,13,344.2,54.8,41.72,561.14,561.14,31.19,2,2,1,0,160.2,0
CUST-5973,56,Female,Urban,18,One-Year,2025-03-03,55.5,3,22,498.1,29.5,65.01,1116.02,1116.02,42.94,0,1,3,0,842.53,0
CUST-5974,34,Female,Urban,29,Month-to-Month,2024-04-03,58.7,3,6,249.0,45.1,53.14,1527.67,1527.67,36.11,2,0,3,0,765.22,1
CUST-5975,51,Female,Rural,19,Month-to-Month,2025-02-01,13.9,4,19,344.3,11.4,83.35,1548.27,1548.27,10.25,0,0,5,1,2000.4,0
CUST-5976,58,Male,Urban,11,Two-Year,2025-10-02,67.2,5,11,219.2,40.4,128.66,1380.91,1380.91,34.07,2,2,2,1,988.11,0
CUST-5977,46,Female,Urban,47,Month-to-Month,2022-10-04,117.0,11,20,455.5,432.3,172.99,7922.54,7922.54,28.75,3,1,1,1,747.32,1
CUST-5978,26,Male,Suburban,25,Month-to-Month,2024-08-02,64.5,4,23,271.3,76.2,123.21,3040.06,3040.06,0.86,0,1,3,1,1596.8,1
CUST-5979,30,Female,Suburban,3,One-Year,2026-06-02,56.3,6,19,891.1,4.2,94.66,295.38,295.38,34.08,3,1,3,0,1226.79,1
CUST-5980,23,Male,Urban,16,Month-to-Month,2025-05-03,115.7,5,11,758.1,84.1,118.16,1930.03,1930.03,21.0,1,3,1,1,397.02,1
CUST-5981,23,Female,Urban,71,Month-to-Month,2020-10-04,119.5,4,20,251.3,6.9,46.73,3447.04,3447.04,67.18,2,0,4,0,897.22,0
CUST-5982,37,Female,Suburban,47,Month-to-Month,2022-10-04,68.9,9,18,129.5,32.2,93.36,4254.72,4254.72,37.28,3,0,3,0,1344.38,0
CUST-5983,69,Female,Rural,13,Month-to-Month,2025-08-02,100.3,5,17,183.7,100.3,105.66,1421.54,1421.54,27.7,1,0,4,0,2028.67,1
CUST-5984,70,Female,Rural,72,Month-to-Month,2020-09-04,59.0,4,18,362.1,8.9,98.64,7052.26,7052.26,79.05,2,0,4,0,1893.89,1
CUST-5985,20,Male,Urban,3,Month-to-Month,2026-06-02,74.7,7,16,480.0,22.5,117.99,371.0,371.0,38.16,2,1,3,0,1529.15,1
CUST-5986,34,Male,Rural,72,Month-to-Month,2020-09-04,30.4,3,11,208.6,14.1,135.68,9860.45,9860.45,10.09,1,0,4,0,2605.06,0
CUST-5987,66,Female,Urban,10,Month-to-Month,2025-11-01,95.8,7,26,396.5,132.7,126.75,1265.9,1265.9,22.06,1,0,4,0,2433.6,0
CUST-5988,29,Male,Urban,1,Two-Year,2026-08-02,81.9,4,20,406.2,10.4,132.66,138.3,138.3,39.06,1,0,4,0,2547.07,0
CUST-5989,65,Male,Suburban,19,One-Year,2025-02-01,64.8,7,20,229.8,49.9,95.72,1797.1,1797.1,60.15,0,0,5,0,2297.28,0
CUST-5990,64,Male,Urban,15,One-Year,2025-06-02,82.2,2,10,698.3,20.9,61.41,944.06,944.06,11.66,3,0,3,0,884.3,0
CUST-5991,62,Female,Urban,26,Month-to-Month,2024-07-03,78.5,4,15,506.0,46.0,107.63,2790.93,2790.93,45.38,1,0,4,0,2066.5,0
CUST-5992,18,Male,Urban,53,Month-to-Month,2022-04-04,60.2,3,12,531.2,11.9,139.59,7571.1,7571.1,40.19,0,0,4,0,2680.13,0
CUST-5993,34,Male,Urban,61,One-Year,2021-08-04,97.0,7,25,886.1,92.1,120.43,7181.44,7181.44,5.57,4,0,3,0,1734.19,0
CUST-5994,20,Male,Suburban,17,One-Year,2025-04-03,76.1,5,18,252.4,67.0,146.48,2466.92,2466.92,5.81,2,3,2,0,984.35,1
CUST-5995,43,Male,Suburban,19,Month-to-Month,2025-02-01,81.0,5,17,615.6,2.9,28.01,523.96,523.96,24.38,0,3,1,1,100.0,1
CUST-5996,32,Female,Urban,6,Month-to-Month,2026-03-03,41.2,8,18,750.4,191.6,83.46,519.23,519.23,18.54,0,0,4,0,1602.43,0
CUST-5997,53,Female,Urban,2,Month-to-Month,2026-07-03,81.2,9,22,722.8,145.3,78.25,163.21,163.21,5.02,2,0,3,0,1126.8,1
CUST-5998,49,Female,Rural,34,Two-Year,2023-11-03,79.6,11,16,566.4,23.0,77.53,2698.1,2698.1,3.21,0,0,3,2,1116.43,0
CUST-5999,49,Male,Suburban,3,Month-to-Month,2026-06-02,60.2,8,18,133.2,22.4,31.91,98.81,98.81,79.77,3,0,3,0,459.5,1
